DateTime,Date,Hour,Month,Month_Name,Day_of_Week,Consumption_kWh,Voltage_V,Temperature_C,Zone,Cost_INR
2024-01-01 00:00:00,2024-01-01,0,1,January,Monday,0.5,224.6,13.3,Living Room,4.25
2024-01-01 01:00:00,2024-01-01,1,1,January,Monday,1.22,220.1,16.3,Living Room,10.37
2024-01-01 02:00:00,2024-01-01,2,1,January,Monday,1.14,232.4,18.4,Office,9.69
2024-01-01 03:00:00,2024-01-01,3,1,January,Monday,1.03,224.7,23.0,Kitchen,8.76
2024-01-01 04:00:00,2024-01-01,4,1,January,Monday,0.64,221.7,24.4,AC Unit,5.44
2024-01-01 05:00:00,2024-01-01,5,1,January,Monday,1.28,226.6,15.2,AC Unit,10.88
2024-01-01 06:00:00,2024-01-01,6,1,January,Monday,8.15,230.9,24.6,Factory Floor,69.28
2024-01-01 07:00:00,2024-01-01,7,1,January,Monday,5.53,233.1,23.3,AC Unit,47.01
2024-01-01 08:00:00,2024-01-01,8,1,January,Monday,7.44,219.1,13.4,AC Unit,63.24
2024-01-01 09:00:00,2024-01-01,9,1,January,Monday,8.81,238.8,15.7,Factory Floor,74.89
2024-01-01 10:00:00,2024-01-01,10,1,January,Monday,2.64,226.8,15.6,Kitchen,22.44
2024-01-01 11:00:00,2024-01-01,11,1,January,Monday,2.67,234.8,20.3,Living Room,22.7
2024-01-01 12:00:00,2024-01-01,12,1,January,Monday,2.61,222.1,20.9,Kitchen,22.18
2024-01-01 13:00:00,2024-01-01,13,1,January,Monday,2.46,224.5,23.9,Office,20.91
2024-01-01 14:00:00,2024-01-01,14,1,January,Monday,2.22,225.8,21.5,Living Room,18.87
2024-01-01 15:00:00,2024-01-01,15,1,January,Monday,2.23,218.8,14.7,AC Unit,18.95
2024-01-01 16:00:00,2024-01-01,16,1,January,Monday,2.07,239.9,18.5,AC Unit,17.59
2024-01-01 17:00:00,2024-01-01,17,1,January,Monday,2.21,230.0,23.3,Factory Floor,18.79
2024-01-01 18:00:00,2024-01-01,18,1,January,Monday,6.71,235.9,18.1,Office,57.03
2024-01-01 19:00:00,2024-01-01,19,1,January,Monday,8.3,226.7,25.0,Kitchen,70.55
2024-01-01 20:00:00,2024-01-01,20,1,January,Monday,8.13,219.1,11.6,Kitchen,69.11
2024-01-01 21:00:00,2024-01-01,21,1,January,Monday,9.59,219.5,15.7,Factory Floor,81.52
2024-01-01 22:00:00,2024-01-01,22,1,January,Monday,9.09,238.7,10.2,Living Room,77.27
2024-01-01 23:00:00,2024-01-01,23,1,January,Monday,2.68,230.9,14.0,AC Unit,22.78
2024-01-02 00:00:00,2024-01-02,0,1,January,Tuesday,1.32,228.9,24.3,AC Unit,11.22
2024-01-02 01:00:00,2024-01-02,1,1,January,Tuesday,0.79,230.2,11.6,AC Unit,6.71
2024-01-02 02:00:00,2024-01-02,2,1,January,Tuesday,0.67,222.8,15.6,Kitchen,5.7
2024-01-02 03:00:00,2024-01-02,3,1,January,Tuesday,1.24,230.7,10.0,AC Unit,10.54
2024-01-02 04:00:00,2024-01-02,4,1,January,Tuesday,0.62,226.7,24.8,AC Unit,5.27
2024-01-02 05:00:00,2024-01-02,5,1,January,Tuesday,1.0,231.6,11.2,Factory Floor,8.5
2024-01-02 06:00:00,2024-01-02,6,1,January,Tuesday,8.43,230.8,11.9,Factory Floor,71.66
2024-01-02 07:00:00,2024-01-02,7,1,January,Tuesday,8.01,230.7,19.1,Kitchen,68.08
2024-01-02 08:00:00,2024-01-02,8,1,January,Tuesday,8.54,234.6,20.7,Factory Floor,72.59
2024-01-02 09:00:00,2024-01-02,9,1,January,Tuesday,8.64,228.5,17.8,Living Room,73.44
2024-01-02 10:00:00,2024-01-02,10,1,January,Tuesday,2.25,219.5,10.3,Office,19.12
2024-01-02 11:00:00,2024-01-02,11,1,January,Tuesday,2.23,223.3,11.1,Living Room,18.95
2024-01-02 12:00:00,2024-01-02,12,1,January,Tuesday,2.23,239.7,22.9,Living Room,18.95
2024-01-02 13:00:00,2024-01-02,13,1,January,Tuesday,2.51,224.7,17.3,Office,21.33
2024-01-02 14:00:00,2024-01-02,14,1,January,Tuesday,2.13,240.5,18.6,Factory Floor,18.11
2024-01-02 15:00:00,2024-01-02,15,1,January,Tuesday,2.24,229.4,16.1,Living Room,19.04
2024-01-02 16:00:00,2024-01-02,16,1,January,Tuesday,2.1,228.3,16.4,Factory Floor,17.85
2024-01-02 17:00:00,2024-01-02,17,1,January,Tuesday,2.86,219.3,19.8,Living Room,24.31
2024-01-02 18:00:00,2024-01-02,18,1,January,Tuesday,6.97,237.2,11.6,Kitchen,59.24
2024-01-02 19:00:00,2024-01-02,19,1,January,Tuesday,7.21,228.1,14.2,Kitchen,61.28
2024-01-02 20:00:00,2024-01-02,20,1,January,Tuesday,9.57,237.4,22.8,Living Room,81.34
2024-01-02 21:00:00,2024-01-02,21,1,January,Tuesday,7.2,238.1,24.5,Kitchen,61.2
2024-01-02 22:00:00,2024-01-02,22,1,January,Tuesday,7.15,223.1,16.0,Living Room,60.78
2024-01-02 23:00:00,2024-01-02,23,1,January,Tuesday,2.16,218.1,15.9,Factory Floor,18.36
2024-01-03 00:00:00,2024-01-03,0,1,January,Wednesday,1.41,235.5,21.8,Factory Floor,11.98
2024-01-03 01:00:00,2024-01-03,1,1,January,Wednesday,1.14,241.2,18.7,Office,9.69
2024-01-03 02:00:00,2024-01-03,2,1,January,Wednesday,1.25,219.2,17.2,Office,10.62
2024-01-03 03:00:00,2024-01-03,3,1,January,Wednesday,1.8,219.9,12.8,Office,15.3
2024-01-03 04:00:00,2024-01-03,4,1,January,Wednesday,1.79,227.7,24.1,Office,15.21
2024-01-03 05:00:00,2024-01-03,5,1,January,Wednesday,1.35,232.9,16.3,Office,11.48
2024-01-03 06:00:00,2024-01-03,6,1,January,Wednesday,7.01,224.3,20.0,AC Unit,59.59
2024-01-03 07:00:00,2024-01-03,7,1,January,Wednesday,6.11,234.1,14.5,AC Unit,51.94
2024-01-03 08:00:00,2024-01-03,8,1,January,Wednesday,8.72,218.2,19.3,Office,74.12
2024-01-03 09:00:00,2024-01-03,9,1,January,Wednesday,8.06,223.1,14.0,AC Unit,68.51
2024-01-03 10:00:00,2024-01-03,10,1,January,Wednesday,2.88,239.1,15.5,Kitchen,24.48
2024-01-03 11:00:00,2024-01-03,11,1,January,Wednesday,2.44,231.0,14.5,Office,20.74
2024-01-03 12:00:00,2024-01-03,12,1,January,Wednesday,2.01,237.6,14.5,Living Room,17.08
2024-01-03 13:00:00,2024-01-03,13,1,January,Wednesday,2.94,221.2,11.7,Living Room,24.99
2024-01-03 14:00:00,2024-01-03,14,1,January,Wednesday,2.74,221.7,14.2,Kitchen,23.29
2024-01-03 15:00:00,2024-01-03,15,1,January,Wednesday,2.72,222.9,19.5,AC Unit,23.12
2024-01-03 16:00:00,2024-01-03,16,1,January,Wednesday,2.51,224.0,23.6,Living Room,21.33
2024-01-03 17:00:00,2024-01-03,17,1,January,Wednesday,2.09,228.2,14.2,Living Room,17.77
2024-01-03 18:00:00,2024-01-03,18,1,January,Wednesday,7.47,241.5,12.4,Factory Floor,63.49
2024-01-03 19:00:00,2024-01-03,19,1,January,Wednesday,8.63,218.2,11.1,Kitchen,73.36
2024-01-03 20:00:00,2024-01-03,20,1,January,Wednesday,9.02,232.0,12.2,Kitchen,76.67
2024-01-03 21:00:00,2024-01-03,21,1,January,Wednesday,6.53,240.4,24.6,Living Room,55.51
2024-01-03 22:00:00,2024-01-03,22,1,January,Wednesday,9.81,224.0,11.5,Office,83.39
2024-01-03 23:00:00,2024-01-03,23,1,January,Wednesday,2.88,227.8,19.3,Kitchen,24.48
2024-01-04 00:00:00,2024-01-04,0,1,January,Thursday,0.5,221.9,22.0,Kitchen,4.25
2024-01-04 01:00:00,2024-01-04,1,1,January,Thursday,0.5,235.7,15.0,Factory Floor,4.25
2024-01-04 02:00:00,2024-01-04,2,1,January,Thursday,1.06,237.5,14.0,Living Room,9.01
2024-01-04 03:00:00,2024-01-04,3,1,January,Thursday,0.66,229.3,13.0,Factory Floor,5.61
2024-01-04 04:00:00,2024-01-04,4,1,January,Thursday,1.47,238.9,13.3,Kitchen,12.49
2024-01-04 05:00:00,2024-01-04,5,1,January,Thursday,0.88,219.7,21.6,AC Unit,7.48
2024-01-04 06:00:00,2024-01-04,6,1,January,Thursday,7.32,241.5,18.0,Living Room,62.22
2024-01-04 07:00:00,2024-01-04,7,1,January,Thursday,6.32,222.3,24.4,AC Unit,53.72
2024-01-04 08:00:00,2024-01-04,8,1,January,Thursday,5.71,226.3,21.8,Factory Floor,48.53
2024-01-04 09:00:00,2024-01-04,9,1,January,Thursday,7.33,227.2,18.6,AC Unit,62.3
2024-01-04 10:00:00,2024-01-04,10,1,January,Thursday,2.04,228.5,17.8,Office,17.34
2024-01-04 11:00:00,2024-01-04,11,1,January,Thursday,2.69,240.6,21.1,Kitchen,22.86
2024-01-04 12:00:00,2024-01-04,12,1,January,Thursday,2.36,219.7,20.0,AC Unit,20.06
2024-01-04 13:00:00,2024-01-04,13,1,January,Thursday,2.62,233.9,11.9,AC Unit,22.27
2024-01-04 14:00:00,2024-01-04,14,1,January,Thursday,2.51,234.0,14.9,AC Unit,21.33
2024-01-04 15:00:00,2024-01-04,15,1,January,Thursday,2.55,222.6,20.0,Factory Floor,21.67
2024-01-04 16:00:00,2024-01-04,16,1,January,Thursday,2.68,239.7,19.2,AC Unit,22.78
2024-01-04 17:00:00,2024-01-04,17,1,January,Thursday,2.41,238.0,14.6,Kitchen,20.48
2024-01-04 18:00:00,2024-01-04,18,1,January,Thursday,8.3,233.7,17.0,Factory Floor,70.55
2024-01-04 19:00:00,2024-01-04,19,1,January,Thursday,9.21,237.0,24.4,Kitchen,78.29
2024-01-04 20:00:00,2024-01-04,20,1,January,Thursday,8.92,233.9,19.3,Living Room,75.82
2024-01-04 21:00:00,2024-01-04,21,1,January,Thursday,10.02,234.1,13.4,Kitchen,85.17
2024-01-04 22:00:00,2024-01-04,22,1,January,Thursday,6.64,241.6,19.2,Living Room,56.44
2024-01-04 23:00:00,2024-01-04,23,1,January,Thursday,2.46,239.3,18.6,Factory Floor,20.91
2024-01-05 00:00:00,2024-01-05,0,1,January,Friday,0.75,233.7,10.1,Living Room,6.38
2024-01-05 01:00:00,2024-01-05,1,1,January,Friday,0.5,237.3,20.4,Factory Floor,4.25
2024-01-05 02:00:00,2024-01-05,2,1,January,Friday,1.2,238.4,16.8,Factory Floor,10.2
2024-01-05 03:00:00,2024-01-05,3,1,January,Friday,1.32,232.3,24.3,Factory Floor,11.22
2024-01-05 04:00:00,2024-01-05,4,1,January,Friday,1.11,230.1,22.5,Office,9.44
2024-01-05 05:00:00,2024-01-05,5,1,January,Friday,0.71,238.7,16.8,Kitchen,6.04
2024-01-05 06:00:00,2024-01-05,6,1,January,Friday,7.8,236.7,17.3,Kitchen,66.3
2024-01-05 07:00:00,2024-01-05,7,1,January,Friday,5.9,224.9,14.1,AC Unit,50.15
2024-01-05 08:00:00,2024-01-05,8,1,January,Friday,7.76,221.6,15.7,Kitchen,65.96
2024-01-05 09:00:00,2024-01-05,9,1,January,Friday,7.18,227.8,18.1,Factory Floor,61.03
2024-01-05 10:00:00,2024-01-05,10,1,January,Friday,2.06,238.0,15.8,Office,17.51
2024-01-05 11:00:00,2024-01-05,11,1,January,Friday,2.95,218.5,23.2,Office,25.08
2024-01-05 12:00:00,2024-01-05,12,1,January,Friday,2.38,218.1,15.3,Factory Floor,20.23
2024-01-05 13:00:00,2024-01-05,13,1,January,Friday,2.85,240.9,16.3,Office,24.23
2024-01-05 14:00:00,2024-01-05,14,1,January,Friday,2.8,239.5,17.3,AC Unit,23.8
2024-01-05 15:00:00,2024-01-05,15,1,January,Friday,2.44,218.7,15.0,Factory Floor,20.74
2024-01-05 16:00:00,2024-01-05,16,1,January,Friday,2.72,238.2,23.8,Office,23.12
2024-01-05 17:00:00,2024-01-05,17,1,January,Friday,2.53,239.8,18.9,Living Room,21.5
2024-01-05 18:00:00,2024-01-05,18,1,January,Friday,6.76,238.8,12.7,AC Unit,57.46
2024-01-05 19:00:00,2024-01-05,19,1,January,Friday,7.73,225.8,21.4,Factory Floor,65.7
2024-01-05 20:00:00,2024-01-05,20,1,January,Friday,8.06,228.1,22.5,Factory Floor,68.51
2024-01-05 21:00:00,2024-01-05,21,1,January,Friday,6.62,242.0,15.2,Living Room,56.27
2024-01-05 22:00:00,2024-01-05,22,1,January,Friday,9.78,236.1,24.2,Kitchen,83.13
2024-01-05 23:00:00,2024-01-05,23,1,January,Friday,2.84,232.9,13.6,Factory Floor,24.14
2024-01-06 00:00:00,2024-01-06,0,1,January,Saturday,0.89,223.2,20.5,AC Unit,7.57
2024-01-06 01:00:00,2024-01-06,1,1,January,Saturday,1.44,236.0,11.7,Kitchen,12.24
2024-01-06 02:00:00,2024-01-06,2,1,January,Saturday,0.5,218.6,14.7,Factory Floor,4.25
2024-01-06 03:00:00,2024-01-06,3,1,January,Saturday,1.32,219.8,20.4,Kitchen,11.22
2024-01-06 04:00:00,2024-01-06,4,1,January,Saturday,1.67,238.4,19.0,Living Room,14.2
2024-01-06 05:00:00,2024-01-06,5,1,January,Saturday,0.77,219.0,18.0,AC Unit,6.54
2024-01-06 06:00:00,2024-01-06,6,1,January,Saturday,5.85,218.3,16.3,Factory Floor,49.72
2024-01-06 07:00:00,2024-01-06,7,1,January,Saturday,6.28,233.3,22.4,Kitchen,53.38
2024-01-06 08:00:00,2024-01-06,8,1,January,Saturday,7.04,241.2,14.1,Office,59.84
2024-01-06 09:00:00,2024-01-06,9,1,January,Saturday,7.79,237.8,18.9,AC Unit,66.22
2024-01-06 10:00:00,2024-01-06,10,1,January,Saturday,2.85,237.9,11.3,Factory Floor,24.23
2024-01-06 11:00:00,2024-01-06,11,1,January,Saturday,2.24,229.2,19.2,Factory Floor,19.04
2024-01-06 12:00:00,2024-01-06,12,1,January,Saturday,2.34,229.9,14.9,Factory Floor,19.89
2024-01-06 13:00:00,2024-01-06,13,1,January,Saturday,2.21,237.1,15.1,Office,18.79
2024-01-06 14:00:00,2024-01-06,14,1,January,Saturday,2.7,224.6,10.2,Kitchen,22.95
2024-01-06 15:00:00,2024-01-06,15,1,January,Saturday,2.09,235.3,17.3,Kitchen,17.77
2024-01-06 16:00:00,2024-01-06,16,1,January,Saturday,2.69,233.5,17.4,Living Room,22.86
2024-01-06 17:00:00,2024-01-06,17,1,January,Saturday,2.09,223.3,20.4,AC Unit,17.77
2024-01-06 18:00:00,2024-01-06,18,1,January,Saturday,9.02,231.3,15.2,Office,76.67
2024-01-06 19:00:00,2024-01-06,19,1,January,Saturday,8.03,224.5,13.8,Living Room,68.25
2024-01-06 20:00:00,2024-01-06,20,1,January,Saturday,9.2,235.8,24.3,Kitchen,78.2
2024-01-06 21:00:00,2024-01-06,21,1,January,Saturday,7.5,224.6,18.8,Office,63.75
2024-01-06 22:00:00,2024-01-06,22,1,January,Saturday,9.37,238.0,14.4,AC Unit,79.64
2024-01-06 23:00:00,2024-01-06,23,1,January,Saturday,2.18,218.3,18.0,AC Unit,18.53
2024-01-07 00:00:00,2024-01-07,0,1,January,Sunday,1.01,225.0,24.2,Factory Floor,8.59
2024-01-07 01:00:00,2024-01-07,1,1,January,Sunday,0.91,224.8,17.2,AC Unit,7.74
2024-01-07 02:00:00,2024-01-07,2,1,January,Sunday,0.87,240.6,17.2,Living Room,7.39
2024-01-07 03:00:00,2024-01-07,3,1,January,Sunday,0.67,233.1,10.8,Kitchen,5.7
2024-01-07 04:00:00,2024-01-07,4,1,January,Sunday,1.14,220.0,13.7,Office,9.69
2024-01-07 05:00:00,2024-01-07,5,1,January,Sunday,0.84,237.0,13.4,Office,7.14
2024-01-07 06:00:00,2024-01-07,6,1,January,Sunday,7.05,225.1,18.8,Factory Floor,59.92
2024-01-07 07:00:00,2024-01-07,7,1,January,Sunday,6.54,232.6,21.1,Kitchen,55.59
2024-01-07 08:00:00,2024-01-07,8,1,January,Sunday,7.14,219.9,13.6,Office,60.69
2024-01-07 09:00:00,2024-01-07,9,1,January,Sunday,5.23,228.8,18.9,AC Unit,44.46
2024-01-07 10:00:00,2024-01-07,10,1,January,Sunday,2.03,224.9,14.2,Factory Floor,17.25
2024-01-07 11:00:00,2024-01-07,11,1,January,Sunday,2.07,223.6,14.0,Office,17.59
2024-01-07 12:00:00,2024-01-07,12,1,January,Sunday,2.66,240.4,16.4,Office,22.61
2024-01-07 13:00:00,2024-01-07,13,1,January,Sunday,2.22,221.6,14.0,Kitchen,18.87
2024-01-07 14:00:00,2024-01-07,14,1,January,Sunday,2.07,222.0,14.6,Office,17.59
2024-01-07 15:00:00,2024-01-07,15,1,January,Sunday,2.92,228.5,17.0,AC Unit,24.82
2024-01-07 16:00:00,2024-01-07,16,1,January,Sunday,2.7,240.6,17.5,Factory Floor,22.95
2024-01-07 17:00:00,2024-01-07,17,1,January,Sunday,2.44,232.4,23.3,AC Unit,20.74
2024-01-07 18:00:00,2024-01-07,18,1,January,Sunday,8.44,223.5,20.1,Office,71.74
2024-01-07 19:00:00,2024-01-07,19,1,January,Sunday,8.37,236.4,22.3,Office,71.14
2024-01-07 20:00:00,2024-01-07,20,1,January,Sunday,6.92,229.3,19.8,AC Unit,58.82
2024-01-07 21:00:00,2024-01-07,21,1,January,Sunday,7.31,233.2,17.4,Living Room,62.13
2024-01-07 22:00:00,2024-01-07,22,1,January,Sunday,8.29,225.7,11.6,Kitchen,70.46
2024-01-07 23:00:00,2024-01-07,23,1,January,Sunday,2.33,234.6,14.3,Factory Floor,19.8
2024-01-08 00:00:00,2024-01-08,0,1,January,Monday,0.74,228.9,14.7,AC Unit,6.29
2024-01-08 01:00:00,2024-01-08,1,1,January,Monday,1.66,238.8,22.4,Living Room,14.11
2024-01-08 02:00:00,2024-01-08,2,1,January,Monday,0.88,227.9,12.8,AC Unit,7.48
2024-01-08 03:00:00,2024-01-08,3,1,January,Monday,0.88,228.6,10.8,AC Unit,7.48
2024-01-08 04:00:00,2024-01-08,4,1,January,Monday,1.38,228.5,20.5,Living Room,11.73
2024-01-08 05:00:00,2024-01-08,5,1,January,Monday,1.6,237.2,20.6,AC Unit,13.6
2024-01-08 06:00:00,2024-01-08,6,1,January,Monday,7.2,220.2,24.9,Living Room,61.2
2024-01-08 07:00:00,2024-01-08,7,1,January,Monday,6.5,238.0,17.5,AC Unit,55.25
2024-01-08 08:00:00,2024-01-08,8,1,January,Monday,6.8,238.0,24.7,Kitchen,57.8
2024-01-08 09:00:00,2024-01-08,9,1,January,Monday,6.52,222.6,19.0,Kitchen,55.42
2024-01-08 10:00:00,2024-01-08,10,1,January,Monday,2.86,224.6,21.9,Factory Floor,24.31
2024-01-08 11:00:00,2024-01-08,11,1,January,Monday,2.34,236.9,14.0,Living Room,19.89
2024-01-08 12:00:00,2024-01-08,12,1,January,Monday,2.28,225.2,18.8,Factory Floor,19.38
2024-01-08 13:00:00,2024-01-08,13,1,January,Monday,2.87,228.7,17.3,AC Unit,24.39
2024-01-08 14:00:00,2024-01-08,14,1,January,Monday,2.55,231.0,16.8,AC Unit,21.67
2024-01-08 15:00:00,2024-01-08,15,1,January,Monday,2.87,241.5,13.6,Factory Floor,24.39
2024-01-08 16:00:00,2024-01-08,16,1,January,Monday,2.23,236.6,10.7,Factory Floor,18.95
2024-01-08 17:00:00,2024-01-08,17,1,January,Monday,2.71,237.5,15.8,Kitchen,23.04
2024-01-08 18:00:00,2024-01-08,18,1,January,Monday,8.02,230.1,18.9,Living Room,68.17
2024-01-08 19:00:00,2024-01-08,19,1,January,Monday,9.94,230.6,16.9,Kitchen,84.49
2024-01-08 20:00:00,2024-01-08,20,1,January,Monday,8.29,221.7,17.0,AC Unit,70.46
2024-01-08 21:00:00,2024-01-08,21,1,January,Monday,8.05,233.6,22.8,Office,68.43
2024-01-08 22:00:00,2024-01-08,22,1,January,Monday,7.84,235.2,21.4,Office,66.64
2024-01-08 23:00:00,2024-01-08,23,1,January,Monday,2.04,219.6,19.5,AC Unit,17.34
2024-01-09 00:00:00,2024-01-09,0,1,January,Tuesday,0.75,228.4,11.5,Living Room,6.38
2024-01-09 01:00:00,2024-01-09,1,1,January,Tuesday,1.25,239.7,10.7,Living Room,10.62
2024-01-09 02:00:00,2024-01-09,2,1,January,Tuesday,1.08,221.5,18.0,Office,9.18
2024-01-09 03:00:00,2024-01-09,3,1,January,Tuesday,0.5,222.2,19.1,Factory Floor,4.25
2024-01-09 04:00:00,2024-01-09,4,1,January,Tuesday,0.62,239.9,12.1,Factory Floor,5.27
2024-01-09 05:00:00,2024-01-09,5,1,January,Tuesday,0.82,234.0,23.5,Factory Floor,6.97
2024-01-09 06:00:00,2024-01-09,6,1,January,Tuesday,8.38,221.8,16.6,AC Unit,71.23
2024-01-09 07:00:00,2024-01-09,7,1,January,Tuesday,8.26,241.1,20.4,Factory Floor,70.21
2024-01-09 08:00:00,2024-01-09,8,1,January,Tuesday,7.74,227.2,17.2,Kitchen,65.79
2024-01-09 09:00:00,2024-01-09,9,1,January,Tuesday,6.5,225.1,20.5,Living Room,55.25
2024-01-09 10:00:00,2024-01-09,10,1,January,Tuesday,2.98,233.8,14.1,Office,25.33
2024-01-09 11:00:00,2024-01-09,11,1,January,Tuesday,2.87,236.7,24.6,Office,24.39
2024-01-09 12:00:00,2024-01-09,12,1,January,Tuesday,2.75,238.0,23.5,Kitchen,23.38
2024-01-09 13:00:00,2024-01-09,13,1,January,Tuesday,2.61,226.5,19.5,Office,22.18
2024-01-09 14:00:00,2024-01-09,14,1,January,Tuesday,2.25,236.1,21.5,Kitchen,19.12
2024-01-09 15:00:00,2024-01-09,15,1,January,Tuesday,2.63,239.7,19.7,AC Unit,22.36
2024-01-09 16:00:00,2024-01-09,16,1,January,Tuesday,2.79,218.8,15.5,Kitchen,23.71
2024-01-09 17:00:00,2024-01-09,17,1,January,Tuesday,2.09,225.1,21.2,Kitchen,17.77
2024-01-09 18:00:00,2024-01-09,18,1,January,Tuesday,7.59,239.0,15.5,Office,64.52
2024-01-09 19:00:00,2024-01-09,19,1,January,Tuesday,10.48,224.2,22.4,Factory Floor,89.08
2024-01-09 20:00:00,2024-01-09,20,1,January,Tuesday,10.16,238.9,22.1,Factory Floor,86.36
2024-01-09 21:00:00,2024-01-09,21,1,January,Tuesday,9.99,241.2,22.9,Factory Floor,84.92
2024-01-09 22:00:00,2024-01-09,22,1,January,Tuesday,10.67,226.8,21.9,Living Room,90.69
2024-01-09 23:00:00,2024-01-09,23,1,January,Tuesday,2.26,221.0,15.5,AC Unit,19.21
2024-01-10 00:00:00,2024-01-10,0,1,January,Wednesday,1.24,240.6,11.6,Kitchen,10.54
2024-01-10 01:00:00,2024-01-10,1,1,January,Wednesday,1.15,240.6,14.9,Office,9.77
2024-01-10 02:00:00,2024-01-10,2,1,January,Wednesday,0.84,237.8,23.6,AC Unit,7.14
2024-01-10 03:00:00,2024-01-10,3,1,January,Wednesday,0.5,219.1,10.6,Factory Floor,4.25
2024-01-10 04:00:00,2024-01-10,4,1,January,Wednesday,1.12,230.9,15.8,AC Unit,9.52
2024-01-10 05:00:00,2024-01-10,5,1,January,Wednesday,1.07,240.7,16.3,Kitchen,9.1
2024-01-10 06:00:00,2024-01-10,6,1,January,Wednesday,8.31,238.0,19.2,AC Unit,70.64
2024-01-10 07:00:00,2024-01-10,7,1,January,Wednesday,5.47,228.6,24.3,AC Unit,46.49
2024-01-10 08:00:00,2024-01-10,8,1,January,Wednesday,5.98,231.1,24.7,AC Unit,50.83
2024-01-10 09:00:00,2024-01-10,9,1,January,Wednesday,5.46,241.2,24.2,Factory Floor,46.41
2024-01-10 10:00:00,2024-01-10,10,1,January,Wednesday,2.09,223.1,19.6,Living Room,17.77
2024-01-10 11:00:00,2024-01-10,11,1,January,Wednesday,2.05,226.0,24.8,Office,17.42
2024-01-10 12:00:00,2024-01-10,12,1,January,Wednesday,2.21,237.9,18.3,Office,18.79
2024-01-10 13:00:00,2024-01-10,13,1,January,Wednesday,2.22,238.9,14.9,Kitchen,18.87
2024-01-10 14:00:00,2024-01-10,14,1,January,Wednesday,2.79,232.3,14.2,Kitchen,23.71
2024-01-10 15:00:00,2024-01-10,15,1,January,Wednesday,2.99,231.0,22.0,Living Room,25.42
2024-01-10 16:00:00,2024-01-10,16,1,January,Wednesday,2.66,218.6,10.2,Kitchen,22.61
2024-01-10 17:00:00,2024-01-10,17,1,January,Wednesday,2.59,218.4,14.0,Kitchen,22.02
2024-01-10 18:00:00,2024-01-10,18,1,January,Wednesday,9.49,235.9,17.1,AC Unit,80.67
2024-01-10 19:00:00,2024-01-10,19,1,January,Wednesday,8.16,230.1,24.2,Living Room,69.36
2024-01-10 20:00:00,2024-01-10,20,1,January,Wednesday,9.82,233.8,14.5,Living Room,83.47
2024-01-10 21:00:00,2024-01-10,21,1,January,Wednesday,6.72,227.6,20.3,Factory Floor,57.12
2024-01-10 22:00:00,2024-01-10,22,1,January,Wednesday,9.29,239.6,14.8,Kitchen,78.96
2024-01-10 23:00:00,2024-01-10,23,1,January,Wednesday,2.07,224.6,19.5,Office,17.59
2024-01-11 00:00:00,2024-01-11,0,1,January,Thursday,0.67,232.3,14.4,Office,5.7
2024-01-11 01:00:00,2024-01-11,1,1,January,Thursday,0.5,234.8,22.8,Office,4.25
2024-01-11 02:00:00,2024-01-11,2,1,January,Thursday,0.5,228.8,13.4,AC Unit,4.25
2024-01-11 03:00:00,2024-01-11,3,1,January,Thursday,0.57,235.5,14.7,AC Unit,4.84
2024-01-11 04:00:00,2024-01-11,4,1,January,Thursday,0.71,221.7,23.8,Living Room,6.04
2024-01-11 05:00:00,2024-01-11,5,1,January,Thursday,0.99,228.4,21.2,AC Unit,8.41
2024-01-11 06:00:00,2024-01-11,6,1,January,Thursday,7.99,232.1,18.4,AC Unit,67.92
2024-01-11 07:00:00,2024-01-11,7,1,January,Thursday,7.42,239.0,24.1,Factory Floor,63.07
2024-01-11 08:00:00,2024-01-11,8,1,January,Thursday,8.33,241.2,19.0,AC Unit,70.81
2024-01-11 09:00:00,2024-01-11,9,1,January,Thursday,5.82,221.7,17.2,Living Room,49.47
2024-01-11 10:00:00,2024-01-11,10,1,January,Thursday,2.35,231.4,11.7,AC Unit,19.98
2024-01-11 11:00:00,2024-01-11,11,1,January,Thursday,2.57,237.4,22.7,Office,21.84
2024-01-11 12:00:00,2024-01-11,12,1,January,Thursday,2.61,233.4,10.4,AC Unit,22.18
2024-01-11 13:00:00,2024-01-11,13,1,January,Thursday,2.03,224.6,21.4,AC Unit,17.25
2024-01-11 14:00:00,2024-01-11,14,1,January,Thursday,2.35,222.4,12.1,Factory Floor,19.98
2024-01-11 15:00:00,2024-01-11,15,1,January,Thursday,2.07,235.8,24.6,Living Room,17.59
2024-01-11 16:00:00,2024-01-11,16,1,January,Thursday,2.75,223.2,16.3,AC Unit,23.38
2024-01-11 17:00:00,2024-01-11,17,1,January,Thursday,2.16,225.5,14.9,Office,18.36
2024-01-11 18:00:00,2024-01-11,18,1,January,Thursday,9.27,221.7,21.3,Living Room,78.8
2024-01-11 19:00:00,2024-01-11,19,1,January,Thursday,8.97,233.9,17.3,Factory Floor,76.25
2024-01-11 20:00:00,2024-01-11,20,1,January,Thursday,7.87,230.3,15.2,Living Room,66.89
2024-01-11 21:00:00,2024-01-11,21,1,January,Thursday,7.81,229.7,20.0,Living Room,66.38
2024-01-11 22:00:00,2024-01-11,22,1,January,Thursday,7.87,219.3,13.1,Kitchen,66.89
2024-01-11 23:00:00,2024-01-11,23,1,January,Thursday,2.77,236.3,14.3,Living Room,23.55
2024-01-12 00:00:00,2024-01-12,0,1,January,Friday,1.74,222.2,15.7,Kitchen,14.79
2024-01-12 01:00:00,2024-01-12,1,1,January,Friday,1.33,237.3,11.1,Living Room,11.3
2024-01-12 02:00:00,2024-01-12,2,1,January,Friday,1.02,219.9,14.7,Factory Floor,8.67
2024-01-12 03:00:00,2024-01-12,3,1,January,Friday,1.14,228.0,11.7,Living Room,9.69
2024-01-12 04:00:00,2024-01-12,4,1,January,Friday,0.5,240.7,16.9,AC Unit,4.25
2024-01-12 05:00:00,2024-01-12,5,1,January,Friday,1.76,223.8,18.8,Office,14.96
2024-01-12 06:00:00,2024-01-12,6,1,January,Friday,6.11,235.9,13.3,Kitchen,51.94
2024-01-12 07:00:00,2024-01-12,7,1,January,Friday,5.86,230.7,12.9,AC Unit,49.81
2024-01-12 08:00:00,2024-01-12,8,1,January,Friday,7.01,233.5,12.2,Living Room,59.59
2024-01-12 09:00:00,2024-01-12,9,1,January,Friday,5.64,232.5,21.4,Living Room,47.94
2024-01-12 10:00:00,2024-01-12,10,1,January,Friday,2.18,236.5,17.4,Office,18.53
2024-01-12 11:00:00,2024-01-12,11,1,January,Friday,2.76,228.8,23.9,Office,23.46
2024-01-12 12:00:00,2024-01-12,12,1,January,Friday,2.64,241.7,14.8,AC Unit,22.44
2024-01-12 13:00:00,2024-01-12,13,1,January,Friday,2.15,219.6,16.6,AC Unit,18.27
2024-01-12 14:00:00,2024-01-12,14,1,January,Friday,2.8,232.2,15.3,Living Room,23.8
2024-01-12 15:00:00,2024-01-12,15,1,January,Friday,2.31,228.8,10.9,AC Unit,19.64
2024-01-12 16:00:00,2024-01-12,16,1,January,Friday,2.08,238.7,22.8,Office,17.68
2024-01-12 17:00:00,2024-01-12,17,1,January,Friday,2.59,227.2,18.7,Living Room,22.02
2024-01-12 18:00:00,2024-01-12,18,1,January,Friday,8.61,233.6,14.8,Factory Floor,73.19
2024-01-12 19:00:00,2024-01-12,19,1,January,Friday,8.96,228.8,22.2,AC Unit,76.16
2024-01-12 20:00:00,2024-01-12,20,1,January,Friday,10.01,233.5,10.6,Factory Floor,85.08
2024-01-12 21:00:00,2024-01-12,21,1,January,Friday,10.49,232.6,15.5,AC Unit,89.17
2024-01-12 22:00:00,2024-01-12,22,1,January,Friday,8.32,234.3,10.8,AC Unit,70.72
2024-01-12 23:00:00,2024-01-12,23,1,January,Friday,2.07,220.3,20.2,AC Unit,17.59
2024-01-13 00:00:00,2024-01-13,0,1,January,Saturday,1.6,241.1,19.0,Kitchen,13.6
2024-01-13 01:00:00,2024-01-13,1,1,January,Saturday,1.25,221.4,15.2,Factory Floor,10.62
2024-01-13 02:00:00,2024-01-13,2,1,January,Saturday,1.58,220.0,18.4,AC Unit,13.43
2024-01-13 03:00:00,2024-01-13,3,1,January,Saturday,0.86,237.9,21.1,Office,7.31
2024-01-13 04:00:00,2024-01-13,4,1,January,Saturday,1.58,230.2,10.3,AC Unit,13.43
2024-01-13 05:00:00,2024-01-13,5,1,January,Saturday,1.03,240.7,17.3,Kitchen,8.76
2024-01-13 06:00:00,2024-01-13,6,1,January,Saturday,8.15,225.1,21.8,Office,69.28
2024-01-13 07:00:00,2024-01-13,7,1,January,Saturday,8.15,239.2,10.6,AC Unit,69.28
2024-01-13 08:00:00,2024-01-13,8,1,January,Saturday,8.25,232.3,12.3,Kitchen,70.12
2024-01-13 09:00:00,2024-01-13,9,1,January,Saturday,8.27,237.4,12.5,Factory Floor,70.3
2024-01-13 10:00:00,2024-01-13,10,1,January,Saturday,2.04,226.7,20.8,Factory Floor,17.34
2024-01-13 11:00:00,2024-01-13,11,1,January,Saturday,2.61,236.1,21.8,Kitchen,22.18
2024-01-13 12:00:00,2024-01-13,12,1,January,Saturday,2.53,225.4,22.1,Factory Floor,21.5
2024-01-13 13:00:00,2024-01-13,13,1,January,Saturday,2.9,222.7,20.2,Office,24.65
2024-01-13 14:00:00,2024-01-13,14,1,January,Saturday,2.98,229.1,14.2,Factory Floor,25.33
2024-01-13 15:00:00,2024-01-13,15,1,January,Saturday,2.5,228.0,12.4,Kitchen,21.25
2024-01-13 16:00:00,2024-01-13,16,1,January,Saturday,2.8,221.3,13.8,Factory Floor,23.8
2024-01-13 17:00:00,2024-01-13,17,1,January,Saturday,2.87,231.3,11.5,Office,24.39
2024-01-13 18:00:00,2024-01-13,18,1,January,Saturday,9.69,236.3,14.1,Office,82.36
2024-01-13 19:00:00,2024-01-13,19,1,January,Saturday,7.03,240.7,13.3,Factory Floor,59.76
2024-01-13 20:00:00,2024-01-13,20,1,January,Saturday,10.47,228.0,15.9,AC Unit,89.0
2024-01-13 21:00:00,2024-01-13,21,1,January,Saturday,7.94,227.0,10.4,Living Room,67.49
2024-01-13 22:00:00,2024-01-13,22,1,January,Saturday,10.01,237.0,12.1,AC Unit,85.08
2024-01-13 23:00:00,2024-01-13,23,1,January,Saturday,2.92,229.3,22.5,Factory Floor,24.82
2024-01-14 00:00:00,2024-01-14,0,1,January,Sunday,0.56,219.9,13.8,Kitchen,4.76
2024-01-14 01:00:00,2024-01-14,1,1,January,Sunday,1.18,230.7,11.7,AC Unit,10.03
2024-01-14 02:00:00,2024-01-14,2,1,January,Sunday,0.88,223.7,19.6,Office,7.48
2024-01-14 03:00:00,2024-01-14,3,1,January,Sunday,0.65,239.7,19.0,Living Room,5.53
2024-01-14 04:00:00,2024-01-14,4,1,January,Sunday,0.94,235.2,14.4,Living Room,7.99
2024-01-14 05:00:00,2024-01-14,5,1,January,Sunday,0.63,228.0,20.0,Living Room,5.36
2024-01-14 06:00:00,2024-01-14,6,1,January,Sunday,6.93,240.9,18.2,Office,58.91
2024-01-14 07:00:00,2024-01-14,7,1,January,Sunday,7.05,229.3,19.5,AC Unit,59.92
2024-01-14 08:00:00,2024-01-14,8,1,January,Sunday,5.78,236.9,15.2,Living Room,49.13
2024-01-14 09:00:00,2024-01-14,9,1,January,Sunday,8.05,226.0,10.7,Office,68.43
2024-01-14 10:00:00,2024-01-14,10,1,January,Sunday,2.34,233.4,22.5,Factory Floor,19.89
2024-01-14 11:00:00,2024-01-14,11,1,January,Sunday,2.98,229.5,12.7,Kitchen,25.33
2024-01-14 12:00:00,2024-01-14,12,1,January,Sunday,2.06,236.6,16.9,AC Unit,17.51
2024-01-14 13:00:00,2024-01-14,13,1,January,Sunday,2.2,237.0,23.3,AC Unit,18.7
2024-01-14 14:00:00,2024-01-14,14,1,January,Sunday,2.93,230.4,24.8,Office,24.91
2024-01-14 15:00:00,2024-01-14,15,1,January,Sunday,2.47,218.9,19.7,AC Unit,21.0
2024-01-14 16:00:00,2024-01-14,16,1,January,Sunday,2.36,236.7,23.0,AC Unit,20.06
2024-01-14 17:00:00,2024-01-14,17,1,January,Sunday,2.27,237.2,16.6,Factory Floor,19.3
2024-01-14 18:00:00,2024-01-14,18,1,January,Sunday,9.87,227.3,24.6,Factory Floor,83.89
2024-01-14 19:00:00,2024-01-14,19,1,January,Sunday,9.14,237.1,14.0,Living Room,77.69
2024-01-14 20:00:00,2024-01-14,20,1,January,Sunday,8.99,232.5,22.3,Office,76.42
2024-01-14 21:00:00,2024-01-14,21,1,January,Sunday,7.28,225.9,14.4,Factory Floor,61.88
2024-01-14 22:00:00,2024-01-14,22,1,January,Sunday,8.84,234.6,15.3,Living Room,75.14
2024-01-14 23:00:00,2024-01-14,23,1,January,Sunday,2.73,239.9,19.2,Factory Floor,23.2
2024-01-15 00:00:00,2024-01-15,0,1,January,Monday,1.71,240.7,11.1,Factory Floor,14.54
2024-01-15 01:00:00,2024-01-15,1,1,January,Monday,1.44,234.3,24.3,Kitchen,12.24
2024-01-15 02:00:00,2024-01-15,2,1,January,Monday,0.83,228.5,11.9,Kitchen,7.05
2024-01-15 03:00:00,2024-01-15,3,1,January,Monday,0.59,227.2,18.5,Office,5.01
2024-01-15 04:00:00,2024-01-15,4,1,January,Monday,1.3,226.9,16.7,Living Room,11.05
2024-01-15 05:00:00,2024-01-15,5,1,January,Monday,0.96,227.6,19.7,Kitchen,8.16
2024-01-15 06:00:00,2024-01-15,6,1,January,Monday,7.91,222.5,17.8,Office,67.23
2024-01-15 07:00:00,2024-01-15,7,1,January,Monday,6.13,234.9,13.2,Office,52.1
2024-01-15 08:00:00,2024-01-15,8,1,January,Monday,6.77,229.8,11.8,Living Room,57.54
2024-01-15 09:00:00,2024-01-15,9,1,January,Monday,7.25,228.7,11.3,AC Unit,61.62
2024-01-15 10:00:00,2024-01-15,10,1,January,Monday,2.67,235.0,18.2,AC Unit,22.7
2024-01-15 11:00:00,2024-01-15,11,1,January,Monday,2.89,238.4,20.7,Kitchen,24.57
2024-01-15 12:00:00,2024-01-15,12,1,January,Monday,2.79,230.2,11.8,Kitchen,23.71
2024-01-15 13:00:00,2024-01-15,13,1,January,Monday,2.79,223.7,17.4,AC Unit,23.71
2024-01-15 14:00:00,2024-01-15,14,1,January,Monday,2.55,226.9,22.1,Office,21.67
2024-01-15 15:00:00,2024-01-15,15,1,January,Monday,2.13,239.2,11.0,Factory Floor,18.11
2024-01-15 16:00:00,2024-01-15,16,1,January,Monday,3.0,235.3,17.9,Factory Floor,25.5
2024-01-15 17:00:00,2024-01-15,17,1,January,Monday,2.82,219.8,24.6,Living Room,23.97
2024-01-15 18:00:00,2024-01-15,18,1,January,Monday,8.48,226.3,23.2,Office,72.08
2024-01-15 19:00:00,2024-01-15,19,1,January,Monday,8.74,241.2,16.5,Living Room,74.29
2024-01-15 20:00:00,2024-01-15,20,1,January,Monday,9.84,225.3,12.4,Kitchen,83.64
2024-01-15 21:00:00,2024-01-15,21,1,January,Monday,8.32,239.5,22.7,AC Unit,70.72
2024-01-15 22:00:00,2024-01-15,22,1,January,Monday,7.74,224.6,19.4,Office,65.79
2024-01-15 23:00:00,2024-01-15,23,1,January,Monday,2.53,230.1,12.5,Office,21.5
2024-01-16 00:00:00,2024-01-16,0,1,January,Tuesday,1.5,235.3,19.1,Office,12.75
2024-01-16 01:00:00,2024-01-16,1,1,January,Tuesday,1.82,219.9,24.2,Office,15.47
2024-01-16 02:00:00,2024-01-16,2,1,January,Tuesday,0.95,231.7,19.3,Living Room,8.07
2024-01-16 03:00:00,2024-01-16,3,1,January,Tuesday,1.13,225.0,24.3,Factory Floor,9.6
2024-01-16 04:00:00,2024-01-16,4,1,January,Tuesday,1.56,227.7,16.8,Living Room,13.26
2024-01-16 05:00:00,2024-01-16,5,1,January,Tuesday,1.26,229.1,15.1,Kitchen,10.71
2024-01-16 06:00:00,2024-01-16,6,1,January,Tuesday,6.66,235.6,22.9,Factory Floor,56.61
2024-01-16 07:00:00,2024-01-16,7,1,January,Tuesday,5.76,231.5,14.8,Factory Floor,48.96
2024-01-16 08:00:00,2024-01-16,8,1,January,Tuesday,5.82,221.4,10.8,Factory Floor,49.47
2024-01-16 09:00:00,2024-01-16,9,1,January,Tuesday,8.01,241.1,23.5,AC Unit,68.08
2024-01-16 10:00:00,2024-01-16,10,1,January,Tuesday,2.93,235.3,12.8,Kitchen,24.91
2024-01-16 11:00:00,2024-01-16,11,1,January,Tuesday,2.5,230.4,17.5,AC Unit,21.25
2024-01-16 12:00:00,2024-01-16,12,1,January,Tuesday,2.5,220.2,15.9,Factory Floor,21.25
2024-01-16 13:00:00,2024-01-16,13,1,January,Tuesday,2.97,223.2,15.3,Living Room,25.25
2024-01-16 14:00:00,2024-01-16,14,1,January,Tuesday,2.28,232.3,22.6,Factory Floor,19.38
2024-01-16 15:00:00,2024-01-16,15,1,January,Tuesday,2.29,218.2,11.6,Kitchen,19.46
2024-01-16 16:00:00,2024-01-16,16,1,January,Tuesday,2.88,235.5,21.5,AC Unit,24.48
2024-01-16 17:00:00,2024-01-16,17,1,January,Tuesday,2.05,219.2,18.4,AC Unit,17.42
2024-01-16 18:00:00,2024-01-16,18,1,January,Tuesday,8.29,230.1,21.5,AC Unit,70.46
2024-01-16 19:00:00,2024-01-16,19,1,January,Tuesday,9.92,232.7,11.9,Living Room,84.32
2024-01-16 20:00:00,2024-01-16,20,1,January,Tuesday,8.37,226.1,24.1,Kitchen,71.14
2024-01-16 21:00:00,2024-01-16,21,1,January,Tuesday,7.31,230.0,10.7,Kitchen,62.13
2024-01-16 22:00:00,2024-01-16,22,1,January,Tuesday,9.66,230.5,12.2,Office,82.11
2024-01-16 23:00:00,2024-01-16,23,1,January,Tuesday,2.14,240.4,14.8,Factory Floor,18.19
2024-01-17 00:00:00,2024-01-17,0,1,January,Wednesday,0.75,225.2,15.0,Office,6.38
2024-01-17 01:00:00,2024-01-17,1,1,January,Wednesday,1.18,225.2,22.2,AC Unit,10.03
2024-01-17 02:00:00,2024-01-17,2,1,January,Wednesday,0.78,228.0,14.6,Living Room,6.63
2024-01-17 03:00:00,2024-01-17,3,1,January,Wednesday,0.67,233.7,24.6,Office,5.7
2024-01-17 04:00:00,2024-01-17,4,1,January,Wednesday,1.14,232.0,12.6,Office,9.69
2024-01-17 05:00:00,2024-01-17,5,1,January,Wednesday,0.61,237.7,13.6,Office,5.18
2024-01-17 06:00:00,2024-01-17,6,1,January,Wednesday,7.95,218.5,14.7,Kitchen,67.58
2024-01-17 07:00:00,2024-01-17,7,1,January,Wednesday,6.44,230.0,19.2,Factory Floor,54.74
2024-01-17 08:00:00,2024-01-17,8,1,January,Wednesday,8.35,219.5,12.1,Kitchen,70.97
2024-01-17 09:00:00,2024-01-17,9,1,January,Wednesday,7.68,229.5,15.7,Kitchen,65.28
2024-01-17 10:00:00,2024-01-17,10,1,January,Wednesday,2.46,230.8,18.2,AC Unit,20.91
2024-01-17 11:00:00,2024-01-17,11,1,January,Wednesday,2.61,222.6,13.7,Office,22.18
2024-01-17 12:00:00,2024-01-17,12,1,January,Wednesday,2.3,240.6,24.7,AC Unit,19.55
2024-01-17 13:00:00,2024-01-17,13,1,January,Wednesday,2.7,234.6,17.3,Factory Floor,22.95
2024-01-17 14:00:00,2024-01-17,14,1,January,Wednesday,2.35,240.4,21.9,AC Unit,19.98
2024-01-17 15:00:00,2024-01-17,15,1,January,Wednesday,2.29,231.8,18.1,Factory Floor,19.46
2024-01-17 16:00:00,2024-01-17,16,1,January,Wednesday,2.82,240.9,22.1,AC Unit,23.97
2024-01-17 17:00:00,2024-01-17,17,1,January,Wednesday,2.04,240.9,11.2,Factory Floor,17.34
2024-01-17 18:00:00,2024-01-17,18,1,January,Wednesday,9.37,223.1,22.4,AC Unit,79.64
2024-01-17 19:00:00,2024-01-17,19,1,January,Wednesday,10.43,221.3,19.2,Office,88.66
2024-01-17 20:00:00,2024-01-17,20,1,January,Wednesday,7.01,239.7,13.4,Kitchen,59.59
2024-01-17 21:00:00,2024-01-17,21,1,January,Wednesday,6.62,235.2,11.5,Kitchen,56.27
2024-01-17 22:00:00,2024-01-17,22,1,January,Wednesday,6.57,240.3,16.1,Factory Floor,55.84
2024-01-17 23:00:00,2024-01-17,23,1,January,Wednesday,2.48,222.8,24.5,AC Unit,21.08
2024-01-18 00:00:00,2024-01-18,0,1,January,Thursday,0.77,236.4,19.8,Kitchen,6.54
2024-01-18 01:00:00,2024-01-18,1,1,January,Thursday,1.19,240.5,23.7,Kitchen,10.12
2024-01-18 02:00:00,2024-01-18,2,1,January,Thursday,1.42,240.4,10.5,Factory Floor,12.07
2024-01-18 03:00:00,2024-01-18,3,1,January,Thursday,0.5,236.0,23.1,AC Unit,4.25
2024-01-18 04:00:00,2024-01-18,4,1,January,Thursday,0.5,231.6,11.6,AC Unit,4.25
2024-01-18 05:00:00,2024-01-18,5,1,January,Thursday,1.7,231.0,17.4,Kitchen,14.45
2024-01-18 06:00:00,2024-01-18,6,1,January,Thursday,8.02,222.6,11.7,Kitchen,68.17
2024-01-18 07:00:00,2024-01-18,7,1,January,Thursday,7.84,235.2,10.2,AC Unit,66.64
2024-01-18 08:00:00,2024-01-18,8,1,January,Thursday,7.94,236.2,12.6,Factory Floor,67.49
2024-01-18 09:00:00,2024-01-18,9,1,January,Thursday,8.0,220.1,20.0,Kitchen,68.0
2024-01-18 10:00:00,2024-01-18,10,1,January,Thursday,2.98,229.5,24.0,Living Room,25.33
2024-01-18 11:00:00,2024-01-18,11,1,January,Thursday,2.26,223.7,21.3,AC Unit,19.21
2024-01-18 12:00:00,2024-01-18,12,1,January,Thursday,2.3,235.3,10.2,AC Unit,19.55
2024-01-18 13:00:00,2024-01-18,13,1,January,Thursday,2.69,219.5,11.8,AC Unit,22.86
2024-01-18 14:00:00,2024-01-18,14,1,January,Thursday,2.16,234.5,23.8,AC Unit,18.36
2024-01-18 15:00:00,2024-01-18,15,1,January,Thursday,2.69,233.3,24.1,AC Unit,22.86
2024-01-18 16:00:00,2024-01-18,16,1,January,Thursday,2.61,223.3,12.0,Kitchen,22.18
2024-01-18 17:00:00,2024-01-18,17,1,January,Thursday,2.45,241.7,15.6,Office,20.83
2024-01-18 18:00:00,2024-01-18,18,1,January,Thursday,10.41,237.2,22.4,Kitchen,88.48
2024-01-18 19:00:00,2024-01-18,19,1,January,Thursday,9.32,236.9,17.9,Office,79.22
2024-01-18 20:00:00,2024-01-18,20,1,January,Thursday,8.89,231.5,10.9,Office,75.56
2024-01-18 21:00:00,2024-01-18,21,1,January,Thursday,9.81,230.9,12.5,Office,83.39
2024-01-18 22:00:00,2024-01-18,22,1,January,Thursday,8.45,235.2,17.3,Office,71.82
2024-01-18 23:00:00,2024-01-18,23,1,January,Thursday,2.45,219.3,12.0,Factory Floor,20.83
2024-01-19 00:00:00,2024-01-19,0,1,January,Friday,0.6,229.1,22.1,Living Room,5.1
2024-01-19 01:00:00,2024-01-19,1,1,January,Friday,1.42,235.9,18.7,Living Room,12.07
2024-01-19 02:00:00,2024-01-19,2,1,January,Friday,1.28,231.0,10.9,Living Room,10.88
2024-01-19 03:00:00,2024-01-19,3,1,January,Friday,0.5,224.9,12.7,Kitchen,4.25
2024-01-19 04:00:00,2024-01-19,4,1,January,Friday,1.21,233.5,16.3,Factory Floor,10.29
2024-01-19 05:00:00,2024-01-19,5,1,January,Friday,1.47,227.1,11.2,Office,12.49
2024-01-19 06:00:00,2024-01-19,6,1,January,Friday,6.26,220.8,24.9,Factory Floor,53.21
2024-01-19 07:00:00,2024-01-19,7,1,January,Friday,7.31,223.3,10.1,Living Room,62.13
2024-01-19 08:00:00,2024-01-19,8,1,January,Friday,8.4,235.3,16.4,Factory Floor,71.4
2024-01-19 09:00:00,2024-01-19,9,1,January,Friday,7.72,226.3,14.1,Living Room,65.62
2024-01-19 10:00:00,2024-01-19,10,1,January,Friday,2.03,233.8,19.2,Living Room,17.25
2024-01-19 11:00:00,2024-01-19,11,1,January,Friday,2.24,219.6,18.9,Factory Floor,19.04
2024-01-19 12:00:00,2024-01-19,12,1,January,Friday,2.6,234.9,10.7,Living Room,22.1
2024-01-19 13:00:00,2024-01-19,13,1,January,Friday,2.4,223.6,13.3,Living Room,20.4
2024-01-19 14:00:00,2024-01-19,14,1,January,Friday,2.14,241.8,13.5,Office,18.19
2024-01-19 15:00:00,2024-01-19,15,1,January,Friday,2.32,232.4,20.1,AC Unit,19.72
2024-01-19 16:00:00,2024-01-19,16,1,January,Friday,2.24,239.0,24.8,Office,19.04
2024-01-19 17:00:00,2024-01-19,17,1,January,Friday,2.22,225.2,10.9,Office,18.87
2024-01-19 18:00:00,2024-01-19,18,1,January,Friday,10.43,233.0,16.4,Factory Floor,88.66
2024-01-19 19:00:00,2024-01-19,19,1,January,Friday,6.53,233.4,15.7,Office,55.51
2024-01-19 20:00:00,2024-01-19,20,1,January,Friday,7.69,221.6,15.6,Office,65.37
2024-01-19 21:00:00,2024-01-19,21,1,January,Friday,8.74,225.2,20.6,Factory Floor,74.29
2024-01-19 22:00:00,2024-01-19,22,1,January,Friday,10.22,241.2,18.4,Kitchen,86.87
2024-01-19 23:00:00,2024-01-19,23,1,January,Friday,2.39,224.1,15.0,Living Room,20.32
2024-01-20 00:00:00,2024-01-20,0,1,January,Saturday,0.92,220.2,20.9,Kitchen,7.82
2024-01-20 01:00:00,2024-01-20,1,1,January,Saturday,1.33,232.5,10.6,Living Room,11.3
2024-01-20 02:00:00,2024-01-20,2,1,January,Saturday,1.57,235.4,18.4,Factory Floor,13.35
2024-01-20 03:00:00,2024-01-20,3,1,January,Saturday,1.7,225.3,23.6,Kitchen,14.45
2024-01-20 04:00:00,2024-01-20,4,1,January,Saturday,1.02,220.8,25.0,Factory Floor,8.67
2024-01-20 05:00:00,2024-01-20,5,1,January,Saturday,0.78,234.9,15.9,Kitchen,6.63
2024-01-20 06:00:00,2024-01-20,6,1,January,Saturday,7.43,227.1,18.0,AC Unit,63.16
2024-01-20 07:00:00,2024-01-20,7,1,January,Saturday,6.28,239.2,17.0,Factory Floor,53.38
2024-01-20 08:00:00,2024-01-20,8,1,January,Saturday,7.61,222.9,14.7,Living Room,64.69
2024-01-20 09:00:00,2024-01-20,9,1,January,Saturday,6.91,221.5,13.9,Office,58.73
2024-01-20 10:00:00,2024-01-20,10,1,January,Saturday,2.58,228.0,12.3,AC Unit,21.93
2024-01-20 11:00:00,2024-01-20,11,1,January,Saturday,2.23,231.7,13.7,Office,18.95
2024-01-20 12:00:00,2024-01-20,12,1,January,Saturday,2.65,234.4,13.9,Factory Floor,22.52
2024-01-20 13:00:00,2024-01-20,13,1,January,Saturday,2.97,233.4,17.4,Kitchen,25.25
2024-01-20 14:00:00,2024-01-20,14,1,January,Saturday,2.73,226.5,12.1,Office,23.2
2024-01-20 15:00:00,2024-01-20,15,1,January,Saturday,2.49,240.0,18.1,Living Room,21.17
2024-01-20 16:00:00,2024-01-20,16,1,January,Saturday,2.52,238.1,11.1,Living Room,21.42
2024-01-20 17:00:00,2024-01-20,17,1,January,Saturday,2.76,227.9,22.6,Kitchen,23.46
2024-01-20 18:00:00,2024-01-20,18,1,January,Saturday,6.42,223.2,16.8,Living Room,54.57
2024-01-20 19:00:00,2024-01-20,19,1,January,Saturday,9.14,232.8,17.2,Factory Floor,77.69
2024-01-20 20:00:00,2024-01-20,20,1,January,Saturday,6.6,227.9,10.3,AC Unit,56.1
2024-01-20 21:00:00,2024-01-20,21,1,January,Saturday,8.43,230.1,20.5,Factory Floor,71.66
2024-01-20 22:00:00,2024-01-20,22,1,January,Saturday,10.13,220.6,11.4,Kitchen,86.11
2024-01-20 23:00:00,2024-01-20,23,1,January,Saturday,2.24,232.9,13.8,AC Unit,19.04
2024-01-21 00:00:00,2024-01-21,0,1,January,Sunday,1.13,227.0,16.1,Office,9.6
2024-01-21 01:00:00,2024-01-21,1,1,January,Sunday,1.45,225.2,22.4,Living Room,12.32
2024-01-21 02:00:00,2024-01-21,2,1,January,Sunday,1.2,236.2,11.4,Factory Floor,10.2
2024-01-21 03:00:00,2024-01-21,3,1,January,Sunday,1.1,233.3,20.5,Living Room,9.35
2024-01-21 04:00:00,2024-01-21,4,1,January,Sunday,0.93,236.8,18.5,Living Room,7.91
2024-01-21 05:00:00,2024-01-21,5,1,January,Sunday,1.02,223.5,23.5,Office,8.67
2024-01-21 06:00:00,2024-01-21,6,1,January,Sunday,6.47,219.8,23.9,Office,54.99
2024-01-21 07:00:00,2024-01-21,7,1,January,Sunday,6.72,240.3,14.7,Kitchen,57.12
2024-01-21 08:00:00,2024-01-21,8,1,January,Sunday,7.51,235.1,16.0,Living Room,63.84
2024-01-21 09:00:00,2024-01-21,9,1,January,Sunday,6.46,231.6,22.7,Office,54.91
2024-01-21 10:00:00,2024-01-21,10,1,January,Sunday,2.33,236.1,12.1,Living Room,19.8
2024-01-21 11:00:00,2024-01-21,11,1,January,Sunday,2.5,241.4,10.8,Factory Floor,21.25
2024-01-21 12:00:00,2024-01-21,12,1,January,Sunday,2.23,219.8,19.1,Office,18.95
2024-01-21 13:00:00,2024-01-21,13,1,January,Sunday,2.95,227.5,21.6,Living Room,25.08
2024-01-21 14:00:00,2024-01-21,14,1,January,Sunday,2.63,236.8,16.8,Kitchen,22.36
2024-01-21 15:00:00,2024-01-21,15,1,January,Sunday,2.36,240.6,16.5,Office,20.06
2024-01-21 16:00:00,2024-01-21,16,1,January,Sunday,2.66,220.1,19.3,Kitchen,22.61
2024-01-21 17:00:00,2024-01-21,17,1,January,Sunday,2.71,220.0,12.3,Kitchen,23.04
2024-01-21 18:00:00,2024-01-21,18,1,January,Sunday,9.28,220.6,10.1,AC Unit,78.88
2024-01-21 19:00:00,2024-01-21,19,1,January,Sunday,8.54,220.5,11.3,Factory Floor,72.59
2024-01-21 20:00:00,2024-01-21,20,1,January,Sunday,8.35,227.8,10.4,AC Unit,70.97
2024-01-21 21:00:00,2024-01-21,21,1,January,Sunday,8.81,236.8,23.0,Living Room,74.89
2024-01-21 22:00:00,2024-01-21,22,1,January,Sunday,7.56,220.0,23.5,Kitchen,64.26
2024-01-21 23:00:00,2024-01-21,23,1,January,Sunday,2.57,222.1,15.7,Kitchen,21.84
2024-01-22 00:00:00,2024-01-22,0,1,January,Monday,1.0,221.5,12.5,AC Unit,8.5
2024-01-22 01:00:00,2024-01-22,1,1,January,Monday,1.06,219.8,13.8,Kitchen,9.01
2024-01-22 02:00:00,2024-01-22,2,1,January,Monday,0.77,232.8,16.9,Kitchen,6.54
2024-01-22 03:00:00,2024-01-22,3,1,January,Monday,1.64,226.0,19.3,AC Unit,13.94
2024-01-22 04:00:00,2024-01-22,4,1,January,Monday,0.99,237.8,19.8,Office,8.41
2024-01-22 05:00:00,2024-01-22,5,1,January,Monday,1.18,240.7,13.0,AC Unit,10.03
2024-01-22 06:00:00,2024-01-22,6,1,January,Monday,5.93,225.7,21.0,Factory Floor,50.41
2024-01-22 07:00:00,2024-01-22,7,1,January,Monday,8.69,225.8,14.2,Factory Floor,73.86
2024-01-22 08:00:00,2024-01-22,8,1,January,Monday,7.03,222.8,25.0,Kitchen,59.76
2024-01-22 09:00:00,2024-01-22,9,1,January,Monday,7.6,240.9,16.9,Kitchen,64.6
2024-01-22 10:00:00,2024-01-22,10,1,January,Monday,2.44,225.0,20.4,Factory Floor,20.74
2024-01-22 11:00:00,2024-01-22,11,1,January,Monday,2.67,221.3,14.5,AC Unit,22.7
2024-01-22 12:00:00,2024-01-22,12,1,January,Monday,2.66,235.2,21.8,Living Room,22.61
2024-01-22 13:00:00,2024-01-22,13,1,January,Monday,2.45,232.4,18.7,Office,20.83
2024-01-22 14:00:00,2024-01-22,14,1,January,Monday,2.51,240.1,20.4,Office,21.33
2024-01-22 15:00:00,2024-01-22,15,1,January,Monday,2.04,241.2,20.5,Office,17.34
2024-01-22 16:00:00,2024-01-22,16,1,January,Monday,2.59,239.9,11.6,Kitchen,22.02
2024-01-22 17:00:00,2024-01-22,17,1,January,Monday,2.66,226.5,19.7,Living Room,22.61
2024-01-22 18:00:00,2024-01-22,18,1,January,Monday,8.9,233.5,24.5,AC Unit,75.65
2024-01-22 19:00:00,2024-01-22,19,1,January,Monday,10.29,218.3,13.9,Office,87.46
2024-01-22 20:00:00,2024-01-22,20,1,January,Monday,9.55,234.5,13.3,AC Unit,81.18
2024-01-22 21:00:00,2024-01-22,21,1,January,Monday,8.34,232.1,17.5,AC Unit,70.89
2024-01-22 22:00:00,2024-01-22,22,1,January,Monday,10.47,225.1,23.8,Living Room,89.0
2024-01-22 23:00:00,2024-01-22,23,1,January,Monday,2.12,240.6,12.1,AC Unit,18.02
2024-01-23 00:00:00,2024-01-23,0,1,January,Tuesday,1.44,230.5,15.2,Living Room,12.24
2024-01-23 01:00:00,2024-01-23,1,1,January,Tuesday,1.26,225.7,14.5,Living Room,10.71
2024-01-23 02:00:00,2024-01-23,2,1,January,Tuesday,1.32,220.6,22.0,Kitchen,11.22
2024-01-23 03:00:00,2024-01-23,3,1,January,Tuesday,1.04,225.9,16.4,Factory Floor,8.84
2024-01-23 04:00:00,2024-01-23,4,1,January,Tuesday,1.17,222.4,19.6,Factory Floor,9.95
2024-01-23 05:00:00,2024-01-23,5,1,January,Tuesday,1.34,239.2,16.7,Factory Floor,11.39
2024-01-23 06:00:00,2024-01-23,6,1,January,Tuesday,6.87,222.9,21.3,Living Room,58.4
2024-01-23 07:00:00,2024-01-23,7,1,January,Tuesday,7.53,230.9,15.5,Kitchen,64.0
2024-01-23 08:00:00,2024-01-23,8,1,January,Tuesday,6.64,238.7,17.9,AC Unit,56.44
2024-01-23 09:00:00,2024-01-23,9,1,January,Tuesday,7.4,232.1,15.2,Factory Floor,62.9
2024-01-23 10:00:00,2024-01-23,10,1,January,Tuesday,2.62,237.5,20.6,AC Unit,22.27
2024-01-23 11:00:00,2024-01-23,11,1,January,Tuesday,2.92,232.2,20.1,AC Unit,24.82
2024-01-23 12:00:00,2024-01-23,12,1,January,Tuesday,2.12,225.3,12.7,Kitchen,18.02
2024-01-23 13:00:00,2024-01-23,13,1,January,Tuesday,2.51,228.0,12.1,Factory Floor,21.33
2024-01-23 14:00:00,2024-01-23,14,1,January,Tuesday,2.42,229.7,18.1,Kitchen,20.57
2024-01-23 15:00:00,2024-01-23,15,1,January,Tuesday,2.55,229.8,12.1,AC Unit,21.67
2024-01-23 16:00:00,2024-01-23,16,1,January,Tuesday,2.84,232.9,23.0,Living Room,24.14
2024-01-23 17:00:00,2024-01-23,17,1,January,Tuesday,2.48,222.7,15.8,Office,21.08
2024-01-23 18:00:00,2024-01-23,18,1,January,Tuesday,8.52,234.4,16.2,Factory Floor,72.42
2024-01-23 19:00:00,2024-01-23,19,1,January,Tuesday,8.04,218.7,21.4,AC Unit,68.34
2024-01-23 20:00:00,2024-01-23,20,1,January,Tuesday,6.36,224.9,21.7,Office,54.06
2024-01-23 21:00:00,2024-01-23,21,1,January,Tuesday,9.74,231.2,11.7,Living Room,82.79
2024-01-23 22:00:00,2024-01-23,22,1,January,Tuesday,7.61,241.8,18.1,Living Room,64.69
2024-01-23 23:00:00,2024-01-23,23,1,January,Tuesday,2.76,228.6,13.3,Factory Floor,23.46
2024-01-24 00:00:00,2024-01-24,0,1,January,Wednesday,1.73,236.0,14.5,Living Room,14.71
2024-01-24 01:00:00,2024-01-24,1,1,January,Wednesday,0.9,237.6,16.6,Living Room,7.65
2024-01-24 02:00:00,2024-01-24,2,1,January,Wednesday,0.5,237.5,18.8,AC Unit,4.25
2024-01-24 03:00:00,2024-01-24,3,1,January,Wednesday,0.75,228.3,19.2,Kitchen,6.38
2024-01-24 04:00:00,2024-01-24,4,1,January,Wednesday,0.99,231.7,18.0,Office,8.41
2024-01-24 05:00:00,2024-01-24,5,1,January,Wednesday,0.78,234.9,14.3,AC Unit,6.63
2024-01-24 06:00:00,2024-01-24,6,1,January,Wednesday,8.37,239.6,22.2,Kitchen,71.14
2024-01-24 07:00:00,2024-01-24,7,1,January,Wednesday,8.67,240.1,24.9,Kitchen,73.69
2024-01-24 08:00:00,2024-01-24,8,1,January,Wednesday,7.24,221.5,14.8,Kitchen,61.54
2024-01-24 09:00:00,2024-01-24,9,1,January,Wednesday,7.96,229.7,18.7,AC Unit,67.66
2024-01-24 10:00:00,2024-01-24,10,1,January,Wednesday,2.63,227.0,11.1,Living Room,22.36
2024-01-24 11:00:00,2024-01-24,11,1,January,Wednesday,2.4,236.0,20.4,AC Unit,20.4
2024-01-24 12:00:00,2024-01-24,12,1,January,Wednesday,2.45,229.7,18.7,Living Room,20.83
2024-01-24 13:00:00,2024-01-24,13,1,January,Wednesday,2.73,229.0,20.0,AC Unit,23.2
2024-01-24 14:00:00,2024-01-24,14,1,January,Wednesday,2.85,237.1,16.0,Factory Floor,24.23
2024-01-24 15:00:00,2024-01-24,15,1,January,Wednesday,2.82,229.9,14.8,AC Unit,23.97
2024-01-24 16:00:00,2024-01-24,16,1,January,Wednesday,2.34,231.9,18.5,Factory Floor,19.89
2024-01-24 17:00:00,2024-01-24,17,1,January,Wednesday,2.79,239.5,21.4,Living Room,23.71
2024-01-24 18:00:00,2024-01-24,18,1,January,Wednesday,7.18,229.0,11.9,Kitchen,61.03
2024-01-24 19:00:00,2024-01-24,19,1,January,Wednesday,7.77,241.0,13.0,Kitchen,66.05
2024-01-24 20:00:00,2024-01-24,20,1,January,Wednesday,9.83,239.0,23.1,Living Room,83.56
2024-01-24 21:00:00,2024-01-24,21,1,January,Wednesday,8.87,226.9,23.6,Kitchen,75.39
2024-01-24 22:00:00,2024-01-24,22,1,January,Wednesday,6.83,235.4,21.3,Factory Floor,58.05
2024-01-24 23:00:00,2024-01-24,23,1,January,Wednesday,2.66,234.9,10.0,Factory Floor,22.61
2024-01-25 00:00:00,2024-01-25,0,1,January,Thursday,1.52,230.5,16.7,Living Room,12.92
2024-01-25 01:00:00,2024-01-25,1,1,January,Thursday,1.12,241.7,16.3,Kitchen,9.52
2024-01-25 02:00:00,2024-01-25,2,1,January,Thursday,0.75,220.1,22.1,Living Room,6.38
2024-01-25 03:00:00,2024-01-25,3,1,January,Thursday,1.57,221.3,21.6,Kitchen,13.35
2024-01-25 04:00:00,2024-01-25,4,1,January,Thursday,1.04,219.6,18.4,Office,8.84
2024-01-25 05:00:00,2024-01-25,5,1,January,Thursday,0.79,235.3,19.4,Kitchen,6.71
2024-01-25 06:00:00,2024-01-25,6,1,January,Thursday,8.38,228.6,13.3,Living Room,71.23
2024-01-25 07:00:00,2024-01-25,7,1,January,Thursday,5.54,235.5,15.3,Factory Floor,47.09
2024-01-25 08:00:00,2024-01-25,8,1,January,Thursday,6.08,224.6,11.3,Office,51.68
2024-01-25 09:00:00,2024-01-25,9,1,January,Thursday,7.52,224.8,24.1,Living Room,63.92
2024-01-25 10:00:00,2024-01-25,10,1,January,Thursday,2.85,233.8,14.5,Office,24.23
2024-01-25 11:00:00,2024-01-25,11,1,January,Thursday,2.61,222.5,15.9,Living Room,22.18
2024-01-25 12:00:00,2024-01-25,12,1,January,Thursday,2.78,237.1,13.6,Factory Floor,23.63
2024-01-25 13:00:00,2024-01-25,13,1,January,Thursday,2.11,230.0,18.9,Office,17.93
2024-01-25 14:00:00,2024-01-25,14,1,January,Thursday,2.89,218.3,15.4,AC Unit,24.57
2024-01-25 15:00:00,2024-01-25,15,1,January,Thursday,2.13,238.7,18.5,AC Unit,18.11
2024-01-25 16:00:00,2024-01-25,16,1,January,Thursday,2.55,222.1,17.1,Living Room,21.67
2024-01-25 17:00:00,2024-01-25,17,1,January,Thursday,2.02,219.6,13.9,Living Room,17.17
2024-01-25 18:00:00,2024-01-25,18,1,January,Thursday,10.64,227.6,14.3,Office,90.44
2024-01-25 19:00:00,2024-01-25,19,1,January,Thursday,9.49,227.7,19.6,Office,80.67
2024-01-25 20:00:00,2024-01-25,20,1,January,Thursday,8.74,225.4,17.7,Kitchen,74.29
2024-01-25 21:00:00,2024-01-25,21,1,January,Thursday,10.05,225.8,18.8,Living Room,85.43
2024-01-25 22:00:00,2024-01-25,22,1,January,Thursday,7.68,240.9,13.6,Kitchen,65.28
2024-01-25 23:00:00,2024-01-25,23,1,January,Thursday,2.09,228.4,16.8,Office,17.77
2024-01-26 00:00:00,2024-01-26,0,1,January,Friday,1.61,233.8,12.6,Living Room,13.69
2024-01-26 01:00:00,2024-01-26,1,1,January,Friday,0.99,221.9,24.3,Office,8.41
2024-01-26 02:00:00,2024-01-26,2,1,January,Friday,1.31,224.2,15.6,AC Unit,11.13
2024-01-26 03:00:00,2024-01-26,3,1,January,Friday,0.5,239.6,15.0,Factory Floor,4.25
2024-01-26 04:00:00,2024-01-26,4,1,January,Friday,0.79,235.1,18.6,Living Room,6.71
2024-01-26 05:00:00,2024-01-26,5,1,January,Friday,1.01,219.3,22.9,Kitchen,8.59
2024-01-26 06:00:00,2024-01-26,6,1,January,Friday,6.36,220.5,18.6,Living Room,54.06
2024-01-26 07:00:00,2024-01-26,7,1,January,Friday,6.19,219.1,22.9,Kitchen,52.62
2024-01-26 08:00:00,2024-01-26,8,1,January,Friday,5.5,240.1,12.7,Living Room,46.75
2024-01-26 09:00:00,2024-01-26,9,1,January,Friday,7.57,235.8,16.3,AC Unit,64.34
2024-01-26 10:00:00,2024-01-26,10,1,January,Friday,2.25,240.0,14.8,Living Room,19.12
2024-01-26 11:00:00,2024-01-26,11,1,January,Friday,2.57,220.9,20.1,Living Room,21.84
2024-01-26 12:00:00,2024-01-26,12,1,January,Friday,2.18,237.3,24.7,Factory Floor,18.53
2024-01-26 13:00:00,2024-01-26,13,1,January,Friday,2.07,229.2,14.2,AC Unit,17.59
2024-01-26 14:00:00,2024-01-26,14,1,January,Friday,2.33,231.3,10.1,Kitchen,19.8
2024-01-26 15:00:00,2024-01-26,15,1,January,Friday,2.29,236.8,21.1,Kitchen,19.46
2024-01-26 16:00:00,2024-01-26,16,1,January,Friday,2.46,232.2,17.4,Kitchen,20.91
2024-01-26 17:00:00,2024-01-26,17,1,January,Friday,2.73,231.1,21.9,Kitchen,23.2
2024-01-26 18:00:00,2024-01-26,18,1,January,Friday,6.44,223.6,15.2,Living Room,54.74
2024-01-26 19:00:00,2024-01-26,19,1,January,Friday,9.81,233.8,22.7,AC Unit,83.39
2024-01-26 20:00:00,2024-01-26,20,1,January,Friday,6.95,223.7,17.4,Living Room,59.08
2024-01-26 21:00:00,2024-01-26,21,1,January,Friday,10.03,224.7,10.7,Kitchen,85.25
2024-01-26 22:00:00,2024-01-26,22,1,January,Friday,10.11,234.8,15.6,Living Room,85.94
2024-01-26 23:00:00,2024-01-26,23,1,January,Friday,2.58,230.1,19.6,Factory Floor,21.93
2024-01-27 00:00:00,2024-01-27,0,1,January,Saturday,1.49,228.4,24.5,Kitchen,12.66
2024-01-27 01:00:00,2024-01-27,1,1,January,Saturday,1.56,240.2,15.9,AC Unit,13.26
2024-01-27 02:00:00,2024-01-27,2,1,January,Saturday,0.95,219.8,13.0,Office,8.07
2024-01-27 03:00:00,2024-01-27,3,1,January,Saturday,1.0,228.8,14.7,Living Room,8.5
2024-01-27 04:00:00,2024-01-27,4,1,January,Saturday,1.43,223.0,14.6,AC Unit,12.15
2024-01-27 05:00:00,2024-01-27,5,1,January,Saturday,0.5,237.4,14.6,Office,4.25
2024-01-27 06:00:00,2024-01-27,6,1,January,Saturday,5.96,225.9,11.4,Kitchen,50.66
2024-01-27 07:00:00,2024-01-27,7,1,January,Saturday,8.3,219.2,14.5,Kitchen,70.55
2024-01-27 08:00:00,2024-01-27,8,1,January,Saturday,5.5,228.9,21.2,Kitchen,46.75
2024-01-27 09:00:00,2024-01-27,9,1,January,Saturday,5.39,237.1,11.8,Living Room,45.81
2024-01-27 10:00:00,2024-01-27,10,1,January,Saturday,2.83,241.6,12.0,Factory Floor,24.05
2024-01-27 11:00:00,2024-01-27,11,1,January,Saturday,2.37,233.1,19.7,Office,20.14
2024-01-27 12:00:00,2024-01-27,12,1,January,Saturday,2.59,240.0,11.1,Living Room,22.02
2024-01-27 13:00:00,2024-01-27,13,1,January,Saturday,2.2,233.5,22.1,Living Room,18.7
2024-01-27 14:00:00,2024-01-27,14,1,January,Saturday,2.91,237.9,15.0,Living Room,24.73
2024-01-27 15:00:00,2024-01-27,15,1,January,Saturday,2.94,219.2,23.9,Factory Floor,24.99
2024-01-27 16:00:00,2024-01-27,16,1,January,Saturday,2.82,227.5,10.4,Factory Floor,23.97
2024-01-27 17:00:00,2024-01-27,17,1,January,Saturday,2.17,223.2,12.8,AC Unit,18.45
2024-01-27 18:00:00,2024-01-27,18,1,January,Saturday,7.93,232.7,19.3,AC Unit,67.41
2024-01-27 19:00:00,2024-01-27,19,1,January,Saturday,8.88,229.5,11.3,Factory Floor,75.48
2024-01-27 20:00:00,2024-01-27,20,1,January,Saturday,6.75,239.2,17.9,Office,57.38
2024-01-27 21:00:00,2024-01-27,21,1,January,Saturday,10.17,236.8,15.4,Office,86.44
2024-01-27 22:00:00,2024-01-27,22,1,January,Saturday,9.47,231.6,14.8,AC Unit,80.5
2024-01-27 23:00:00,2024-01-27,23,1,January,Saturday,2.18,225.7,13.3,AC Unit,18.53
2024-01-28 00:00:00,2024-01-28,0,1,January,Sunday,1.93,230.7,21.5,Kitchen,16.41
2024-01-28 01:00:00,2024-01-28,1,1,January,Sunday,0.5,233.8,14.0,Living Room,4.25
2024-01-28 02:00:00,2024-01-28,2,1,January,Sunday,1.18,231.8,24.7,Factory Floor,10.03
2024-01-28 03:00:00,2024-01-28,3,1,January,Sunday,1.48,238.3,12.6,Office,12.58
2024-01-28 04:00:00,2024-01-28,4,1,January,Sunday,1.42,226.6,18.9,AC Unit,12.07
2024-01-28 05:00:00,2024-01-28,5,1,January,Sunday,0.62,231.5,12.8,Factory Floor,5.27
2024-01-28 06:00:00,2024-01-28,6,1,January,Sunday,6.8,218.9,10.8,Office,57.8
2024-01-28 07:00:00,2024-01-28,7,1,January,Sunday,6.18,218.0,23.8,Kitchen,52.53
2024-01-28 08:00:00,2024-01-28,8,1,January,Sunday,7.76,222.3,22.0,AC Unit,65.96
2024-01-28 09:00:00,2024-01-28,9,1,January,Sunday,5.33,234.9,12.1,Living Room,45.3
2024-01-28 10:00:00,2024-01-28,10,1,January,Sunday,2.85,238.7,24.4,AC Unit,24.23
2024-01-28 11:00:00,2024-01-28,11,1,January,Sunday,2.7,233.9,18.8,AC Unit,22.95
2024-01-28 12:00:00,2024-01-28,12,1,January,Sunday,2.3,221.3,12.4,Factory Floor,19.55
2024-01-28 13:00:00,2024-01-28,13,1,January,Sunday,2.79,241.1,19.7,Kitchen,23.71
2024-01-28 14:00:00,2024-01-28,14,1,January,Sunday,2.71,231.5,23.3,Office,23.04
2024-01-28 15:00:00,2024-01-28,15,1,January,Sunday,2.79,223.4,18.8,Kitchen,23.71
2024-01-28 16:00:00,2024-01-28,16,1,January,Sunday,2.38,235.6,14.4,Kitchen,20.23
2024-01-28 17:00:00,2024-01-28,17,1,January,Sunday,2.73,240.8,24.2,Factory Floor,23.2
2024-01-28 18:00:00,2024-01-28,18,1,January,Sunday,10.17,231.6,12.7,AC Unit,86.44
2024-01-28 19:00:00,2024-01-28,19,1,January,Sunday,10.65,223.3,18.5,Factory Floor,90.53
2024-01-28 20:00:00,2024-01-28,20,1,January,Sunday,7.31,223.7,24.7,Kitchen,62.13
2024-01-28 21:00:00,2024-01-28,21,1,January,Sunday,9.51,237.7,20.1,AC Unit,80.83
2024-01-28 22:00:00,2024-01-28,22,1,January,Sunday,8.05,224.0,11.0,AC Unit,68.43
2024-01-28 23:00:00,2024-01-28,23,1,January,Sunday,2.79,235.3,10.7,Factory Floor,23.71
2024-01-29 00:00:00,2024-01-29,0,1,January,Monday,1.24,239.2,17.4,Factory Floor,10.54
2024-01-29 01:00:00,2024-01-29,1,1,January,Monday,1.02,237.9,21.8,Office,8.67
2024-01-29 02:00:00,2024-01-29,2,1,January,Monday,1.04,221.9,11.1,Living Room,8.84
2024-01-29 03:00:00,2024-01-29,3,1,January,Monday,1.02,240.8,11.1,Kitchen,8.67
2024-01-29 04:00:00,2024-01-29,4,1,January,Monday,0.5,219.8,24.1,Living Room,4.25
2024-01-29 05:00:00,2024-01-29,5,1,January,Monday,1.65,239.4,20.6,Factory Floor,14.02
2024-01-29 06:00:00,2024-01-29,6,1,January,Monday,7.99,239.4,12.4,Living Room,67.92
2024-01-29 07:00:00,2024-01-29,7,1,January,Monday,6.97,227.8,18.3,Office,59.24
2024-01-29 08:00:00,2024-01-29,8,1,January,Monday,6.08,223.7,10.7,Office,51.68
2024-01-29 09:00:00,2024-01-29,9,1,January,Monday,7.14,219.3,10.1,Living Room,60.69
2024-01-29 10:00:00,2024-01-29,10,1,January,Monday,2.29,233.9,19.0,Kitchen,19.46
2024-01-29 11:00:00,2024-01-29,11,1,January,Monday,2.1,223.0,19.6,Living Room,17.85
2024-01-29 12:00:00,2024-01-29,12,1,January,Monday,2.47,220.8,21.8,Factory Floor,21.0
2024-01-29 13:00:00,2024-01-29,13,1,January,Monday,2.49,233.9,11.4,Office,21.17
2024-01-29 14:00:00,2024-01-29,14,1,January,Monday,2.39,226.9,15.7,Kitchen,20.32
2024-01-29 15:00:00,2024-01-29,15,1,January,Monday,2.45,224.3,17.0,Kitchen,20.83
2024-01-29 16:00:00,2024-01-29,16,1,January,Monday,2.84,231.5,12.3,Living Room,24.14
2024-01-29 17:00:00,2024-01-29,17,1,January,Monday,2.09,226.3,18.1,Office,17.77
2024-01-29 18:00:00,2024-01-29,18,1,January,Monday,6.97,227.3,17.8,Office,59.24
2024-01-29 19:00:00,2024-01-29,19,1,January,Monday,9.68,231.7,13.5,AC Unit,82.28
2024-01-29 20:00:00,2024-01-29,20,1,January,Monday,7.22,235.1,17.5,Office,61.37
2024-01-29 21:00:00,2024-01-29,21,1,January,Monday,9.88,232.9,11.8,Factory Floor,83.98
2024-01-29 22:00:00,2024-01-29,22,1,January,Monday,7.68,241.3,22.1,Kitchen,65.28
2024-01-29 23:00:00,2024-01-29,23,1,January,Monday,2.04,219.9,20.2,Kitchen,17.34
2024-01-30 00:00:00,2024-01-30,0,1,January,Tuesday,0.63,238.0,13.9,Living Room,5.36
2024-01-30 01:00:00,2024-01-30,1,1,January,Tuesday,1.47,231.2,22.8,Office,12.49
2024-01-30 02:00:00,2024-01-30,2,1,January,Tuesday,1.42,236.9,19.3,Office,12.07
2024-01-30 03:00:00,2024-01-30,3,1,January,Tuesday,0.5,221.6,18.5,Office,4.25
2024-01-30 04:00:00,2024-01-30,4,1,January,Tuesday,1.18,240.2,18.4,Living Room,10.03
2024-01-30 05:00:00,2024-01-30,5,1,January,Tuesday,1.08,239.1,23.2,AC Unit,9.18
2024-01-30 06:00:00,2024-01-30,6,1,January,Tuesday,6.63,232.6,10.6,AC Unit,56.35
2024-01-30 07:00:00,2024-01-30,7,1,January,Tuesday,6.83,234.3,16.0,Factory Floor,58.05
2024-01-30 08:00:00,2024-01-30,8,1,January,Tuesday,8.0,223.7,21.2,AC Unit,68.0
2024-01-30 09:00:00,2024-01-30,9,1,January,Tuesday,7.71,237.6,14.5,AC Unit,65.53
2024-01-30 10:00:00,2024-01-30,10,1,January,Tuesday,2.84,238.6,20.3,Kitchen,24.14
2024-01-30 11:00:00,2024-01-30,11,1,January,Tuesday,2.13,241.4,16.6,AC Unit,18.11
2024-01-30 12:00:00,2024-01-30,12,1,January,Tuesday,2.27,228.0,19.7,Kitchen,19.3
2024-01-30 13:00:00,2024-01-30,13,1,January,Tuesday,2.44,239.9,16.1,Factory Floor,20.74
2024-01-30 14:00:00,2024-01-30,14,1,January,Tuesday,2.76,238.8,22.3,Office,23.46
2024-01-30 15:00:00,2024-01-30,15,1,January,Tuesday,2.79,219.6,20.6,Factory Floor,23.71
2024-01-30 16:00:00,2024-01-30,16,1,January,Tuesday,2.14,238.4,23.2,Living Room,18.19
2024-01-30 17:00:00,2024-01-30,17,1,January,Tuesday,2.17,239.0,13.0,Living Room,18.45
2024-01-30 18:00:00,2024-01-30,18,1,January,Tuesday,7.45,240.0,20.6,AC Unit,63.33
2024-01-30 19:00:00,2024-01-30,19,1,January,Tuesday,7.94,227.5,23.8,Living Room,67.49
2024-01-30 20:00:00,2024-01-30,20,1,January,Tuesday,7.46,228.7,24.4,Factory Floor,63.41
2024-01-30 21:00:00,2024-01-30,21,1,January,Tuesday,8.7,221.9,23.4,Living Room,73.95
2024-01-30 22:00:00,2024-01-30,22,1,January,Tuesday,7.53,221.9,18.6,Kitchen,64.0
2024-01-30 23:00:00,2024-01-30,23,1,January,Tuesday,2.86,233.5,20.2,AC Unit,24.31
2024-01-31 00:00:00,2024-01-31,0,1,January,Wednesday,0.86,238.8,24.5,Living Room,7.31
2024-01-31 01:00:00,2024-01-31,1,1,January,Wednesday,0.66,222.2,22.0,Kitchen,5.61
2024-01-31 02:00:00,2024-01-31,2,1,January,Wednesday,1.55,225.3,24.5,AC Unit,13.18
2024-01-31 03:00:00,2024-01-31,3,1,January,Wednesday,0.95,226.4,13.8,Factory Floor,8.07
2024-01-31 04:00:00,2024-01-31,4,1,January,Wednesday,1.22,233.0,18.8,Living Room,10.37
2024-01-31 05:00:00,2024-01-31,5,1,January,Wednesday,1.15,238.2,15.6,Office,9.77
2024-01-31 06:00:00,2024-01-31,6,1,January,Wednesday,7.13,220.6,11.0,AC Unit,60.6
2024-01-31 07:00:00,2024-01-31,7,1,January,Wednesday,7.78,224.3,20.7,AC Unit,66.13
2024-01-31 08:00:00,2024-01-31,8,1,January,Wednesday,6.08,223.8,10.9,Office,51.68
2024-01-31 09:00:00,2024-01-31,9,1,January,Wednesday,6.53,221.4,10.4,Factory Floor,55.51
2024-01-31 10:00:00,2024-01-31,10,1,January,Wednesday,3.0,224.2,16.3,Factory Floor,25.5
2024-01-31 11:00:00,2024-01-31,11,1,January,Wednesday,2.74,232.0,24.9,Kitchen,23.29
2024-01-31 12:00:00,2024-01-31,12,1,January,Wednesday,2.34,235.1,20.3,Factory Floor,19.89
2024-01-31 13:00:00,2024-01-31,13,1,January,Wednesday,2.91,234.1,17.6,Kitchen,24.73
2024-01-31 14:00:00,2024-01-31,14,1,January,Wednesday,2.84,239.0,12.7,Living Room,24.14
2024-01-31 15:00:00,2024-01-31,15,1,January,Wednesday,2.47,235.8,20.9,Office,21.0
2024-01-31 16:00:00,2024-01-31,16,1,January,Wednesday,2.76,222.4,20.2,AC Unit,23.46
2024-01-31 17:00:00,2024-01-31,17,1,January,Wednesday,2.65,223.3,13.3,AC Unit,22.52
2024-01-31 18:00:00,2024-01-31,18,1,January,Wednesday,8.57,226.9,18.8,Factory Floor,72.84
2024-01-31 19:00:00,2024-01-31,19,1,January,Wednesday,9.88,238.8,18.8,Office,83.98
2024-01-31 20:00:00,2024-01-31,20,1,January,Wednesday,7.17,230.0,23.0,Factory Floor,60.95
2024-01-31 21:00:00,2024-01-31,21,1,January,Wednesday,8.53,238.9,12.3,Kitchen,72.5
2024-01-31 22:00:00,2024-01-31,22,1,January,Wednesday,8.36,239.4,24.8,Kitchen,71.06
2024-01-31 23:00:00,2024-01-31,23,1,January,Wednesday,2.32,235.2,21.7,Factory Floor,19.72
2024-02-01 00:00:00,2024-02-01,0,2,February,Thursday,1.65,225.5,10.9,Factory Floor,14.02
2024-02-01 01:00:00,2024-02-01,1,2,February,Thursday,1.49,222.0,21.5,Factory Floor,12.66
2024-02-01 02:00:00,2024-02-01,2,2,February,Thursday,0.99,221.1,16.5,Factory Floor,8.41
2024-02-01 03:00:00,2024-02-01,3,2,February,Thursday,1.56,227.2,10.6,Kitchen,13.26
2024-02-01 04:00:00,2024-02-01,4,2,February,Thursday,1.22,239.4,21.4,Office,10.37
2024-02-01 05:00:00,2024-02-01,5,2,February,Thursday,1.49,233.0,13.7,AC Unit,12.66
2024-02-01 06:00:00,2024-02-01,6,2,February,Thursday,6.04,230.1,14.6,Living Room,51.34
2024-02-01 07:00:00,2024-02-01,7,2,February,Thursday,7.77,225.0,20.9,Office,66.05
2024-02-01 08:00:00,2024-02-01,8,2,February,Thursday,7.01,234.5,12.0,Factory Floor,59.59
2024-02-01 09:00:00,2024-02-01,9,2,February,Thursday,6.27,240.8,23.8,Factory Floor,53.29
2024-02-01 10:00:00,2024-02-01,10,2,February,Thursday,2.02,223.4,24.8,Kitchen,17.17
2024-02-01 11:00:00,2024-02-01,11,2,February,Thursday,2.73,232.2,12.5,AC Unit,23.2
2024-02-01 12:00:00,2024-02-01,12,2,February,Thursday,2.71,237.0,15.6,AC Unit,23.04
2024-02-01 13:00:00,2024-02-01,13,2,February,Thursday,2.77,233.0,18.9,Living Room,23.55
2024-02-01 14:00:00,2024-02-01,14,2,February,Thursday,2.66,233.7,10.3,Living Room,22.61
2024-02-01 15:00:00,2024-02-01,15,2,February,Thursday,2.42,227.1,18.2,Factory Floor,20.57
2024-02-01 16:00:00,2024-02-01,16,2,February,Thursday,2.7,222.9,20.3,Living Room,22.95
2024-02-01 17:00:00,2024-02-01,17,2,February,Thursday,2.3,233.9,19.9,AC Unit,19.55
2024-02-01 18:00:00,2024-02-01,18,2,February,Thursday,9.19,228.1,23.5,Office,78.11
2024-02-01 19:00:00,2024-02-01,19,2,February,Thursday,8.99,220.7,11.6,Kitchen,76.42
2024-02-01 20:00:00,2024-02-01,20,2,February,Thursday,9.21,238.0,24.6,AC Unit,78.29
2024-02-01 21:00:00,2024-02-01,21,2,February,Thursday,9.11,218.9,17.4,Kitchen,77.44
2024-02-01 22:00:00,2024-02-01,22,2,February,Thursday,9.23,223.6,10.2,Living Room,78.45
2024-02-01 23:00:00,2024-02-01,23,2,February,Thursday,2.91,238.0,20.0,Kitchen,24.73
2024-02-02 00:00:00,2024-02-02,0,2,February,Friday,0.83,219.8,20.9,AC Unit,7.05
2024-02-02 01:00:00,2024-02-02,1,2,February,Friday,0.81,241.5,14.0,Living Room,6.89
2024-02-02 02:00:00,2024-02-02,2,2,February,Friday,1.07,218.9,14.4,AC Unit,9.1
2024-02-02 03:00:00,2024-02-02,3,2,February,Friday,0.69,238.4,23.4,Living Room,5.86
2024-02-02 04:00:00,2024-02-02,4,2,February,Friday,0.81,222.1,15.4,Factory Floor,6.89
2024-02-02 05:00:00,2024-02-02,5,2,February,Friday,0.5,235.6,15.6,AC Unit,4.25
2024-02-02 06:00:00,2024-02-02,6,2,February,Friday,5.95,241.1,14.1,Factory Floor,50.58
2024-02-02 07:00:00,2024-02-02,7,2,February,Friday,7.55,228.1,23.3,Kitchen,64.17
2024-02-02 08:00:00,2024-02-02,8,2,February,Friday,6.04,219.4,24.1,Kitchen,51.34
2024-02-02 09:00:00,2024-02-02,9,2,February,Friday,6.22,229.6,18.5,Factory Floor,52.87
2024-02-02 10:00:00,2024-02-02,10,2,February,Friday,2.18,227.1,15.4,Living Room,18.53
2024-02-02 11:00:00,2024-02-02,11,2,February,Friday,2.86,239.1,20.9,Kitchen,24.31
2024-02-02 12:00:00,2024-02-02,12,2,February,Friday,2.48,229.7,23.3,Factory Floor,21.08
2024-02-02 13:00:00,2024-02-02,13,2,February,Friday,2.05,224.3,14.7,Office,17.42
2024-02-02 14:00:00,2024-02-02,14,2,February,Friday,2.77,231.8,18.5,AC Unit,23.55
2024-02-02 15:00:00,2024-02-02,15,2,February,Friday,2.52,234.5,19.3,Factory Floor,21.42
2024-02-02 16:00:00,2024-02-02,16,2,February,Friday,2.66,224.0,15.2,Factory Floor,22.61
2024-02-02 17:00:00,2024-02-02,17,2,February,Friday,2.15,237.8,23.4,Office,18.27
2024-02-02 18:00:00,2024-02-02,18,2,February,Friday,6.86,221.8,22.7,Factory Floor,58.31
2024-02-02 19:00:00,2024-02-02,19,2,February,Friday,9.55,229.8,13.6,AC Unit,81.18
2024-02-02 20:00:00,2024-02-02,20,2,February,Friday,6.42,233.4,16.0,Kitchen,54.57
2024-02-02 21:00:00,2024-02-02,21,2,February,Friday,6.76,231.8,11.3,Factory Floor,57.46
2024-02-02 22:00:00,2024-02-02,22,2,February,Friday,7.91,229.9,19.8,Living Room,67.23
2024-02-02 23:00:00,2024-02-02,23,2,February,Friday,2.4,218.9,18.2,Living Room,20.4
2024-02-03 00:00:00,2024-02-03,0,2,February,Saturday,1.17,233.3,23.4,Office,9.95
2024-02-03 01:00:00,2024-02-03,1,2,February,Saturday,1.46,240.8,15.5,Living Room,12.41
2024-02-03 02:00:00,2024-02-03,2,2,February,Saturday,1.03,226.0,21.5,Office,8.76
2024-02-03 03:00:00,2024-02-03,3,2,February,Saturday,1.18,235.2,11.7,Kitchen,10.03
2024-02-03 04:00:00,2024-02-03,4,2,February,Saturday,1.35,233.2,22.0,Office,11.48
2024-02-03 05:00:00,2024-02-03,5,2,February,Saturday,1.18,219.1,12.5,Kitchen,10.03
2024-02-03 06:00:00,2024-02-03,6,2,February,Saturday,8.21,227.8,13.8,Kitchen,69.79
2024-02-03 07:00:00,2024-02-03,7,2,February,Saturday,6.49,227.4,16.9,Kitchen,55.16
2024-02-03 08:00:00,2024-02-03,8,2,February,Saturday,7.26,227.9,23.9,Office,61.71
2024-02-03 09:00:00,2024-02-03,9,2,February,Saturday,6.26,229.0,18.8,Office,53.21
2024-02-03 10:00:00,2024-02-03,10,2,February,Saturday,2.13,230.0,18.0,Living Room,18.11
2024-02-03 11:00:00,2024-02-03,11,2,February,Saturday,2.55,228.4,18.8,Office,21.67
2024-02-03 12:00:00,2024-02-03,12,2,February,Saturday,2.78,239.8,20.4,Kitchen,23.63
2024-02-03 13:00:00,2024-02-03,13,2,February,Saturday,2.73,221.1,15.8,Office,23.2
2024-02-03 14:00:00,2024-02-03,14,2,February,Saturday,2.61,225.7,23.2,Factory Floor,22.18
2024-02-03 15:00:00,2024-02-03,15,2,February,Saturday,2.98,240.0,21.4,AC Unit,25.33
2024-02-03 16:00:00,2024-02-03,16,2,February,Saturday,2.4,226.2,14.4,Kitchen,20.4
2024-02-03 17:00:00,2024-02-03,17,2,February,Saturday,2.14,232.5,23.3,Office,18.19
2024-02-03 18:00:00,2024-02-03,18,2,February,Saturday,7.9,238.7,20.7,Office,67.15
2024-02-03 19:00:00,2024-02-03,19,2,February,Saturday,8.73,233.0,14.4,AC Unit,74.2
2024-02-03 20:00:00,2024-02-03,20,2,February,Saturday,9.82,235.0,24.6,Kitchen,83.47
2024-02-03 21:00:00,2024-02-03,21,2,February,Saturday,8.71,225.7,11.7,AC Unit,74.04
2024-02-03 22:00:00,2024-02-03,22,2,February,Saturday,8.83,240.6,20.7,Office,75.06
2024-02-03 23:00:00,2024-02-03,23,2,February,Saturday,2.29,238.3,22.1,Office,19.46
2024-02-04 00:00:00,2024-02-04,0,2,February,Sunday,1.27,219.3,10.8,AC Unit,10.79
2024-02-04 01:00:00,2024-02-04,1,2,February,Sunday,0.5,224.9,13.8,Living Room,4.25
2024-02-04 02:00:00,2024-02-04,2,2,February,Sunday,0.6,236.1,10.5,Factory Floor,5.1
2024-02-04 03:00:00,2024-02-04,3,2,February,Sunday,1.77,235.7,23.0,Office,15.04
2024-02-04 04:00:00,2024-02-04,4,2,February,Sunday,1.12,237.1,20.4,Living Room,9.52
2024-02-04 05:00:00,2024-02-04,5,2,February,Sunday,0.5,241.0,24.6,AC Unit,4.25
2024-02-04 06:00:00,2024-02-04,6,2,February,Sunday,7.95,235.8,13.0,Factory Floor,67.58
2024-02-04 07:00:00,2024-02-04,7,2,February,Sunday,8.4,234.9,19.7,Office,71.4
2024-02-04 08:00:00,2024-02-04,8,2,February,Sunday,7.24,236.6,24.5,AC Unit,61.54
2024-02-04 09:00:00,2024-02-04,9,2,February,Sunday,7.33,219.8,24.4,Office,62.3
2024-02-04 10:00:00,2024-02-04,10,2,February,Sunday,2.12,219.0,14.2,AC Unit,18.02
2024-02-04 11:00:00,2024-02-04,11,2,February,Sunday,2.13,232.0,13.8,AC Unit,18.11
2024-02-04 12:00:00,2024-02-04,12,2,February,Sunday,2.47,240.5,10.6,AC Unit,21.0
2024-02-04 13:00:00,2024-02-04,13,2,February,Sunday,2.6,236.6,19.4,AC Unit,22.1
2024-02-04 14:00:00,2024-02-04,14,2,February,Sunday,2.49,231.7,15.4,AC Unit,21.17
2024-02-04 15:00:00,2024-02-04,15,2,February,Sunday,2.53,241.0,17.8,Office,21.5
2024-02-04 16:00:00,2024-02-04,16,2,February,Sunday,2.16,231.0,16.1,AC Unit,18.36
2024-02-04 17:00:00,2024-02-04,17,2,February,Sunday,2.22,223.1,15.0,AC Unit,18.87
2024-02-04 18:00:00,2024-02-04,18,2,February,Sunday,8.12,232.8,17.1,Office,69.02
2024-02-04 19:00:00,2024-02-04,19,2,February,Sunday,10.28,218.2,20.0,Factory Floor,87.38
2024-02-04 20:00:00,2024-02-04,20,2,February,Sunday,7.6,240.0,13.7,Living Room,64.6
2024-02-04 21:00:00,2024-02-04,21,2,February,Sunday,9.05,240.0,24.2,Factory Floor,76.93
2024-02-04 22:00:00,2024-02-04,22,2,February,Sunday,7.75,218.6,17.8,AC Unit,65.88
2024-02-04 23:00:00,2024-02-04,23,2,February,Sunday,2.51,230.2,17.3,AC Unit,21.33
2024-02-05 00:00:00,2024-02-05,0,2,February,Monday,0.5,230.3,24.2,Kitchen,4.25
2024-02-05 01:00:00,2024-02-05,1,2,February,Monday,0.8,230.8,19.4,Kitchen,6.8
2024-02-05 02:00:00,2024-02-05,2,2,February,Monday,1.1,238.8,16.4,Living Room,9.35
2024-02-05 03:00:00,2024-02-05,3,2,February,Monday,1.62,239.1,21.1,Factory Floor,13.77
2024-02-05 04:00:00,2024-02-05,4,2,February,Monday,1.29,235.9,12.3,Factory Floor,10.96
2024-02-05 05:00:00,2024-02-05,5,2,February,Monday,0.5,219.8,12.7,AC Unit,4.25
2024-02-05 06:00:00,2024-02-05,6,2,February,Monday,7.25,223.5,13.9,Factory Floor,61.62
2024-02-05 07:00:00,2024-02-05,7,2,February,Monday,6.76,225.6,15.8,Living Room,57.46
2024-02-05 08:00:00,2024-02-05,8,2,February,Monday,7.25,232.8,21.3,Office,61.62
2024-02-05 09:00:00,2024-02-05,9,2,February,Monday,5.98,226.6,17.5,AC Unit,50.83
2024-02-05 10:00:00,2024-02-05,10,2,February,Monday,2.79,225.2,11.3,Factory Floor,23.71
2024-02-05 11:00:00,2024-02-05,11,2,February,Monday,2.38,237.7,10.5,Kitchen,20.23
2024-02-05 12:00:00,2024-02-05,12,2,February,Monday,2.53,221.3,15.9,Office,21.5
2024-02-05 13:00:00,2024-02-05,13,2,February,Monday,2.29,233.2,14.5,AC Unit,19.46
2024-02-05 14:00:00,2024-02-05,14,2,February,Monday,2.96,218.3,23.1,Kitchen,25.16
2024-02-05 15:00:00,2024-02-05,15,2,February,Monday,2.12,218.1,18.9,Office,18.02
2024-02-05 16:00:00,2024-02-05,16,2,February,Monday,2.55,220.0,13.2,AC Unit,21.67
2024-02-05 17:00:00,2024-02-05,17,2,February,Monday,2.21,239.7,22.8,Kitchen,18.79
2024-02-05 18:00:00,2024-02-05,18,2,February,Monday,6.86,238.0,12.9,Kitchen,58.31
2024-02-05 19:00:00,2024-02-05,19,2,February,Monday,9.25,219.3,21.3,Office,78.62
2024-02-05 20:00:00,2024-02-05,20,2,February,Monday,8.39,225.0,11.0,Living Room,71.31
2024-02-05 21:00:00,2024-02-05,21,2,February,Monday,7.37,240.8,15.4,Kitchen,62.65
2024-02-05 22:00:00,2024-02-05,22,2,February,Monday,7.02,239.6,14.8,Factory Floor,59.67
2024-02-05 23:00:00,2024-02-05,23,2,February,Monday,2.33,233.8,20.4,Kitchen,19.8
2024-02-06 00:00:00,2024-02-06,0,2,February,Tuesday,0.8,225.6,16.4,Living Room,6.8
2024-02-06 01:00:00,2024-02-06,1,2,February,Tuesday,1.47,235.1,19.6,AC Unit,12.49
2024-02-06 02:00:00,2024-02-06,2,2,February,Tuesday,0.5,235.6,23.2,Factory Floor,4.25
2024-02-06 03:00:00,2024-02-06,3,2,February,Tuesday,1.33,229.7,11.6,Office,11.3
2024-02-06 04:00:00,2024-02-06,4,2,February,Tuesday,1.2,237.8,23.4,Kitchen,10.2
2024-02-06 05:00:00,2024-02-06,5,2,February,Tuesday,1.62,219.8,11.1,Living Room,13.77
2024-02-06 06:00:00,2024-02-06,6,2,February,Tuesday,8.18,237.5,18.7,Office,69.53
2024-02-06 07:00:00,2024-02-06,7,2,February,Tuesday,5.67,224.3,23.4,Office,48.2
2024-02-06 08:00:00,2024-02-06,8,2,February,Tuesday,7.19,226.8,13.3,Office,61.12
2024-02-06 09:00:00,2024-02-06,9,2,February,Tuesday,7.49,229.2,17.7,Factory Floor,63.66
2024-02-06 10:00:00,2024-02-06,10,2,February,Tuesday,2.36,218.3,13.6,Office,20.06
2024-02-06 11:00:00,2024-02-06,11,2,February,Tuesday,2.68,236.2,12.1,Kitchen,22.78
2024-02-06 12:00:00,2024-02-06,12,2,February,Tuesday,2.18,240.8,19.9,Kitchen,18.53
2024-02-06 13:00:00,2024-02-06,13,2,February,Tuesday,2.74,229.6,15.4,Kitchen,23.29
2024-02-06 14:00:00,2024-02-06,14,2,February,Tuesday,2.76,223.6,14.0,Kitchen,23.46
2024-02-06 15:00:00,2024-02-06,15,2,February,Tuesday,2.04,223.0,23.6,AC Unit,17.34
2024-02-06 16:00:00,2024-02-06,16,2,February,Tuesday,2.39,240.0,23.2,Living Room,20.32
2024-02-06 17:00:00,2024-02-06,17,2,February,Tuesday,2.98,225.8,20.6,Office,25.33
2024-02-06 18:00:00,2024-02-06,18,2,February,Tuesday,8.81,235.8,18.7,Office,74.89
2024-02-06 19:00:00,2024-02-06,19,2,February,Tuesday,7.35,226.8,19.8,Living Room,62.47
2024-02-06 20:00:00,2024-02-06,20,2,February,Tuesday,8.44,239.8,17.7,AC Unit,71.74
2024-02-06 21:00:00,2024-02-06,21,2,February,Tuesday,9.61,237.0,23.3,Living Room,81.69
2024-02-06 22:00:00,2024-02-06,22,2,February,Tuesday,8.15,222.0,11.2,AC Unit,69.28
2024-02-06 23:00:00,2024-02-06,23,2,February,Tuesday,2.21,222.5,15.4,Living Room,18.79
2024-02-07 00:00:00,2024-02-07,0,2,February,Wednesday,0.75,225.9,11.7,Factory Floor,6.38
2024-02-07 01:00:00,2024-02-07,1,2,February,Wednesday,1.11,233.5,16.2,Kitchen,9.44
2024-02-07 02:00:00,2024-02-07,2,2,February,Wednesday,1.53,221.9,19.4,Living Room,13.01
2024-02-07 03:00:00,2024-02-07,3,2,February,Wednesday,0.5,222.0,23.8,Office,4.25
2024-02-07 04:00:00,2024-02-07,4,2,February,Wednesday,0.64,231.5,10.3,AC Unit,5.44
2024-02-07 05:00:00,2024-02-07,5,2,February,Wednesday,0.5,232.6,17.1,Factory Floor,4.25
2024-02-07 06:00:00,2024-02-07,6,2,February,Wednesday,6.34,232.4,21.9,Kitchen,53.89
2024-02-07 07:00:00,2024-02-07,7,2,February,Wednesday,7.38,222.0,20.3,Factory Floor,62.73
2024-02-07 08:00:00,2024-02-07,8,2,February,Wednesday,6.86,227.1,12.0,Living Room,58.31
2024-02-07 09:00:00,2024-02-07,9,2,February,Wednesday,6.47,230.1,16.3,Kitchen,54.99
2024-02-07 10:00:00,2024-02-07,10,2,February,Wednesday,2.61,222.3,23.5,Office,22.18
2024-02-07 11:00:00,2024-02-07,11,2,February,Wednesday,2.04,236.8,17.5,Living Room,17.34
2024-02-07 12:00:00,2024-02-07,12,2,February,Wednesday,2.09,233.8,23.5,Office,17.77
2024-02-07 13:00:00,2024-02-07,13,2,February,Wednesday,2.83,239.5,21.6,Factory Floor,24.05
2024-02-07 14:00:00,2024-02-07,14,2,February,Wednesday,2.52,226.9,10.7,Office,21.42
2024-02-07 15:00:00,2024-02-07,15,2,February,Wednesday,2.43,240.5,17.2,Factory Floor,20.66
2024-02-07 16:00:00,2024-02-07,16,2,February,Wednesday,2.35,237.3,23.6,Office,19.98
2024-02-07 17:00:00,2024-02-07,17,2,February,Wednesday,2.1,221.2,17.2,Kitchen,17.85
2024-02-07 18:00:00,2024-02-07,18,2,February,Wednesday,9.72,232.4,18.2,AC Unit,82.62
2024-02-07 19:00:00,2024-02-07,19,2,February,Wednesday,7.47,236.9,18.7,Living Room,63.49
2024-02-07 20:00:00,2024-02-07,20,2,February,Wednesday,8.45,222.9,22.1,Factory Floor,71.82
2024-02-07 21:00:00,2024-02-07,21,2,February,Wednesday,7.6,233.6,13.8,Office,64.6
2024-02-07 22:00:00,2024-02-07,22,2,February,Wednesday,8.06,224.6,20.2,Kitchen,68.51
2024-02-07 23:00:00,2024-02-07,23,2,February,Wednesday,2.41,236.8,17.2,AC Unit,20.48
2024-02-08 00:00:00,2024-02-08,0,2,February,Thursday,0.92,241.7,18.7,Factory Floor,7.82
2024-02-08 01:00:00,2024-02-08,1,2,February,Thursday,1.12,233.8,21.2,Factory Floor,9.52
2024-02-08 02:00:00,2024-02-08,2,2,February,Thursday,1.17,220.4,17.6,AC Unit,9.95
2024-02-08 03:00:00,2024-02-08,3,2,February,Thursday,0.81,234.4,10.8,Factory Floor,6.89
2024-02-08 04:00:00,2024-02-08,4,2,February,Thursday,0.5,220.2,12.2,Office,4.25
2024-02-08 05:00:00,2024-02-08,5,2,February,Thursday,0.63,223.3,11.2,Living Room,5.36
2024-02-08 06:00:00,2024-02-08,6,2,February,Thursday,8.1,227.6,19.8,AC Unit,68.85
2024-02-08 07:00:00,2024-02-08,7,2,February,Thursday,7.73,240.7,22.3,Factory Floor,65.7
2024-02-08 08:00:00,2024-02-08,8,2,February,Thursday,6.52,233.8,22.1,AC Unit,55.42
2024-02-08 09:00:00,2024-02-08,9,2,February,Thursday,6.37,230.3,20.5,Office,54.15
2024-02-08 10:00:00,2024-02-08,10,2,February,Thursday,2.17,218.9,13.6,Living Room,18.45
2024-02-08 11:00:00,2024-02-08,11,2,February,Thursday,2.98,220.1,14.1,Factory Floor,25.33
2024-02-08 12:00:00,2024-02-08,12,2,February,Thursday,2.35,227.5,18.8,Office,19.98
2024-02-08 13:00:00,2024-02-08,13,2,February,Thursday,2.02,234.9,23.8,Office,17.17
2024-02-08 14:00:00,2024-02-08,14,2,February,Thursday,2.28,237.9,23.7,AC Unit,19.38
2024-02-08 15:00:00,2024-02-08,15,2,February,Thursday,2.35,237.6,13.4,Kitchen,19.98
2024-02-08 16:00:00,2024-02-08,16,2,February,Thursday,2.45,227.7,10.1,Kitchen,20.83
2024-02-08 17:00:00,2024-02-08,17,2,February,Thursday,2.41,220.6,11.1,AC Unit,20.48
2024-02-08 18:00:00,2024-02-08,18,2,February,Thursday,7.48,230.3,13.9,Office,63.58
2024-02-08 19:00:00,2024-02-08,19,2,February,Thursday,9.83,234.7,24.5,Office,83.56
2024-02-08 20:00:00,2024-02-08,20,2,February,Thursday,8.18,226.2,21.6,Factory Floor,69.53
2024-02-08 21:00:00,2024-02-08,21,2,February,Thursday,10.45,229.6,13.9,Factory Floor,88.82
2024-02-08 22:00:00,2024-02-08,22,2,February,Thursday,9.53,234.2,13.4,AC Unit,81.0
2024-02-08 23:00:00,2024-02-08,23,2,February,Thursday,2.41,226.5,18.0,AC Unit,20.48
2024-02-09 00:00:00,2024-02-09,0,2,February,Friday,0.84,234.2,22.3,Living Room,7.14
2024-02-09 01:00:00,2024-02-09,1,2,February,Friday,0.62,225.5,13.3,Office,5.27
2024-02-09 02:00:00,2024-02-09,2,2,February,Friday,1.68,234.4,23.6,Factory Floor,14.28
2024-02-09 03:00:00,2024-02-09,3,2,February,Friday,0.5,223.8,14.0,Kitchen,4.25
2024-02-09 04:00:00,2024-02-09,4,2,February,Friday,1.05,232.8,12.3,Living Room,8.93
2024-02-09 05:00:00,2024-02-09,5,2,February,Friday,0.96,240.9,17.4,Living Room,8.16
2024-02-09 06:00:00,2024-02-09,6,2,February,Friday,7.83,219.0,17.2,Office,66.56
2024-02-09 07:00:00,2024-02-09,7,2,February,Friday,6.84,239.1,18.6,AC Unit,58.14
2024-02-09 08:00:00,2024-02-09,8,2,February,Friday,7.46,240.0,14.2,Kitchen,63.41
2024-02-09 09:00:00,2024-02-09,9,2,February,Friday,7.38,230.6,16.3,Office,62.73
2024-02-09 10:00:00,2024-02-09,10,2,February,Friday,2.03,226.3,22.9,Kitchen,17.25
2024-02-09 11:00:00,2024-02-09,11,2,February,Friday,2.46,220.9,17.8,AC Unit,20.91
2024-02-09 12:00:00,2024-02-09,12,2,February,Friday,2.69,218.3,13.2,Office,22.86
2024-02-09 13:00:00,2024-02-09,13,2,February,Friday,2.1,226.7,22.9,Kitchen,17.85
2024-02-09 14:00:00,2024-02-09,14,2,February,Friday,2.55,223.7,17.1,Office,21.67
2024-02-09 15:00:00,2024-02-09,15,2,February,Friday,2.34,222.4,16.4,Factory Floor,19.89
2024-02-09 16:00:00,2024-02-09,16,2,February,Friday,2.7,226.9,22.8,AC Unit,22.95
2024-02-09 17:00:00,2024-02-09,17,2,February,Friday,2.45,231.7,24.7,Kitchen,20.83
2024-02-09 18:00:00,2024-02-09,18,2,February,Friday,9.98,237.3,18.3,Factory Floor,84.83
2024-02-09 19:00:00,2024-02-09,19,2,February,Friday,7.58,235.7,17.1,Living Room,64.43
2024-02-09 20:00:00,2024-02-09,20,2,February,Friday,7.21,241.9,22.7,Office,61.28
2024-02-09 21:00:00,2024-02-09,21,2,February,Friday,8.45,229.7,13.8,Office,71.82
2024-02-09 22:00:00,2024-02-09,22,2,February,Friday,6.29,221.9,13.2,AC Unit,53.47
2024-02-09 23:00:00,2024-02-09,23,2,February,Friday,2.48,233.1,16.7,AC Unit,21.08
2024-02-10 00:00:00,2024-02-10,0,2,February,Saturday,1.1,231.4,22.2,AC Unit,9.35
2024-02-10 01:00:00,2024-02-10,1,2,February,Saturday,1.1,238.8,24.4,Kitchen,9.35
2024-02-10 02:00:00,2024-02-10,2,2,February,Saturday,1.07,230.9,24.7,AC Unit,9.1
2024-02-10 03:00:00,2024-02-10,3,2,February,Saturday,1.32,229.7,21.0,Living Room,11.22
2024-02-10 04:00:00,2024-02-10,4,2,February,Saturday,0.91,233.2,12.2,Kitchen,7.74
2024-02-10 05:00:00,2024-02-10,5,2,February,Saturday,1.29,228.1,19.2,Factory Floor,10.96
2024-02-10 06:00:00,2024-02-10,6,2,February,Saturday,7.62,221.9,13.4,AC Unit,64.77
2024-02-10 07:00:00,2024-02-10,7,2,February,Saturday,7.67,232.5,15.9,Factory Floor,65.19
2024-02-10 08:00:00,2024-02-10,8,2,February,Saturday,8.28,235.9,17.8,Factory Floor,70.38
2024-02-10 09:00:00,2024-02-10,9,2,February,Saturday,6.43,218.6,20.9,AC Unit,54.66
2024-02-10 10:00:00,2024-02-10,10,2,February,Saturday,2.94,234.8,11.2,Kitchen,24.99
2024-02-10 11:00:00,2024-02-10,11,2,February,Saturday,2.4,220.3,24.1,Factory Floor,20.4
2024-02-10 12:00:00,2024-02-10,12,2,February,Saturday,2.55,218.6,16.0,Living Room,21.67
2024-02-10 13:00:00,2024-02-10,13,2,February,Saturday,2.1,232.8,11.3,Factory Floor,17.85
2024-02-10 14:00:00,2024-02-10,14,2,February,Saturday,2.31,223.9,14.3,Kitchen,19.64
2024-02-10 15:00:00,2024-02-10,15,2,February,Saturday,2.13,238.1,10.4,AC Unit,18.11
2024-02-10 16:00:00,2024-02-10,16,2,February,Saturday,2.86,225.8,17.1,Office,24.31
2024-02-10 17:00:00,2024-02-10,17,2,February,Saturday,2.93,231.2,12.0,Office,24.91
2024-02-10 18:00:00,2024-02-10,18,2,February,Saturday,7.31,233.1,19.5,Office,62.13
2024-02-10 19:00:00,2024-02-10,19,2,February,Saturday,8.38,230.8,23.6,Factory Floor,71.23
2024-02-10 20:00:00,2024-02-10,20,2,February,Saturday,8.96,228.6,15.5,AC Unit,76.16
2024-02-10 21:00:00,2024-02-10,21,2,February,Saturday,6.63,230.6,21.4,Kitchen,56.35
2024-02-10 22:00:00,2024-02-10,22,2,February,Saturday,7.84,218.2,23.8,Factory Floor,66.64
2024-02-10 23:00:00,2024-02-10,23,2,February,Saturday,2.3,236.4,22.0,Office,19.55
2024-02-11 00:00:00,2024-02-11,0,2,February,Sunday,0.78,227.0,16.2,Office,6.63
2024-02-11 01:00:00,2024-02-11,1,2,February,Sunday,0.81,235.2,19.7,Factory Floor,6.89
2024-02-11 02:00:00,2024-02-11,2,2,February,Sunday,0.86,233.0,17.7,Office,7.31
2024-02-11 03:00:00,2024-02-11,3,2,February,Sunday,0.88,224.8,21.1,AC Unit,7.48
2024-02-11 04:00:00,2024-02-11,4,2,February,Sunday,1.44,222.4,14.3,Factory Floor,12.24
2024-02-11 05:00:00,2024-02-11,5,2,February,Sunday,0.65,232.9,12.8,Living Room,5.53
2024-02-11 06:00:00,2024-02-11,6,2,February,Sunday,6.43,218.5,24.6,AC Unit,54.66
2024-02-11 07:00:00,2024-02-11,7,2,February,Sunday,6.52,235.5,13.5,Kitchen,55.42
2024-02-11 08:00:00,2024-02-11,8,2,February,Sunday,5.26,228.1,21.8,Factory Floor,44.71
2024-02-11 09:00:00,2024-02-11,9,2,February,Sunday,8.46,237.0,15.0,Kitchen,71.91
2024-02-11 10:00:00,2024-02-11,10,2,February,Sunday,2.06,236.6,11.1,Factory Floor,17.51
2024-02-11 11:00:00,2024-02-11,11,2,February,Sunday,2.18,239.5,13.8,Factory Floor,18.53
2024-02-11 12:00:00,2024-02-11,12,2,February,Sunday,2.83,220.9,21.5,Kitchen,24.05
2024-02-11 13:00:00,2024-02-11,13,2,February,Sunday,2.38,241.4,13.7,Living Room,20.23
2024-02-11 14:00:00,2024-02-11,14,2,February,Sunday,2.2,235.6,11.4,Kitchen,18.7
2024-02-11 15:00:00,2024-02-11,15,2,February,Sunday,2.47,234.4,14.7,AC Unit,21.0
2024-02-11 16:00:00,2024-02-11,16,2,February,Sunday,2.16,235.5,21.2,Office,18.36
2024-02-11 17:00:00,2024-02-11,17,2,February,Sunday,2.52,224.1,19.6,Kitchen,21.42
2024-02-11 18:00:00,2024-02-11,18,2,February,Sunday,7.49,234.0,24.6,Kitchen,63.66
2024-02-11 19:00:00,2024-02-11,19,2,February,Sunday,8.86,222.0,14.1,Living Room,75.31
2024-02-11 20:00:00,2024-02-11,20,2,February,Sunday,7.83,241.3,18.7,Factory Floor,66.56
2024-02-11 21:00:00,2024-02-11,21,2,February,Sunday,8.91,236.5,13.7,Factory Floor,75.73
2024-02-11 22:00:00,2024-02-11,22,2,February,Sunday,6.98,240.3,25.0,Living Room,59.33
2024-02-11 23:00:00,2024-02-11,23,2,February,Sunday,2.06,233.5,20.5,Living Room,17.51
2024-02-12 00:00:00,2024-02-12,0,2,February,Monday,1.11,241.6,21.8,AC Unit,9.44
2024-02-12 01:00:00,2024-02-12,1,2,February,Monday,0.63,222.6,20.3,AC Unit,5.36
2024-02-12 02:00:00,2024-02-12,2,2,February,Monday,0.53,218.9,20.6,Office,4.5
2024-02-12 03:00:00,2024-02-12,3,2,February,Monday,1.4,222.6,12.8,AC Unit,11.9
2024-02-12 04:00:00,2024-02-12,4,2,February,Monday,1.14,238.8,19.0,Office,9.69
2024-02-12 05:00:00,2024-02-12,5,2,February,Monday,1.37,228.8,22.3,Office,11.65
2024-02-12 06:00:00,2024-02-12,6,2,February,Monday,6.1,233.3,15.7,Kitchen,51.85
2024-02-12 07:00:00,2024-02-12,7,2,February,Monday,8.27,226.7,19.3,AC Unit,70.3
2024-02-12 08:00:00,2024-02-12,8,2,February,Monday,7.82,230.9,15.8,Office,66.47
2024-02-12 09:00:00,2024-02-12,9,2,February,Monday,7.82,221.7,14.2,Factory Floor,66.47
2024-02-12 10:00:00,2024-02-12,10,2,February,Monday,2.64,220.7,17.8,Living Room,22.44
2024-02-12 11:00:00,2024-02-12,11,2,February,Monday,2.04,240.5,12.7,Living Room,17.34
2024-02-12 12:00:00,2024-02-12,12,2,February,Monday,2.2,229.6,11.5,Office,18.7
2024-02-12 13:00:00,2024-02-12,13,2,February,Monday,2.64,227.3,17.3,Office,22.44
2024-02-12 14:00:00,2024-02-12,14,2,February,Monday,2.7,224.1,15.5,Office,22.95
2024-02-12 15:00:00,2024-02-12,15,2,February,Monday,2.72,218.3,23.8,Factory Floor,23.12
2024-02-12 16:00:00,2024-02-12,16,2,February,Monday,2.93,238.0,17.0,Living Room,24.91
2024-02-12 17:00:00,2024-02-12,17,2,February,Monday,2.36,235.8,23.4,AC Unit,20.06
2024-02-12 18:00:00,2024-02-12,18,2,February,Monday,9.24,232.8,17.9,Living Room,78.54
2024-02-12 19:00:00,2024-02-12,19,2,February,Monday,9.42,223.2,17.8,Living Room,80.07
2024-02-12 20:00:00,2024-02-12,20,2,February,Monday,9.43,222.5,17.9,Kitchen,80.16
2024-02-12 21:00:00,2024-02-12,21,2,February,Monday,9.23,231.4,18.4,Living Room,78.45
2024-02-12 22:00:00,2024-02-12,22,2,February,Monday,9.64,234.2,20.5,Factory Floor,81.94
2024-02-12 23:00:00,2024-02-12,23,2,February,Monday,2.88,222.0,12.7,Factory Floor,24.48
2024-02-13 00:00:00,2024-02-13,0,2,February,Tuesday,1.15,230.8,19.0,AC Unit,9.77
2024-02-13 01:00:00,2024-02-13,1,2,February,Tuesday,0.65,241.9,22.7,Factory Floor,5.53
2024-02-13 02:00:00,2024-02-13,2,2,February,Tuesday,0.67,235.4,19.1,Office,5.7
2024-02-13 03:00:00,2024-02-13,3,2,February,Tuesday,0.83,231.2,21.2,AC Unit,7.05
2024-02-13 04:00:00,2024-02-13,4,2,February,Tuesday,0.5,227.5,20.9,AC Unit,4.25
2024-02-13 05:00:00,2024-02-13,5,2,February,Tuesday,0.92,241.8,14.5,AC Unit,7.82
2024-02-13 06:00:00,2024-02-13,6,2,February,Tuesday,8.17,225.6,21.6,AC Unit,69.44
2024-02-13 07:00:00,2024-02-13,7,2,February,Tuesday,8.27,231.7,18.6,Living Room,70.3
2024-02-13 08:00:00,2024-02-13,8,2,February,Tuesday,5.47,221.3,15.5,Office,46.49
2024-02-13 09:00:00,2024-02-13,9,2,February,Tuesday,6.01,225.2,18.6,Office,51.09
2024-02-13 10:00:00,2024-02-13,10,2,February,Tuesday,2.92,235.6,20.9,Factory Floor,24.82
2024-02-13 11:00:00,2024-02-13,11,2,February,Tuesday,2.17,237.8,20.3,Office,18.45
2024-02-13 12:00:00,2024-02-13,12,2,February,Tuesday,2.82,220.3,19.6,Living Room,23.97
2024-02-13 13:00:00,2024-02-13,13,2,February,Tuesday,2.73,231.8,11.2,Living Room,23.2
2024-02-13 14:00:00,2024-02-13,14,2,February,Tuesday,2.92,226.0,23.2,Factory Floor,24.82
2024-02-13 15:00:00,2024-02-13,15,2,February,Tuesday,2.42,238.8,23.0,Kitchen,20.57
2024-02-13 16:00:00,2024-02-13,16,2,February,Tuesday,2.75,238.4,23.9,Factory Floor,23.38
2024-02-13 17:00:00,2024-02-13,17,2,February,Tuesday,2.05,230.6,14.8,Office,17.42
2024-02-13 18:00:00,2024-02-13,18,2,February,Tuesday,7.1,223.3,10.8,Factory Floor,60.35
2024-02-13 19:00:00,2024-02-13,19,2,February,Tuesday,10.64,231.8,11.4,Factory Floor,90.44
2024-02-13 20:00:00,2024-02-13,20,2,February,Tuesday,7.55,221.2,11.2,Office,64.17
2024-02-13 21:00:00,2024-02-13,21,2,February,Tuesday,9.53,224.3,16.0,Factory Floor,81.0
2024-02-13 22:00:00,2024-02-13,22,2,February,Tuesday,9.23,221.2,18.4,Factory Floor,78.45
2024-02-13 23:00:00,2024-02-13,23,2,February,Tuesday,2.4,231.7,18.4,Office,20.4
2024-02-14 00:00:00,2024-02-14,0,2,February,Wednesday,0.83,236.6,14.9,Office,7.05
2024-02-14 01:00:00,2024-02-14,1,2,February,Wednesday,1.58,228.2,15.2,AC Unit,13.43
2024-02-14 02:00:00,2024-02-14,2,2,February,Wednesday,1.31,236.5,12.5,AC Unit,11.13
2024-02-14 03:00:00,2024-02-14,3,2,February,Wednesday,1.37,228.6,12.2,Living Room,11.65
2024-02-14 04:00:00,2024-02-14,4,2,February,Wednesday,0.5,234.4,12.3,Living Room,4.25
2024-02-14 05:00:00,2024-02-14,5,2,February,Wednesday,0.94,240.8,23.9,AC Unit,7.99
2024-02-14 06:00:00,2024-02-14,6,2,February,Wednesday,5.73,220.7,16.8,Living Room,48.71
2024-02-14 07:00:00,2024-02-14,7,2,February,Wednesday,6.74,223.1,18.2,AC Unit,57.29
2024-02-14 08:00:00,2024-02-14,8,2,February,Wednesday,7.27,241.8,20.4,Living Room,61.79
2024-02-14 09:00:00,2024-02-14,9,2,February,Wednesday,7.04,230.6,13.8,Living Room,59.84
2024-02-14 10:00:00,2024-02-14,10,2,February,Wednesday,2.28,236.9,19.3,Living Room,19.38
2024-02-14 11:00:00,2024-02-14,11,2,February,Wednesday,2.46,240.7,11.0,AC Unit,20.91
2024-02-14 12:00:00,2024-02-14,12,2,February,Wednesday,2.66,239.9,15.4,Living Room,22.61
2024-02-14 13:00:00,2024-02-14,13,2,February,Wednesday,2.02,238.8,19.7,Kitchen,17.17
2024-02-14 14:00:00,2024-02-14,14,2,February,Wednesday,2.98,230.2,20.6,AC Unit,25.33
2024-02-14 15:00:00,2024-02-14,15,2,February,Wednesday,2.48,232.3,11.3,Kitchen,21.08
2024-02-14 16:00:00,2024-02-14,16,2,February,Wednesday,2.5,229.0,23.9,Living Room,21.25
2024-02-14 17:00:00,2024-02-14,17,2,February,Wednesday,2.04,240.1,14.6,Factory Floor,17.34
2024-02-14 18:00:00,2024-02-14,18,2,February,Wednesday,7.73,226.3,15.3,AC Unit,65.7
2024-02-14 19:00:00,2024-02-14,19,2,February,Wednesday,7.92,230.0,22.2,AC Unit,67.32
2024-02-14 20:00:00,2024-02-14,20,2,February,Wednesday,10.41,237.6,10.4,Office,88.48
2024-02-14 21:00:00,2024-02-14,21,2,February,Wednesday,10.02,226.2,15.9,Kitchen,85.17
2024-02-14 22:00:00,2024-02-14,22,2,February,Wednesday,6.73,241.1,19.2,Kitchen,57.21
2024-02-14 23:00:00,2024-02-14,23,2,February,Wednesday,2.42,231.7,16.4,AC Unit,20.57
2024-02-15 00:00:00,2024-02-15,0,2,February,Thursday,0.5,231.0,13.1,Kitchen,4.25
2024-02-15 01:00:00,2024-02-15,1,2,February,Thursday,1.1,222.9,12.1,Office,9.35
2024-02-15 02:00:00,2024-02-15,2,2,February,Thursday,0.52,239.8,21.6,Office,4.42
2024-02-15 03:00:00,2024-02-15,3,2,February,Thursday,0.5,231.4,24.2,Living Room,4.25
2024-02-15 04:00:00,2024-02-15,4,2,February,Thursday,1.66,221.5,10.4,AC Unit,14.11
2024-02-15 05:00:00,2024-02-15,5,2,February,Thursday,0.53,227.9,16.6,AC Unit,4.5
2024-02-15 06:00:00,2024-02-15,6,2,February,Thursday,5.64,221.2,10.4,Office,47.94
2024-02-15 07:00:00,2024-02-15,7,2,February,Thursday,7.46,232.7,18.9,Kitchen,63.41
2024-02-15 08:00:00,2024-02-15,8,2,February,Thursday,7.42,234.5,17.1,Office,63.07
2024-02-15 09:00:00,2024-02-15,9,2,February,Thursday,8.01,233.6,12.8,Factory Floor,68.08
2024-02-15 10:00:00,2024-02-15,10,2,February,Thursday,2.49,221.3,12.9,Living Room,21.17
2024-02-15 11:00:00,2024-02-15,11,2,February,Thursday,2.41,241.3,23.9,Factory Floor,20.48
2024-02-15 12:00:00,2024-02-15,12,2,February,Thursday,2.22,234.1,13.0,Kitchen,18.87
2024-02-15 13:00:00,2024-02-15,13,2,February,Thursday,2.07,240.3,24.8,Office,17.59
2024-02-15 14:00:00,2024-02-15,14,2,February,Thursday,2.49,225.8,16.9,Kitchen,21.17
2024-02-15 15:00:00,2024-02-15,15,2,February,Thursday,2.43,236.6,19.1,Factory Floor,20.66
2024-02-15 16:00:00,2024-02-15,16,2,February,Thursday,2.72,227.5,24.1,Office,23.12
2024-02-15 17:00:00,2024-02-15,17,2,February,Thursday,2.59,230.6,23.1,Living Room,22.02
2024-02-15 18:00:00,2024-02-15,18,2,February,Thursday,8.53,237.8,10.6,Kitchen,72.5
2024-02-15 19:00:00,2024-02-15,19,2,February,Thursday,8.47,235.6,18.4,Office,72.0
2024-02-15 20:00:00,2024-02-15,20,2,February,Thursday,10.02,222.6,16.6,AC Unit,85.17
2024-02-15 21:00:00,2024-02-15,21,2,February,Thursday,9.38,222.0,14.4,Living Room,79.73
2024-02-15 22:00:00,2024-02-15,22,2,February,Thursday,9.66,229.1,19.7,Living Room,82.11
2024-02-15 23:00:00,2024-02-15,23,2,February,Thursday,2.72,220.7,21.7,Office,23.12
2024-02-16 00:00:00,2024-02-16,0,2,February,Friday,1.28,228.8,12.7,Office,10.88
2024-02-16 01:00:00,2024-02-16,1,2,February,Friday,1.0,239.2,11.4,AC Unit,8.5
2024-02-16 02:00:00,2024-02-16,2,2,February,Friday,1.22,237.1,20.8,Living Room,10.37
2024-02-16 03:00:00,2024-02-16,3,2,February,Friday,1.62,233.2,11.3,Factory Floor,13.77
2024-02-16 04:00:00,2024-02-16,4,2,February,Friday,1.25,232.7,12.4,Office,10.62
2024-02-16 05:00:00,2024-02-16,5,2,February,Friday,1.39,239.9,18.5,Kitchen,11.81
2024-02-16 06:00:00,2024-02-16,6,2,February,Friday,5.63,236.5,10.8,AC Unit,47.85
2024-02-16 07:00:00,2024-02-16,7,2,February,Friday,6.7,228.7,19.4,Living Room,56.95
2024-02-16 08:00:00,2024-02-16,8,2,February,Friday,8.66,218.1,21.5,Living Room,73.61
2024-02-16 09:00:00,2024-02-16,9,2,February,Friday,7.23,231.0,10.1,Factory Floor,61.46
2024-02-16 10:00:00,2024-02-16,10,2,February,Friday,2.24,232.1,17.1,Factory Floor,19.04
2024-02-16 11:00:00,2024-02-16,11,2,February,Friday,2.44,232.4,10.1,Office,20.74
2024-02-16 12:00:00,2024-02-16,12,2,February,Friday,2.28,233.1,22.3,Kitchen,19.38
2024-02-16 13:00:00,2024-02-16,13,2,February,Friday,2.05,221.6,19.8,Living Room,17.42
2024-02-16 14:00:00,2024-02-16,14,2,February,Friday,2.15,218.8,18.7,Office,18.27
2024-02-16 15:00:00,2024-02-16,15,2,February,Friday,2.3,240.1,10.7,Factory Floor,19.55
2024-02-16 16:00:00,2024-02-16,16,2,February,Friday,2.99,221.9,14.3,Office,25.42
2024-02-16 17:00:00,2024-02-16,17,2,February,Friday,2.57,231.5,24.5,Office,21.84
2024-02-16 18:00:00,2024-02-16,18,2,February,Friday,7.48,236.4,14.8,Factory Floor,63.58
2024-02-16 19:00:00,2024-02-16,19,2,February,Friday,10.04,238.2,11.0,Factory Floor,85.34
2024-02-16 20:00:00,2024-02-16,20,2,February,Friday,7.23,224.6,17.9,Office,61.46
2024-02-16 21:00:00,2024-02-16,21,2,February,Friday,7.05,219.4,18.6,Office,59.92
2024-02-16 22:00:00,2024-02-16,22,2,February,Friday,10.43,234.5,24.0,AC Unit,88.66
2024-02-16 23:00:00,2024-02-16,23,2,February,Friday,2.43,238.3,13.9,Office,20.66
2024-02-17 00:00:00,2024-02-17,0,2,February,Saturday,0.5,221.1,18.4,Office,4.25
2024-02-17 01:00:00,2024-02-17,1,2,February,Saturday,0.77,237.4,23.3,Kitchen,6.54
2024-02-17 02:00:00,2024-02-17,2,2,February,Saturday,1.27,218.0,10.4,Living Room,10.79
2024-02-17 03:00:00,2024-02-17,3,2,February,Saturday,0.5,232.8,16.2,Living Room,4.25
2024-02-17 04:00:00,2024-02-17,4,2,February,Saturday,1.23,233.3,10.2,Kitchen,10.46
2024-02-17 05:00:00,2024-02-17,5,2,February,Saturday,0.56,219.6,14.5,Office,4.76
2024-02-17 06:00:00,2024-02-17,6,2,February,Saturday,5.98,234.5,15.1,Office,50.83
2024-02-17 07:00:00,2024-02-17,7,2,February,Saturday,6.88,222.2,15.0,AC Unit,58.48
2024-02-17 08:00:00,2024-02-17,8,2,February,Saturday,8.25,229.4,10.5,Kitchen,70.12
2024-02-17 09:00:00,2024-02-17,9,2,February,Saturday,7.07,239.4,18.1,AC Unit,60.09
2024-02-17 10:00:00,2024-02-17,10,2,February,Saturday,2.46,237.5,23.9,Living Room,20.91
2024-02-17 11:00:00,2024-02-17,11,2,February,Saturday,2.84,225.2,20.9,AC Unit,24.14
2024-02-17 12:00:00,2024-02-17,12,2,February,Saturday,2.56,218.4,18.7,AC Unit,21.76
2024-02-17 13:00:00,2024-02-17,13,2,February,Saturday,2.8,239.3,15.3,Kitchen,23.8
2024-02-17 14:00:00,2024-02-17,14,2,February,Saturday,2.28,218.7,24.8,Office,19.38
2024-02-17 15:00:00,2024-02-17,15,2,February,Saturday,2.84,231.7,15.8,Office,24.14
2024-02-17 16:00:00,2024-02-17,16,2,February,Saturday,2.12,236.8,14.6,AC Unit,18.02
2024-02-17 17:00:00,2024-02-17,17,2,February,Saturday,2.71,224.5,11.3,Kitchen,23.04
2024-02-17 18:00:00,2024-02-17,18,2,February,Saturday,8.32,225.3,17.9,Kitchen,70.72
2024-02-17 19:00:00,2024-02-17,19,2,February,Saturday,7.23,236.7,23.7,Factory Floor,61.46
2024-02-17 20:00:00,2024-02-17,20,2,February,Saturday,8.82,239.7,12.3,AC Unit,74.97
2024-02-17 21:00:00,2024-02-17,21,2,February,Saturday,10.43,230.6,21.6,Kitchen,88.66
2024-02-17 22:00:00,2024-02-17,22,2,February,Saturday,9.18,241.6,17.7,Kitchen,78.03
2024-02-17 23:00:00,2024-02-17,23,2,February,Saturday,2.21,218.9,15.8,Office,18.79
2024-02-18 00:00:00,2024-02-18,0,2,February,Sunday,1.2,219.1,22.7,Living Room,10.2
2024-02-18 01:00:00,2024-02-18,1,2,February,Sunday,1.56,220.5,21.5,AC Unit,13.26
2024-02-18 02:00:00,2024-02-18,2,2,February,Sunday,1.74,233.3,13.1,Kitchen,14.79
2024-02-18 03:00:00,2024-02-18,3,2,February,Sunday,1.08,225.7,16.6,Living Room,9.18
2024-02-18 04:00:00,2024-02-18,4,2,February,Sunday,0.88,220.7,24.4,Office,7.48
2024-02-18 05:00:00,2024-02-18,5,2,February,Sunday,0.69,226.4,14.8,Kitchen,5.86
2024-02-18 06:00:00,2024-02-18,6,2,February,Sunday,8.63,231.8,12.6,AC Unit,73.36
2024-02-18 07:00:00,2024-02-18,7,2,February,Sunday,7.18,228.6,12.0,Factory Floor,61.03
2024-02-18 08:00:00,2024-02-18,8,2,February,Sunday,7.76,227.2,11.3,Factory Floor,65.96
2024-02-18 09:00:00,2024-02-18,9,2,February,Sunday,6.13,232.2,22.5,Factory Floor,52.1
2024-02-18 10:00:00,2024-02-18,10,2,February,Sunday,2.62,225.5,22.3,Office,22.27
2024-02-18 11:00:00,2024-02-18,11,2,February,Sunday,2.08,240.1,21.5,Office,17.68
2024-02-18 12:00:00,2024-02-18,12,2,February,Sunday,2.13,237.5,23.8,Factory Floor,18.11
2024-02-18 13:00:00,2024-02-18,13,2,February,Sunday,2.1,225.4,19.7,Factory Floor,17.85
2024-02-18 14:00:00,2024-02-18,14,2,February,Sunday,2.47,240.7,12.2,Office,21.0
2024-02-18 15:00:00,2024-02-18,15,2,February,Sunday,2.26,226.7,12.8,AC Unit,19.21
2024-02-18 16:00:00,2024-02-18,16,2,February,Sunday,2.79,239.2,16.8,Living Room,23.71
2024-02-18 17:00:00,2024-02-18,17,2,February,Sunday,2.07,220.7,17.2,Kitchen,17.59
2024-02-18 18:00:00,2024-02-18,18,2,February,Sunday,7.48,231.8,17.6,Factory Floor,63.58
2024-02-18 19:00:00,2024-02-18,19,2,February,Sunday,10.07,225.8,19.7,AC Unit,85.59
2024-02-18 20:00:00,2024-02-18,20,2,February,Sunday,8.53,227.9,19.3,Office,72.5
2024-02-18 21:00:00,2024-02-18,21,2,February,Sunday,7.12,219.6,13.1,Office,60.52
2024-02-18 22:00:00,2024-02-18,22,2,February,Sunday,8.7,231.6,15.1,Kitchen,73.95
2024-02-18 23:00:00,2024-02-18,23,2,February,Sunday,2.17,234.1,21.1,Office,18.45
2024-02-19 00:00:00,2024-02-19,0,2,February,Monday,0.5,232.3,14.9,Living Room,4.25
2024-02-19 01:00:00,2024-02-19,1,2,February,Monday,0.5,240.9,11.0,Living Room,4.25
2024-02-19 02:00:00,2024-02-19,2,2,February,Monday,0.91,237.7,14.9,Living Room,7.74
2024-02-19 03:00:00,2024-02-19,3,2,February,Monday,1.73,239.3,23.5,Living Room,14.71
2024-02-19 04:00:00,2024-02-19,4,2,February,Monday,0.9,228.9,14.4,Office,7.65
2024-02-19 05:00:00,2024-02-19,5,2,February,Monday,0.62,234.4,14.7,Office,5.27
2024-02-19 06:00:00,2024-02-19,6,2,February,Monday,8.06,240.0,24.1,AC Unit,68.51
2024-02-19 07:00:00,2024-02-19,7,2,February,Monday,8.55,232.7,17.7,Kitchen,72.68
2024-02-19 08:00:00,2024-02-19,8,2,February,Monday,7.62,239.6,24.5,Living Room,64.77
2024-02-19 09:00:00,2024-02-19,9,2,February,Monday,7.93,226.6,22.9,Living Room,67.41
2024-02-19 10:00:00,2024-02-19,10,2,February,Monday,2.24,234.9,15.9,AC Unit,19.04
2024-02-19 11:00:00,2024-02-19,11,2,February,Monday,2.71,227.7,16.5,Kitchen,23.04
2024-02-19 12:00:00,2024-02-19,12,2,February,Monday,2.66,229.4,12.8,Factory Floor,22.61
2024-02-19 13:00:00,2024-02-19,13,2,February,Monday,2.84,226.6,16.3,AC Unit,24.14
2024-02-19 14:00:00,2024-02-19,14,2,February,Monday,3.0,234.1,12.0,Living Room,25.5
2024-02-19 15:00:00,2024-02-19,15,2,February,Monday,2.65,221.5,23.3,Factory Floor,22.52
2024-02-19 16:00:00,2024-02-19,16,2,February,Monday,2.97,221.3,12.1,Factory Floor,25.25
2024-02-19 17:00:00,2024-02-19,17,2,February,Monday,2.86,239.4,20.4,Factory Floor,24.31
2024-02-19 18:00:00,2024-02-19,18,2,February,Monday,8.95,228.2,22.3,Factory Floor,76.07
2024-02-19 19:00:00,2024-02-19,19,2,February,Monday,7.61,232.5,18.7,Kitchen,64.69
2024-02-19 20:00:00,2024-02-19,20,2,February,Monday,9.12,240.2,18.6,Living Room,77.52
2024-02-19 21:00:00,2024-02-19,21,2,February,Monday,10.48,234.9,11.7,Factory Floor,89.08
2024-02-19 22:00:00,2024-02-19,22,2,February,Monday,9.93,235.5,17.9,AC Unit,84.41
2024-02-19 23:00:00,2024-02-19,23,2,February,Monday,2.46,219.9,23.3,Living Room,20.91
2024-02-20 00:00:00,2024-02-20,0,2,February,Tuesday,1.39,233.9,20.0,Office,11.81
2024-02-20 01:00:00,2024-02-20,1,2,February,Tuesday,0.51,219.3,15.2,Living Room,4.33
2024-02-20 02:00:00,2024-02-20,2,2,February,Tuesday,1.04,229.3,21.0,Factory Floor,8.84
2024-02-20 03:00:00,2024-02-20,3,2,February,Tuesday,1.62,225.1,12.5,Office,13.77
2024-02-20 04:00:00,2024-02-20,4,2,February,Tuesday,0.98,231.5,10.9,Factory Floor,8.33
2024-02-20 05:00:00,2024-02-20,5,2,February,Tuesday,0.99,233.8,14.4,Office,8.41
2024-02-20 06:00:00,2024-02-20,6,2,February,Tuesday,5.57,221.0,11.2,AC Unit,47.34
2024-02-20 07:00:00,2024-02-20,7,2,February,Tuesday,6.37,224.6,13.9,Living Room,54.15
2024-02-20 08:00:00,2024-02-20,8,2,February,Tuesday,7.72,235.7,19.9,AC Unit,65.62
2024-02-20 09:00:00,2024-02-20,9,2,February,Tuesday,7.68,234.8,17.3,Office,65.28
2024-02-20 10:00:00,2024-02-20,10,2,February,Tuesday,2.86,226.2,11.3,Kitchen,24.31
2024-02-20 11:00:00,2024-02-20,11,2,February,Tuesday,2.6,237.7,22.6,Factory Floor,22.1
2024-02-20 12:00:00,2024-02-20,12,2,February,Tuesday,2.77,223.7,16.6,Kitchen,23.55
2024-02-20 13:00:00,2024-02-20,13,2,February,Tuesday,2.21,235.6,15.2,AC Unit,18.79
2024-02-20 14:00:00,2024-02-20,14,2,February,Tuesday,2.76,220.8,12.5,Factory Floor,23.46
2024-02-20 15:00:00,2024-02-20,15,2,February,Tuesday,2.48,229.4,24.2,Office,21.08
2024-02-20 16:00:00,2024-02-20,16,2,February,Tuesday,2.23,234.4,15.9,AC Unit,18.95
2024-02-20 17:00:00,2024-02-20,17,2,February,Tuesday,2.15,238.9,10.2,Factory Floor,18.27
2024-02-20 18:00:00,2024-02-20,18,2,February,Tuesday,7.84,230.7,24.3,Living Room,66.64
2024-02-20 19:00:00,2024-02-20,19,2,February,Tuesday,10.31,240.9,16.5,AC Unit,87.64
2024-02-20 20:00:00,2024-02-20,20,2,February,Tuesday,7.61,220.4,19.8,Factory Floor,64.69
2024-02-20 21:00:00,2024-02-20,21,2,February,Tuesday,8.52,223.8,20.1,Kitchen,72.42
2024-02-20 22:00:00,2024-02-20,22,2,February,Tuesday,8.76,241.8,14.7,Living Room,74.46
2024-02-20 23:00:00,2024-02-20,23,2,February,Tuesday,2.67,238.0,10.2,Living Room,22.7
2024-02-21 00:00:00,2024-02-21,0,2,February,Wednesday,1.16,226.4,20.9,AC Unit,9.86
2024-02-21 01:00:00,2024-02-21,1,2,February,Wednesday,0.83,220.2,24.1,Kitchen,7.05
2024-02-21 02:00:00,2024-02-21,2,2,February,Wednesday,0.69,235.0,11.8,Office,5.86
2024-02-21 03:00:00,2024-02-21,3,2,February,Wednesday,1.53,239.6,18.5,Kitchen,13.01
2024-02-21 04:00:00,2024-02-21,4,2,February,Wednesday,0.8,224.1,17.0,Living Room,6.8
2024-02-21 05:00:00,2024-02-21,5,2,February,Wednesday,1.28,224.6,16.4,AC Unit,10.88
2024-02-21 06:00:00,2024-02-21,6,2,February,Wednesday,6.55,224.7,10.9,Factory Floor,55.67
2024-02-21 07:00:00,2024-02-21,7,2,February,Wednesday,6.06,240.9,14.0,Factory Floor,51.51
2024-02-21 08:00:00,2024-02-21,8,2,February,Wednesday,6.19,222.8,15.9,Factory Floor,52.62
2024-02-21 09:00:00,2024-02-21,9,2,February,Wednesday,5.87,228.4,19.2,Living Room,49.9
2024-02-21 10:00:00,2024-02-21,10,2,February,Wednesday,2.91,235.2,11.5,Living Room,24.73
2024-02-21 11:00:00,2024-02-21,11,2,February,Wednesday,2.07,235.5,21.7,Living Room,17.59
2024-02-21 12:00:00,2024-02-21,12,2,February,Wednesday,2.9,221.6,19.6,Living Room,24.65
2024-02-21 13:00:00,2024-02-21,13,2,February,Wednesday,2.66,224.4,20.5,Factory Floor,22.61
2024-02-21 14:00:00,2024-02-21,14,2,February,Wednesday,2.57,230.4,24.1,Factory Floor,21.84
2024-02-21 15:00:00,2024-02-21,15,2,February,Wednesday,2.48,227.7,20.9,Living Room,21.08
2024-02-21 16:00:00,2024-02-21,16,2,February,Wednesday,2.54,218.1,24.3,Factory Floor,21.59
2024-02-21 17:00:00,2024-02-21,17,2,February,Wednesday,2.12,230.8,24.9,AC Unit,18.02
2024-02-21 18:00:00,2024-02-21,18,2,February,Wednesday,9.13,233.2,24.4,Living Room,77.61
2024-02-21 19:00:00,2024-02-21,19,2,February,Wednesday,8.31,226.2,22.6,AC Unit,70.64
2024-02-21 20:00:00,2024-02-21,20,2,February,Wednesday,8.77,218.9,15.8,Kitchen,74.55
2024-02-21 21:00:00,2024-02-21,21,2,February,Wednesday,7.59,220.6,20.3,Factory Floor,64.52
2024-02-21 22:00:00,2024-02-21,22,2,February,Wednesday,6.97,235.6,12.1,Kitchen,59.24
2024-02-21 23:00:00,2024-02-21,23,2,February,Wednesday,2.03,241.9,13.6,Factory Floor,17.25
2024-02-22 00:00:00,2024-02-22,0,2,February,Thursday,1.48,225.4,18.0,Factory Floor,12.58
2024-02-22 01:00:00,2024-02-22,1,2,February,Thursday,0.5,226.1,15.1,Living Room,4.25
2024-02-22 02:00:00,2024-02-22,2,2,February,Thursday,0.81,233.7,17.8,Office,6.89
2024-02-22 03:00:00,2024-02-22,3,2,February,Thursday,1.43,240.2,10.6,Kitchen,12.15
2024-02-22 04:00:00,2024-02-22,4,2,February,Thursday,0.53,239.8,19.3,Kitchen,4.5
2024-02-22 05:00:00,2024-02-22,5,2,February,Thursday,0.5,222.1,10.7,AC Unit,4.25
2024-02-22 06:00:00,2024-02-22,6,2,February,Thursday,7.56,232.7,22.5,Living Room,64.26
2024-02-22 07:00:00,2024-02-22,7,2,February,Thursday,7.56,229.9,22.0,Kitchen,64.26
2024-02-22 08:00:00,2024-02-22,8,2,February,Thursday,5.39,226.1,22.5,Factory Floor,45.81
2024-02-22 09:00:00,2024-02-22,9,2,February,Thursday,6.95,231.8,12.1,Kitchen,59.08
2024-02-22 10:00:00,2024-02-22,10,2,February,Thursday,2.76,232.2,15.0,Living Room,23.46
2024-02-22 11:00:00,2024-02-22,11,2,February,Thursday,2.27,236.2,12.5,AC Unit,19.3
2024-02-22 12:00:00,2024-02-22,12,2,February,Thursday,2.55,228.5,23.9,Living Room,21.67
2024-02-22 13:00:00,2024-02-22,13,2,February,Thursday,2.13,237.0,19.5,Factory Floor,18.11
2024-02-22 14:00:00,2024-02-22,14,2,February,Thursday,2.78,218.4,17.3,Living Room,23.63
2024-02-22 15:00:00,2024-02-22,15,2,February,Thursday,2.01,240.2,20.6,Office,17.08
2024-02-22 16:00:00,2024-02-22,16,2,February,Thursday,2.89,228.0,22.1,Factory Floor,24.57
2024-02-22 17:00:00,2024-02-22,17,2,February,Thursday,2.69,222.9,19.6,Office,22.86
2024-02-22 18:00:00,2024-02-22,18,2,February,Thursday,8.04,222.2,20.4,Office,68.34
2024-02-22 19:00:00,2024-02-22,19,2,February,Thursday,7.22,240.8,19.4,AC Unit,61.37
2024-02-22 20:00:00,2024-02-22,20,2,February,Thursday,7.4,223.7,11.8,Office,62.9
2024-02-22 21:00:00,2024-02-22,21,2,February,Thursday,10.53,238.7,24.8,Office,89.5
2024-02-22 22:00:00,2024-02-22,22,2,February,Thursday,7.65,233.8,14.1,Kitchen,65.03
2024-02-22 23:00:00,2024-02-22,23,2,February,Thursday,2.11,221.6,22.7,Factory Floor,17.93
2024-02-23 00:00:00,2024-02-23,0,2,February,Friday,0.66,240.1,10.8,AC Unit,5.61
2024-02-23 01:00:00,2024-02-23,1,2,February,Friday,1.15,226.0,22.1,Factory Floor,9.77
2024-02-23 02:00:00,2024-02-23,2,2,February,Friday,1.7,240.2,12.6,Living Room,14.45
2024-02-23 03:00:00,2024-02-23,3,2,February,Friday,0.63,239.5,20.8,Office,5.36
2024-02-23 04:00:00,2024-02-23,4,2,February,Friday,0.84,235.9,23.5,Kitchen,7.14
2024-02-23 05:00:00,2024-02-23,5,2,February,Friday,0.55,220.4,21.1,Kitchen,4.68
2024-02-23 06:00:00,2024-02-23,6,2,February,Friday,6.35,229.3,17.3,Factory Floor,53.97
2024-02-23 07:00:00,2024-02-23,7,2,February,Friday,6.36,228.9,15.8,Kitchen,54.06
2024-02-23 08:00:00,2024-02-23,8,2,February,Friday,6.57,226.6,14.0,AC Unit,55.84
2024-02-23 09:00:00,2024-02-23,9,2,February,Friday,6.07,219.4,12.0,Factory Floor,51.59
2024-02-23 10:00:00,2024-02-23,10,2,February,Friday,2.46,222.1,15.2,AC Unit,20.91
2024-02-23 11:00:00,2024-02-23,11,2,February,Friday,2.6,236.9,19.6,Office,22.1
2024-02-23 12:00:00,2024-02-23,12,2,February,Friday,2.91,231.9,18.3,Kitchen,24.73
2024-02-23 13:00:00,2024-02-23,13,2,February,Friday,2.09,238.6,17.3,Kitchen,17.77
2024-02-23 14:00:00,2024-02-23,14,2,February,Friday,2.59,238.1,14.2,Factory Floor,22.02
2024-02-23 15:00:00,2024-02-23,15,2,February,Friday,2.74,223.9,14.9,Office,23.29
2024-02-23 16:00:00,2024-02-23,16,2,February,Friday,2.22,240.3,24.2,Office,18.87
2024-02-23 17:00:00,2024-02-23,17,2,February,Friday,2.9,228.0,10.7,Factory Floor,24.65
2024-02-23 18:00:00,2024-02-23,18,2,February,Friday,9.44,228.2,15.9,Living Room,80.24
2024-02-23 19:00:00,2024-02-23,19,2,February,Friday,8.05,231.4,10.2,Factory Floor,68.43
2024-02-23 20:00:00,2024-02-23,20,2,February,Friday,9.93,225.1,19.7,Living Room,84.41
2024-02-23 21:00:00,2024-02-23,21,2,February,Friday,6.73,221.9,16.9,Office,57.21
2024-02-23 22:00:00,2024-02-23,22,2,February,Friday,9.01,228.9,21.6,Factory Floor,76.58
2024-02-23 23:00:00,2024-02-23,23,2,February,Friday,2.18,238.9,19.4,Living Room,18.53
2024-02-24 00:00:00,2024-02-24,0,2,February,Saturday,0.5,239.4,15.0,Living Room,4.25
2024-02-24 01:00:00,2024-02-24,1,2,February,Saturday,1.46,234.8,19.2,Office,12.41
2024-02-24 02:00:00,2024-02-24,2,2,February,Saturday,0.99,219.9,23.2,Living Room,8.41
2024-02-24 03:00:00,2024-02-24,3,2,February,Saturday,1.4,226.7,10.8,Factory Floor,11.9
2024-02-24 04:00:00,2024-02-24,4,2,February,Saturday,1.25,226.8,12.6,Office,10.62
2024-02-24 05:00:00,2024-02-24,5,2,February,Saturday,0.86,236.6,12.1,AC Unit,7.31
2024-02-24 06:00:00,2024-02-24,6,2,February,Saturday,5.83,229.5,24.1,Office,49.55
2024-02-24 07:00:00,2024-02-24,7,2,February,Saturday,8.32,236.1,21.4,AC Unit,70.72
2024-02-24 08:00:00,2024-02-24,8,2,February,Saturday,6.33,234.3,14.2,Living Room,53.8
2024-02-24 09:00:00,2024-02-24,9,2,February,Saturday,6.57,230.0,22.4,Factory Floor,55.84
2024-02-24 10:00:00,2024-02-24,10,2,February,Saturday,2.71,234.3,18.0,AC Unit,23.04
2024-02-24 11:00:00,2024-02-24,11,2,February,Saturday,2.45,226.8,20.1,Living Room,20.83
2024-02-24 12:00:00,2024-02-24,12,2,February,Saturday,2.19,239.2,11.3,Factory Floor,18.61
2024-02-24 13:00:00,2024-02-24,13,2,February,Saturday,2.9,224.9,24.3,Living Room,24.65
2024-02-24 14:00:00,2024-02-24,14,2,February,Saturday,2.16,220.7,12.2,Kitchen,18.36
2024-02-24 15:00:00,2024-02-24,15,2,February,Saturday,2.87,230.5,19.4,AC Unit,24.39
2024-02-24 16:00:00,2024-02-24,16,2,February,Saturday,2.42,234.4,24.0,Factory Floor,20.57
2024-02-24 17:00:00,2024-02-24,17,2,February,Saturday,2.35,228.7,19.7,AC Unit,19.98
2024-02-24 18:00:00,2024-02-24,18,2,February,Saturday,6.78,237.2,22.5,Office,57.63
2024-02-24 19:00:00,2024-02-24,19,2,February,Saturday,8.99,226.2,19.7,AC Unit,76.42
2024-02-24 20:00:00,2024-02-24,20,2,February,Saturday,8.61,230.7,18.2,Factory Floor,73.19
2024-02-24 21:00:00,2024-02-24,21,2,February,Saturday,7.35,236.9,12.6,AC Unit,62.47
2024-02-24 22:00:00,2024-02-24,22,2,February,Saturday,7.28,224.9,22.7,Kitchen,61.88
2024-02-24 23:00:00,2024-02-24,23,2,February,Saturday,2.35,228.9,12.5,Kitchen,19.98
2024-02-25 00:00:00,2024-02-25,0,2,February,Sunday,0.57,241.4,22.6,Kitchen,4.84
2024-02-25 01:00:00,2024-02-25,1,2,February,Sunday,0.96,241.9,18.6,Factory Floor,8.16
2024-02-25 02:00:00,2024-02-25,2,2,February,Sunday,0.92,231.5,10.5,AC Unit,7.82
2024-02-25 03:00:00,2024-02-25,3,2,February,Sunday,0.5,228.8,24.6,Office,4.25
2024-02-25 04:00:00,2024-02-25,4,2,February,Sunday,1.62,227.7,17.5,Kitchen,13.77
2024-02-25 05:00:00,2024-02-25,5,2,February,Sunday,0.98,221.7,24.6,Office,8.33
2024-02-25 06:00:00,2024-02-25,6,2,February,Sunday,8.26,234.9,17.1,AC Unit,70.21
2024-02-25 07:00:00,2024-02-25,7,2,February,Sunday,8.66,241.9,20.0,Office,73.61
2024-02-25 08:00:00,2024-02-25,8,2,February,Sunday,8.11,226.1,11.7,Factory Floor,68.94
2024-02-25 09:00:00,2024-02-25,9,2,February,Sunday,7.84,231.2,14.6,Factory Floor,66.64
2024-02-25 10:00:00,2024-02-25,10,2,February,Sunday,2.62,223.3,15.4,AC Unit,22.27
2024-02-25 11:00:00,2024-02-25,11,2,February,Sunday,2.06,233.4,18.8,Kitchen,17.51
2024-02-25 12:00:00,2024-02-25,12,2,February,Sunday,2.78,236.4,12.9,Living Room,23.63
2024-02-25 13:00:00,2024-02-25,13,2,February,Sunday,2.54,228.7,20.1,Living Room,21.59
2024-02-25 14:00:00,2024-02-25,14,2,February,Sunday,2.98,227.5,17.4,Office,25.33
2024-02-25 15:00:00,2024-02-25,15,2,February,Sunday,2.61,240.6,23.6,AC Unit,22.18
2024-02-25 16:00:00,2024-02-25,16,2,February,Sunday,2.4,235.2,16.4,Factory Floor,20.4
2024-02-25 17:00:00,2024-02-25,17,2,February,Sunday,2.37,224.8,15.3,Factory Floor,20.14
2024-02-25 18:00:00,2024-02-25,18,2,February,Sunday,9.58,235.5,16.7,Factory Floor,81.43
2024-02-25 19:00:00,2024-02-25,19,2,February,Sunday,9.5,237.3,24.6,Factory Floor,80.75
2024-02-25 20:00:00,2024-02-25,20,2,February,Sunday,9.33,238.1,19.0,Kitchen,79.31
2024-02-25 21:00:00,2024-02-25,21,2,February,Sunday,7.31,238.8,24.8,Living Room,62.13
2024-02-25 22:00:00,2024-02-25,22,2,February,Sunday,10.32,227.0,10.1,AC Unit,87.72
2024-02-25 23:00:00,2024-02-25,23,2,February,Sunday,2.41,231.3,20.7,Kitchen,20.48
2024-02-26 00:00:00,2024-02-26,0,2,February,Monday,1.63,224.9,17.4,AC Unit,13.85
2024-02-26 01:00:00,2024-02-26,1,2,February,Monday,0.5,231.4,17.0,Living Room,4.25
2024-02-26 02:00:00,2024-02-26,2,2,February,Monday,0.5,225.2,19.6,Factory Floor,4.25
2024-02-26 03:00:00,2024-02-26,3,2,February,Monday,1.54,224.9,12.7,Kitchen,13.09
2024-02-26 04:00:00,2024-02-26,4,2,February,Monday,1.74,229.8,24.6,Office,14.79
2024-02-26 05:00:00,2024-02-26,5,2,February,Monday,0.84,231.6,23.0,Factory Floor,7.14
2024-02-26 06:00:00,2024-02-26,6,2,February,Monday,8.74,227.0,21.0,Living Room,74.29
2024-02-26 07:00:00,2024-02-26,7,2,February,Monday,7.7,219.4,14.8,Kitchen,65.45
2024-02-26 08:00:00,2024-02-26,8,2,February,Monday,6.13,226.7,19.5,AC Unit,52.1
2024-02-26 09:00:00,2024-02-26,9,2,February,Monday,5.44,233.3,11.2,Kitchen,46.24
2024-02-26 10:00:00,2024-02-26,10,2,February,Monday,2.77,222.4,11.4,Kitchen,23.55
2024-02-26 11:00:00,2024-02-26,11,2,February,Monday,2.54,238.9,22.4,AC Unit,21.59
2024-02-26 12:00:00,2024-02-26,12,2,February,Monday,2.27,234.8,15.4,Office,19.3
2024-02-26 13:00:00,2024-02-26,13,2,February,Monday,2.58,237.8,10.2,Office,21.93
2024-02-26 14:00:00,2024-02-26,14,2,February,Monday,2.28,236.7,16.2,Kitchen,19.38
2024-02-26 15:00:00,2024-02-26,15,2,February,Monday,2.1,221.7,13.3,Kitchen,17.85
2024-02-26 16:00:00,2024-02-26,16,2,February,Monday,2.8,231.4,20.3,Office,23.8
2024-02-26 17:00:00,2024-02-26,17,2,February,Monday,2.85,235.1,20.5,Living Room,24.23
2024-02-26 18:00:00,2024-02-26,18,2,February,Monday,8.59,220.8,12.0,Living Room,73.02
2024-02-26 19:00:00,2024-02-26,19,2,February,Monday,8.23,226.7,22.3,Office,69.95
2024-02-26 20:00:00,2024-02-26,20,2,February,Monday,9.06,222.1,14.6,Living Room,77.01
2024-02-26 21:00:00,2024-02-26,21,2,February,Monday,7.75,221.4,13.4,Kitchen,65.88
2024-02-26 22:00:00,2024-02-26,22,2,February,Monday,7.82,228.2,21.4,Living Room,66.47
2024-02-26 23:00:00,2024-02-26,23,2,February,Monday,2.08,236.6,21.4,Living Room,17.68
2024-02-27 00:00:00,2024-02-27,0,2,February,Tuesday,0.84,233.8,18.9,Factory Floor,7.14
2024-02-27 01:00:00,2024-02-27,1,2,February,Tuesday,1.13,219.6,20.0,Living Room,9.6
2024-02-27 02:00:00,2024-02-27,2,2,February,Tuesday,1.14,222.9,23.5,Kitchen,9.69
2024-02-27 03:00:00,2024-02-27,3,2,February,Tuesday,0.5,221.5,21.2,AC Unit,4.25
2024-02-27 04:00:00,2024-02-27,4,2,February,Tuesday,0.5,221.9,17.5,Office,4.25
2024-02-27 05:00:00,2024-02-27,5,2,February,Tuesday,1.33,220.4,18.7,Living Room,11.3
2024-02-27 06:00:00,2024-02-27,6,2,February,Tuesday,7.3,241.1,12.6,Office,62.05
2024-02-27 07:00:00,2024-02-27,7,2,February,Tuesday,5.74,240.2,23.8,Factory Floor,48.79
2024-02-27 08:00:00,2024-02-27,8,2,February,Tuesday,6.69,228.6,24.4,Kitchen,56.87
2024-02-27 09:00:00,2024-02-27,9,2,February,Tuesday,8.49,228.2,17.7,Factory Floor,72.17
2024-02-27 10:00:00,2024-02-27,10,2,February,Tuesday,2.11,241.6,11.9,Living Room,17.93
2024-02-27 11:00:00,2024-02-27,11,2,February,Tuesday,2.52,229.9,15.4,AC Unit,21.42
2024-02-27 12:00:00,2024-02-27,12,2,February,Tuesday,2.56,219.0,14.9,Living Room,21.76
2024-02-27 13:00:00,2024-02-27,13,2,February,Tuesday,2.38,229.0,21.0,Factory Floor,20.23
2024-02-27 14:00:00,2024-02-27,14,2,February,Tuesday,2.23,227.8,24.8,Factory Floor,18.95
2024-02-27 15:00:00,2024-02-27,15,2,February,Tuesday,2.19,219.7,22.6,Factory Floor,18.61
2024-02-27 16:00:00,2024-02-27,16,2,February,Tuesday,2.94,226.8,10.2,Factory Floor,24.99
2024-02-27 17:00:00,2024-02-27,17,2,February,Tuesday,2.67,227.5,17.8,Living Room,22.7
2024-02-27 18:00:00,2024-02-27,18,2,February,Tuesday,6.87,234.7,24.7,Kitchen,58.4
2024-02-27 19:00:00,2024-02-27,19,2,February,Tuesday,7.23,226.1,18.9,Factory Floor,61.46
2024-02-27 20:00:00,2024-02-27,20,2,February,Tuesday,7.33,235.4,14.2,Office,62.3
2024-02-27 21:00:00,2024-02-27,21,2,February,Tuesday,9.13,237.2,24.1,AC Unit,77.61
2024-02-27 22:00:00,2024-02-27,22,2,February,Tuesday,8.51,227.7,17.3,AC Unit,72.33
2024-02-27 23:00:00,2024-02-27,23,2,February,Tuesday,2.15,228.9,11.8,Factory Floor,18.27
2024-02-28 00:00:00,2024-02-28,0,2,February,Wednesday,1.13,221.2,11.5,Living Room,9.6
2024-02-28 01:00:00,2024-02-28,1,2,February,Wednesday,0.67,218.6,12.7,Office,5.7
2024-02-28 02:00:00,2024-02-28,2,2,February,Wednesday,0.5,232.9,11.4,Living Room,4.25
2024-02-28 03:00:00,2024-02-28,3,2,February,Wednesday,0.86,229.8,17.0,AC Unit,7.31
2024-02-28 04:00:00,2024-02-28,4,2,February,Wednesday,0.83,224.3,15.2,Office,7.05
2024-02-28 05:00:00,2024-02-28,5,2,February,Wednesday,1.41,218.8,16.5,Living Room,11.98
2024-02-28 06:00:00,2024-02-28,6,2,February,Wednesday,6.47,227.0,16.9,Living Room,54.99
2024-02-28 07:00:00,2024-02-28,7,2,February,Wednesday,6.19,236.7,23.3,Kitchen,52.62
2024-02-28 08:00:00,2024-02-28,8,2,February,Wednesday,6.61,235.2,17.3,Living Room,56.19
2024-02-28 09:00:00,2024-02-28,9,2,February,Wednesday,7.2,231.3,18.1,Factory Floor,61.2
2024-02-28 10:00:00,2024-02-28,10,2,February,Wednesday,2.48,238.5,17.6,Factory Floor,21.08
2024-02-28 11:00:00,2024-02-28,11,2,February,Wednesday,2.26,232.2,15.7,AC Unit,19.21
2024-02-28 12:00:00,2024-02-28,12,2,February,Wednesday,2.77,224.8,10.9,Office,23.55
2024-02-28 13:00:00,2024-02-28,13,2,February,Wednesday,2.05,238.1,15.2,Office,17.42
2024-02-28 14:00:00,2024-02-28,14,2,February,Wednesday,2.03,239.4,15.1,Living Room,17.25
2024-02-28 15:00:00,2024-02-28,15,2,February,Wednesday,2.43,241.8,16.2,Living Room,20.66
2024-02-28 16:00:00,2024-02-28,16,2,February,Wednesday,2.66,223.9,19.7,Office,22.61
2024-02-28 17:00:00,2024-02-28,17,2,February,Wednesday,2.08,234.5,23.0,Living Room,17.68
2024-02-28 18:00:00,2024-02-28,18,2,February,Wednesday,7.37,225.8,16.9,Factory Floor,62.65
2024-02-28 19:00:00,2024-02-28,19,2,February,Wednesday,9.17,224.4,20.4,Office,77.94
2024-02-28 20:00:00,2024-02-28,20,2,February,Wednesday,6.41,231.7,14.8,Living Room,54.48
2024-02-28 21:00:00,2024-02-28,21,2,February,Wednesday,9.33,234.2,15.0,Office,79.31
2024-02-28 22:00:00,2024-02-28,22,2,February,Wednesday,9.91,222.0,14.5,Factory Floor,84.23
2024-02-28 23:00:00,2024-02-28,23,2,February,Wednesday,2.2,233.3,24.6,Living Room,18.7
2024-02-29 00:00:00,2024-02-29,0,2,February,Thursday,0.7,224.9,10.7,Office,5.95
2024-02-29 01:00:00,2024-02-29,1,2,February,Thursday,0.82,235.8,11.4,Office,6.97
2024-02-29 02:00:00,2024-02-29,2,2,February,Thursday,1.24,219.6,22.0,Factory Floor,10.54
2024-02-29 03:00:00,2024-02-29,3,2,February,Thursday,0.92,219.8,22.4,Office,7.82
2024-02-29 04:00:00,2024-02-29,4,2,February,Thursday,0.63,231.0,13.0,Factory Floor,5.36
2024-02-29 05:00:00,2024-02-29,5,2,February,Thursday,1.26,234.1,18.2,Living Room,10.71
2024-02-29 06:00:00,2024-02-29,6,2,February,Thursday,7.4,222.5,17.5,Factory Floor,62.9
2024-02-29 07:00:00,2024-02-29,7,2,February,Thursday,6.44,237.4,22.8,Factory Floor,54.74
2024-02-29 08:00:00,2024-02-29,8,2,February,Thursday,8.53,219.4,13.0,Factory Floor,72.5
2024-02-29 09:00:00,2024-02-29,9,2,February,Thursday,5.59,234.4,14.5,Factory Floor,47.52
2024-02-29 10:00:00,2024-02-29,10,2,February,Thursday,2.41,238.6,23.7,Kitchen,20.48
2024-02-29 11:00:00,2024-02-29,11,2,February,Thursday,2.85,224.4,14.3,Kitchen,24.23
2024-02-29 12:00:00,2024-02-29,12,2,February,Thursday,2.26,232.4,16.1,Living Room,19.21
2024-02-29 13:00:00,2024-02-29,13,2,February,Thursday,2.15,218.7,22.0,AC Unit,18.27
2024-02-29 14:00:00,2024-02-29,14,2,February,Thursday,2.46,231.4,16.5,Living Room,20.91
2024-02-29 15:00:00,2024-02-29,15,2,February,Thursday,2.2,224.5,10.4,AC Unit,18.7
2024-02-29 16:00:00,2024-02-29,16,2,February,Thursday,2.66,222.2,22.8,Factory Floor,22.61
2024-02-29 17:00:00,2024-02-29,17,2,February,Thursday,2.78,219.3,23.4,AC Unit,23.63
2024-02-29 18:00:00,2024-02-29,18,2,February,Thursday,9.27,239.6,16.1,AC Unit,78.8
2024-02-29 19:00:00,2024-02-29,19,2,February,Thursday,9.57,227.5,22.6,Kitchen,81.34
2024-02-29 20:00:00,2024-02-29,20,2,February,Thursday,7.52,230.0,11.8,Office,63.92
2024-02-29 21:00:00,2024-02-29,21,2,February,Thursday,10.73,224.0,23.3,Kitchen,91.2
2024-02-29 22:00:00,2024-02-29,22,2,February,Thursday,9.17,225.5,22.5,Factory Floor,77.94
2024-02-29 23:00:00,2024-02-29,23,2,February,Thursday,2.81,235.9,24.0,Kitchen,23.89
2024-03-01 00:00:00,2024-03-01,0,3,March,Friday,1.03,241.3,16.6,AC Unit,8.76
2024-03-01 01:00:00,2024-03-01,1,3,March,Friday,0.5,230.8,20.5,Living Room,4.25
2024-03-01 02:00:00,2024-03-01,2,3,March,Friday,1.11,234.4,24.4,Kitchen,9.44
2024-03-01 03:00:00,2024-03-01,3,3,March,Friday,1.35,237.7,10.3,Office,11.48
2024-03-01 04:00:00,2024-03-01,4,3,March,Friday,1.7,237.2,10.8,Kitchen,14.45
2024-03-01 05:00:00,2024-03-01,5,3,March,Friday,1.13,233.3,20.5,Living Room,9.6
2024-03-01 06:00:00,2024-03-01,6,3,March,Friday,6.84,228.6,10.1,Factory Floor,58.14
2024-03-01 07:00:00,2024-03-01,7,3,March,Friday,8.7,225.2,24.0,Kitchen,73.95
2024-03-01 08:00:00,2024-03-01,8,3,March,Friday,6.75,221.8,16.6,AC Unit,57.38
2024-03-01 09:00:00,2024-03-01,9,3,March,Friday,8.41,227.8,10.5,Living Room,71.48
2024-03-01 10:00:00,2024-03-01,10,3,March,Friday,2.82,240.6,17.1,Factory Floor,23.97
2024-03-01 11:00:00,2024-03-01,11,3,March,Friday,2.93,226.0,16.3,Living Room,24.91
2024-03-01 12:00:00,2024-03-01,12,3,March,Friday,2.82,234.8,17.6,AC Unit,23.97
2024-03-01 13:00:00,2024-03-01,13,3,March,Friday,2.42,235.5,18.2,AC Unit,20.57
2024-03-01 14:00:00,2024-03-01,14,3,March,Friday,2.45,218.7,10.8,Kitchen,20.83
2024-03-01 15:00:00,2024-03-01,15,3,March,Friday,2.63,237.0,12.0,Factory Floor,22.36
2024-03-01 16:00:00,2024-03-01,16,3,March,Friday,2.2,225.3,18.6,Living Room,18.7
2024-03-01 17:00:00,2024-03-01,17,3,March,Friday,2.16,230.4,24.5,Kitchen,18.36
2024-03-01 18:00:00,2024-03-01,18,3,March,Friday,10.07,237.0,14.8,Factory Floor,85.59
2024-03-01 19:00:00,2024-03-01,19,3,March,Friday,9.63,222.2,18.9,AC Unit,81.86
2024-03-01 20:00:00,2024-03-01,20,3,March,Friday,9.4,227.9,12.7,Factory Floor,79.9
2024-03-01 21:00:00,2024-03-01,21,3,March,Friday,10.66,223.4,24.2,Office,90.61
2024-03-01 22:00:00,2024-03-01,22,3,March,Friday,9.22,239.8,24.6,Kitchen,78.37
2024-03-01 23:00:00,2024-03-01,23,3,March,Friday,2.26,238.4,10.7,Office,19.21
2024-03-02 00:00:00,2024-03-02,0,3,March,Saturday,0.83,220.1,15.5,Office,7.05
2024-03-02 01:00:00,2024-03-02,1,3,March,Saturday,1.6,228.4,23.8,Factory Floor,13.6
2024-03-02 02:00:00,2024-03-02,2,3,March,Saturday,0.67,223.4,13.0,AC Unit,5.7
2024-03-02 03:00:00,2024-03-02,3,3,March,Saturday,1.21,221.1,22.8,Office,10.29
2024-03-02 04:00:00,2024-03-02,4,3,March,Saturday,1.61,235.4,12.8,Kitchen,13.69
2024-03-02 05:00:00,2024-03-02,5,3,March,Saturday,0.74,225.0,13.9,Office,6.29
2024-03-02 06:00:00,2024-03-02,6,3,March,Saturday,6.6,232.0,19.7,Living Room,56.1
2024-03-02 07:00:00,2024-03-02,7,3,March,Saturday,5.16,225.8,20.4,Kitchen,43.86
2024-03-02 08:00:00,2024-03-02,8,3,March,Saturday,7.85,235.7,13.8,Living Room,66.72
2024-03-02 09:00:00,2024-03-02,9,3,March,Saturday,6.72,240.3,17.1,AC Unit,57.12
2024-03-02 10:00:00,2024-03-02,10,3,March,Saturday,3.0,240.5,24.5,Office,25.5
2024-03-02 11:00:00,2024-03-02,11,3,March,Saturday,2.71,237.4,10.1,Office,23.04
2024-03-02 12:00:00,2024-03-02,12,3,March,Saturday,2.62,225.3,15.9,AC Unit,22.27
2024-03-02 13:00:00,2024-03-02,13,3,March,Saturday,2.13,239.4,10.6,Kitchen,18.11
2024-03-02 14:00:00,2024-03-02,14,3,March,Saturday,2.26,230.1,24.0,Factory Floor,19.21
2024-03-02 15:00:00,2024-03-02,15,3,March,Saturday,2.13,225.6,18.0,Kitchen,18.11
2024-03-02 16:00:00,2024-03-02,16,3,March,Saturday,2.26,225.5,24.7,Factory Floor,19.21
2024-03-02 17:00:00,2024-03-02,17,3,March,Saturday,2.87,238.0,21.2,Factory Floor,24.39
2024-03-02 18:00:00,2024-03-02,18,3,March,Saturday,8.01,232.7,21.4,AC Unit,68.08
2024-03-02 19:00:00,2024-03-02,19,3,March,Saturday,8.5,222.0,21.1,Factory Floor,72.25
2024-03-02 20:00:00,2024-03-02,20,3,March,Saturday,9.21,238.5,19.9,Factory Floor,78.29
2024-03-02 21:00:00,2024-03-02,21,3,March,Saturday,6.36,223.5,10.5,AC Unit,54.06
2024-03-02 22:00:00,2024-03-02,22,3,March,Saturday,7.12,220.8,23.4,Factory Floor,60.52
2024-03-02 23:00:00,2024-03-02,23,3,March,Saturday,2.04,226.6,20.6,Factory Floor,17.34
2024-03-03 00:00:00,2024-03-03,0,3,March,Sunday,0.65,235.3,12.2,AC Unit,5.53
2024-03-03 01:00:00,2024-03-03,1,3,March,Sunday,1.77,222.3,12.5,Office,15.04
2024-03-03 02:00:00,2024-03-03,2,3,March,Sunday,0.74,233.9,13.2,Living Room,6.29
2024-03-03 03:00:00,2024-03-03,3,3,March,Sunday,1.04,228.0,11.2,Factory Floor,8.84
2024-03-03 04:00:00,2024-03-03,4,3,March,Sunday,1.21,218.6,20.2,Living Room,10.29
2024-03-03 05:00:00,2024-03-03,5,3,March,Sunday,1.2,240.8,22.6,Kitchen,10.2
2024-03-03 06:00:00,2024-03-03,6,3,March,Sunday,5.55,235.0,17.2,AC Unit,47.17
2024-03-03 07:00:00,2024-03-03,7,3,March,Sunday,6.79,241.3,19.8,Factory Floor,57.72
2024-03-03 08:00:00,2024-03-03,8,3,March,Sunday,6.71,235.6,24.4,Office,57.03
2024-03-03 09:00:00,2024-03-03,9,3,March,Sunday,6.25,237.2,14.2,Living Room,53.12
2024-03-03 10:00:00,2024-03-03,10,3,March,Sunday,2.74,231.1,19.0,Living Room,23.29
2024-03-03 11:00:00,2024-03-03,11,3,March,Sunday,2.4,222.3,24.5,Factory Floor,20.4
2024-03-03 12:00:00,2024-03-03,12,3,March,Sunday,2.09,238.5,12.4,Factory Floor,17.77
2024-03-03 13:00:00,2024-03-03,13,3,March,Sunday,2.28,236.1,19.8,Living Room,19.38
2024-03-03 14:00:00,2024-03-03,14,3,March,Sunday,2.3,237.2,21.0,AC Unit,19.55
2024-03-03 15:00:00,2024-03-03,15,3,March,Sunday,2.9,232.5,15.4,Living Room,24.65
2024-03-03 16:00:00,2024-03-03,16,3,March,Sunday,2.83,230.3,17.3,Factory Floor,24.05
2024-03-03 17:00:00,2024-03-03,17,3,March,Sunday,2.48,231.5,16.3,Factory Floor,21.08
2024-03-03 18:00:00,2024-03-03,18,3,March,Sunday,9.86,228.4,16.4,Living Room,83.81
2024-03-03 19:00:00,2024-03-03,19,3,March,Sunday,9.03,234.2,19.7,Kitchen,76.75
2024-03-03 20:00:00,2024-03-03,20,3,March,Sunday,10.25,233.5,11.3,Factory Floor,87.12
2024-03-03 21:00:00,2024-03-03,21,3,March,Sunday,8.66,229.5,12.2,Kitchen,73.61
2024-03-03 22:00:00,2024-03-03,22,3,March,Sunday,9.04,224.0,16.4,Office,76.84
2024-03-03 23:00:00,2024-03-03,23,3,March,Sunday,2.05,219.8,10.7,Living Room,17.42
2024-03-04 00:00:00,2024-03-04,0,3,March,Monday,0.9,229.2,20.8,AC Unit,7.65
2024-03-04 01:00:00,2024-03-04,1,3,March,Monday,1.23,236.4,10.2,Factory Floor,10.46
2024-03-04 02:00:00,2024-03-04,2,3,March,Monday,1.0,227.4,11.2,AC Unit,8.5
2024-03-04 03:00:00,2024-03-04,3,3,March,Monday,1.41,236.2,16.7,AC Unit,11.98
2024-03-04 04:00:00,2024-03-04,4,3,March,Monday,1.58,237.4,13.2,Living Room,13.43
2024-03-04 05:00:00,2024-03-04,5,3,March,Monday,0.86,238.9,11.6,Office,7.31
2024-03-04 06:00:00,2024-03-04,6,3,March,Monday,5.45,218.3,19.8,Factory Floor,46.33
2024-03-04 07:00:00,2024-03-04,7,3,March,Monday,7.94,241.2,19.0,Factory Floor,67.49
2024-03-04 08:00:00,2024-03-04,8,3,March,Monday,6.72,232.8,20.4,Factory Floor,57.12
2024-03-04 09:00:00,2024-03-04,9,3,March,Monday,7.5,221.2,12.9,Living Room,63.75
2024-03-04 10:00:00,2024-03-04,10,3,March,Monday,2.7,222.5,10.4,Factory Floor,22.95
2024-03-04 11:00:00,2024-03-04,11,3,March,Monday,2.65,233.6,16.5,Office,22.52
2024-03-04 12:00:00,2024-03-04,12,3,March,Monday,2.19,225.2,17.0,Factory Floor,18.61
2024-03-04 13:00:00,2024-03-04,13,3,March,Monday,2.42,220.8,23.5,Factory Floor,20.57
2024-03-04 14:00:00,2024-03-04,14,3,March,Monday,2.96,229.3,22.9,Office,25.16
2024-03-04 15:00:00,2024-03-04,15,3,March,Monday,2.24,225.1,22.4,Factory Floor,19.04
2024-03-04 16:00:00,2024-03-04,16,3,March,Monday,2.05,218.2,19.5,Factory Floor,17.42
2024-03-04 17:00:00,2024-03-04,17,3,March,Monday,2.98,238.4,21.1,Office,25.33
2024-03-04 18:00:00,2024-03-04,18,3,March,Monday,9.92,218.9,16.0,Office,84.32
2024-03-04 19:00:00,2024-03-04,19,3,March,Monday,8.98,234.3,22.3,Factory Floor,76.33
2024-03-04 20:00:00,2024-03-04,20,3,March,Monday,6.99,218.5,18.6,Office,59.41
2024-03-04 21:00:00,2024-03-04,21,3,March,Monday,7.15,228.0,17.1,Factory Floor,60.78
2024-03-04 22:00:00,2024-03-04,22,3,March,Monday,9.14,228.8,16.5,Kitchen,77.69
2024-03-04 23:00:00,2024-03-04,23,3,March,Monday,2.29,222.6,15.2,Kitchen,19.46
2024-03-05 00:00:00,2024-03-05,0,3,March,Tuesday,1.08,234.4,23.8,Factory Floor,9.18
2024-03-05 01:00:00,2024-03-05,1,3,March,Tuesday,1.16,235.1,24.4,AC Unit,9.86
2024-03-05 02:00:00,2024-03-05,2,3,March,Tuesday,1.0,238.3,19.3,AC Unit,8.5
2024-03-05 03:00:00,2024-03-05,3,3,March,Tuesday,0.5,229.6,12.6,Kitchen,4.25
2024-03-05 04:00:00,2024-03-05,4,3,March,Tuesday,0.5,228.0,24.9,AC Unit,4.25
2024-03-05 05:00:00,2024-03-05,5,3,March,Tuesday,1.32,242.0,15.4,AC Unit,11.22
2024-03-05 06:00:00,2024-03-05,6,3,March,Tuesday,6.23,237.9,23.4,Living Room,52.96
2024-03-05 07:00:00,2024-03-05,7,3,March,Tuesday,7.76,220.7,13.4,Office,65.96
2024-03-05 08:00:00,2024-03-05,8,3,March,Tuesday,5.93,226.2,15.3,Living Room,50.41
2024-03-05 09:00:00,2024-03-05,9,3,March,Tuesday,7.87,239.5,22.8,Office,66.89
2024-03-05 10:00:00,2024-03-05,10,3,March,Tuesday,2.6,220.5,10.8,Factory Floor,22.1
2024-03-05 11:00:00,2024-03-05,11,3,March,Tuesday,2.8,241.1,21.3,Living Room,23.8
2024-03-05 12:00:00,2024-03-05,12,3,March,Tuesday,2.78,232.6,22.9,Living Room,23.63
2024-03-05 13:00:00,2024-03-05,13,3,March,Tuesday,2.82,219.0,11.6,Living Room,23.97
2024-03-05 14:00:00,2024-03-05,14,3,March,Tuesday,2.87,239.9,12.4,AC Unit,24.39
2024-03-05 15:00:00,2024-03-05,15,3,March,Tuesday,2.71,236.3,17.5,Living Room,23.04
2024-03-05 16:00:00,2024-03-05,16,3,March,Tuesday,2.15,226.7,22.3,Living Room,18.27
2024-03-05 17:00:00,2024-03-05,17,3,March,Tuesday,2.85,228.5,16.2,Living Room,24.23
2024-03-05 18:00:00,2024-03-05,18,3,March,Tuesday,7.79,226.2,17.6,Living Room,66.22
2024-03-05 19:00:00,2024-03-05,19,3,March,Tuesday,7.78,228.0,19.4,Kitchen,66.13
2024-03-05 20:00:00,2024-03-05,20,3,March,Tuesday,7.36,228.1,13.4,Factory Floor,62.56
2024-03-05 21:00:00,2024-03-05,21,3,March,Tuesday,8.06,229.0,22.8,AC Unit,68.51
2024-03-05 22:00:00,2024-03-05,22,3,March,Tuesday,10.22,236.5,20.8,Office,86.87
2024-03-05 23:00:00,2024-03-05,23,3,March,Tuesday,2.94,220.0,14.7,Kitchen,24.99
2024-03-06 00:00:00,2024-03-06,0,3,March,Wednesday,0.96,218.9,23.8,Kitchen,8.16
2024-03-06 01:00:00,2024-03-06,1,3,March,Wednesday,0.5,233.2,20.7,Office,4.25
2024-03-06 02:00:00,2024-03-06,2,3,March,Wednesday,0.5,239.3,20.5,AC Unit,4.25
2024-03-06 03:00:00,2024-03-06,3,3,March,Wednesday,0.59,226.3,22.4,Office,5.01
2024-03-06 04:00:00,2024-03-06,4,3,March,Wednesday,0.54,227.7,19.7,Office,4.59
2024-03-06 05:00:00,2024-03-06,5,3,March,Wednesday,0.99,228.6,15.2,Factory Floor,8.41
2024-03-06 06:00:00,2024-03-06,6,3,March,Wednesday,8.21,220.0,18.1,Factory Floor,69.79
2024-03-06 07:00:00,2024-03-06,7,3,March,Wednesday,7.92,221.0,24.9,AC Unit,67.32
2024-03-06 08:00:00,2024-03-06,8,3,March,Wednesday,6.15,225.5,15.1,Kitchen,52.28
2024-03-06 09:00:00,2024-03-06,9,3,March,Wednesday,5.96,231.0,13.9,AC Unit,50.66
2024-03-06 10:00:00,2024-03-06,10,3,March,Wednesday,2.73,241.7,11.7,Living Room,23.2
2024-03-06 11:00:00,2024-03-06,11,3,March,Wednesday,2.84,224.2,17.6,Living Room,24.14
2024-03-06 12:00:00,2024-03-06,12,3,March,Wednesday,2.05,233.6,11.9,AC Unit,17.42
2024-03-06 13:00:00,2024-03-06,13,3,March,Wednesday,2.57,218.1,15.1,Kitchen,21.84
2024-03-06 14:00:00,2024-03-06,14,3,March,Wednesday,2.81,241.7,18.5,Office,23.89
2024-03-06 15:00:00,2024-03-06,15,3,March,Wednesday,2.84,223.6,14.5,Office,24.14
2024-03-06 16:00:00,2024-03-06,16,3,March,Wednesday,2.67,235.1,17.8,Kitchen,22.7
2024-03-06 17:00:00,2024-03-06,17,3,March,Wednesday,2.11,230.4,12.9,AC Unit,17.93
2024-03-06 18:00:00,2024-03-06,18,3,March,Wednesday,7.96,228.2,16.2,Living Room,67.66
2024-03-06 19:00:00,2024-03-06,19,3,March,Wednesday,7.14,229.4,16.7,AC Unit,60.69
2024-03-06 20:00:00,2024-03-06,20,3,March,Wednesday,9.11,231.4,21.7,AC Unit,77.44
2024-03-06 21:00:00,2024-03-06,21,3,March,Wednesday,8.97,241.9,20.3,Factory Floor,76.25
2024-03-06 22:00:00,2024-03-06,22,3,March,Wednesday,9.34,221.9,17.6,Factory Floor,79.39
2024-03-06 23:00:00,2024-03-06,23,3,March,Wednesday,2.71,221.1,20.6,Office,23.04
2024-03-07 00:00:00,2024-03-07,0,3,March,Thursday,1.09,229.4,21.2,Office,9.27
2024-03-07 01:00:00,2024-03-07,1,3,March,Thursday,1.58,232.4,16.1,Living Room,13.43
2024-03-07 02:00:00,2024-03-07,2,3,March,Thursday,0.92,230.5,11.8,AC Unit,7.82
2024-03-07 03:00:00,2024-03-07,3,3,March,Thursday,0.5,229.7,21.9,Kitchen,4.25
2024-03-07 04:00:00,2024-03-07,4,3,March,Thursday,0.64,240.5,14.6,AC Unit,5.44
2024-03-07 05:00:00,2024-03-07,5,3,March,Thursday,1.6,229.7,11.8,AC Unit,13.6
2024-03-07 06:00:00,2024-03-07,6,3,March,Thursday,5.25,229.5,14.6,Factory Floor,44.62
2024-03-07 07:00:00,2024-03-07,7,3,March,Thursday,8.48,229.4,20.8,Office,72.08
2024-03-07 08:00:00,2024-03-07,8,3,March,Thursday,5.54,233.3,21.4,Factory Floor,47.09
2024-03-07 09:00:00,2024-03-07,9,3,March,Thursday,6.17,220.1,19.4,Office,52.45
2024-03-07 10:00:00,2024-03-07,10,3,March,Thursday,2.41,223.6,15.9,Office,20.48
2024-03-07 11:00:00,2024-03-07,11,3,March,Thursday,2.05,234.1,16.6,AC Unit,17.42
2024-03-07 12:00:00,2024-03-07,12,3,March,Thursday,2.65,238.8,20.6,Office,22.52
2024-03-07 13:00:00,2024-03-07,13,3,March,Thursday,2.63,236.5,14.6,Living Room,22.36
2024-03-07 14:00:00,2024-03-07,14,3,March,Thursday,2.64,220.0,24.3,Office,22.44
2024-03-07 15:00:00,2024-03-07,15,3,March,Thursday,2.58,219.3,18.6,Kitchen,21.93
2024-03-07 16:00:00,2024-03-07,16,3,March,Thursday,2.75,230.1,10.3,Office,23.38
2024-03-07 17:00:00,2024-03-07,17,3,March,Thursday,2.18,218.5,21.8,Kitchen,18.53
2024-03-07 18:00:00,2024-03-07,18,3,March,Thursday,10.16,231.9,11.3,Office,86.36
2024-03-07 19:00:00,2024-03-07,19,3,March,Thursday,8.83,219.1,22.9,Living Room,75.06
2024-03-07 20:00:00,2024-03-07,20,3,March,Thursday,7.54,218.6,17.9,Factory Floor,64.09
2024-03-07 21:00:00,2024-03-07,21,3,March,Thursday,7.14,220.4,12.5,Kitchen,60.69
2024-03-07 22:00:00,2024-03-07,22,3,March,Thursday,7.5,221.7,24.3,Kitchen,63.75
2024-03-07 23:00:00,2024-03-07,23,3,March,Thursday,2.06,241.1,12.7,Living Room,17.51
2024-03-08 00:00:00,2024-03-08,0,3,March,Friday,0.8,221.4,23.4,AC Unit,6.8
2024-03-08 01:00:00,2024-03-08,1,3,March,Friday,1.45,220.9,13.0,Office,12.32
2024-03-08 02:00:00,2024-03-08,2,3,March,Friday,0.91,236.1,15.8,Living Room,7.74
2024-03-08 03:00:00,2024-03-08,3,3,March,Friday,1.05,231.3,11.0,Living Room,8.93
2024-03-08 04:00:00,2024-03-08,4,3,March,Friday,0.83,239.3,14.0,Office,7.05
2024-03-08 05:00:00,2024-03-08,5,3,March,Friday,0.57,231.3,21.8,AC Unit,4.84
2024-03-08 06:00:00,2024-03-08,6,3,March,Friday,7.15,238.3,17.5,Kitchen,60.78
2024-03-08 07:00:00,2024-03-08,7,3,March,Friday,7.11,236.8,18.1,Factory Floor,60.44
2024-03-08 08:00:00,2024-03-08,8,3,March,Friday,8.44,219.0,22.2,Office,71.74
2024-03-08 09:00:00,2024-03-08,9,3,March,Friday,6.84,218.0,24.0,Factory Floor,58.14
2024-03-08 10:00:00,2024-03-08,10,3,March,Friday,2.27,224.0,20.2,AC Unit,19.3
2024-03-08 11:00:00,2024-03-08,11,3,March,Friday,2.84,223.1,22.6,AC Unit,24.14
2024-03-08 12:00:00,2024-03-08,12,3,March,Friday,2.05,235.7,18.4,AC Unit,17.42
2024-03-08 13:00:00,2024-03-08,13,3,March,Friday,2.09,234.8,22.5,Office,17.77
2024-03-08 14:00:00,2024-03-08,14,3,March,Friday,3.0,239.1,13.2,Office,25.5
2024-03-08 15:00:00,2024-03-08,15,3,March,Friday,2.96,225.6,20.2,AC Unit,25.16
2024-03-08 16:00:00,2024-03-08,16,3,March,Friday,2.64,241.5,20.6,AC Unit,22.44
2024-03-08 17:00:00,2024-03-08,17,3,March,Friday,2.25,241.6,15.1,Factory Floor,19.12
2024-03-08 18:00:00,2024-03-08,18,3,March,Friday,10.16,239.9,12.0,Living Room,86.36
2024-03-08 19:00:00,2024-03-08,19,3,March,Friday,8.44,218.2,12.6,Office,71.74
2024-03-08 20:00:00,2024-03-08,20,3,March,Friday,10.28,236.3,18.1,Living Room,87.38
2024-03-08 21:00:00,2024-03-08,21,3,March,Friday,9.05,237.6,16.7,Living Room,76.93
2024-03-08 22:00:00,2024-03-08,22,3,March,Friday,8.22,237.9,15.4,Kitchen,69.87
2024-03-08 23:00:00,2024-03-08,23,3,March,Friday,2.84,237.5,24.8,Living Room,24.14
2024-03-09 00:00:00,2024-03-09,0,3,March,Saturday,1.47,228.7,13.3,Living Room,12.49
2024-03-09 01:00:00,2024-03-09,1,3,March,Saturday,0.92,235.0,12.9,Office,7.82
2024-03-09 02:00:00,2024-03-09,2,3,March,Saturday,1.18,223.3,24.7,AC Unit,10.03
2024-03-09 03:00:00,2024-03-09,3,3,March,Saturday,1.46,234.9,19.1,Living Room,12.41
2024-03-09 04:00:00,2024-03-09,4,3,March,Saturday,1.63,227.5,23.0,Office,13.85
2024-03-09 05:00:00,2024-03-09,5,3,March,Saturday,0.67,222.7,21.1,Office,5.7
2024-03-09 06:00:00,2024-03-09,6,3,March,Saturday,6.76,221.1,11.0,AC Unit,57.46
2024-03-09 07:00:00,2024-03-09,7,3,March,Saturday,8.66,239.1,20.9,AC Unit,73.61
2024-03-09 08:00:00,2024-03-09,8,3,March,Saturday,6.25,241.8,20.4,Office,53.12
2024-03-09 09:00:00,2024-03-09,9,3,March,Saturday,7.52,239.2,10.0,Factory Floor,63.92
2024-03-09 10:00:00,2024-03-09,10,3,March,Saturday,2.64,240.6,10.8,AC Unit,22.44
2024-03-09 11:00:00,2024-03-09,11,3,March,Saturday,2.43,241.9,14.1,Office,20.66
2024-03-09 12:00:00,2024-03-09,12,3,March,Saturday,2.47,226.7,21.4,Kitchen,21.0
2024-03-09 13:00:00,2024-03-09,13,3,March,Saturday,2.05,240.0,18.0,AC Unit,17.42
2024-03-09 14:00:00,2024-03-09,14,3,March,Saturday,2.01,222.7,11.2,Office,17.08
2024-03-09 15:00:00,2024-03-09,15,3,March,Saturday,2.81,241.8,13.4,Factory Floor,23.89
2024-03-09 16:00:00,2024-03-09,16,3,March,Saturday,2.96,240.0,13.0,AC Unit,25.16
2024-03-09 17:00:00,2024-03-09,17,3,March,Saturday,2.31,233.0,11.5,Factory Floor,19.64
2024-03-09 18:00:00,2024-03-09,18,3,March,Saturday,7.75,237.1,24.0,AC Unit,65.88
2024-03-09 19:00:00,2024-03-09,19,3,March,Saturday,7.46,241.0,22.5,AC Unit,63.41
2024-03-09 20:00:00,2024-03-09,20,3,March,Saturday,8.32,219.7,19.0,Factory Floor,70.72
2024-03-09 21:00:00,2024-03-09,21,3,March,Saturday,9.68,231.9,11.3,Living Room,82.28
2024-03-09 22:00:00,2024-03-09,22,3,March,Saturday,10.04,239.4,20.4,Kitchen,85.34
2024-03-09 23:00:00,2024-03-09,23,3,March,Saturday,2.06,237.3,10.8,Office,17.51
2024-03-10 00:00:00,2024-03-10,0,3,March,Sunday,0.5,234.3,18.4,AC Unit,4.25
2024-03-10 01:00:00,2024-03-10,1,3,March,Sunday,0.55,232.8,16.2,Office,4.68
2024-03-10 02:00:00,2024-03-10,2,3,March,Sunday,0.84,228.9,17.0,Factory Floor,7.14
2024-03-10 03:00:00,2024-03-10,3,3,March,Sunday,0.74,226.2,24.1,Living Room,6.29
2024-03-10 04:00:00,2024-03-10,4,3,March,Sunday,0.87,222.6,11.5,Office,7.39
2024-03-10 05:00:00,2024-03-10,5,3,March,Sunday,0.88,238.2,23.6,Kitchen,7.48
2024-03-10 06:00:00,2024-03-10,6,3,March,Sunday,7.17,228.1,20.9,Factory Floor,60.95
2024-03-10 07:00:00,2024-03-10,7,3,March,Sunday,5.7,219.1,11.9,Office,48.45
2024-03-10 08:00:00,2024-03-10,8,3,March,Sunday,7.27,236.1,14.7,Office,61.79
2024-03-10 09:00:00,2024-03-10,9,3,March,Sunday,7.47,225.4,15.1,AC Unit,63.49
2024-03-10 10:00:00,2024-03-10,10,3,March,Sunday,2.97,230.4,19.9,Kitchen,25.25
2024-03-10 11:00:00,2024-03-10,11,3,March,Sunday,2.06,230.2,22.5,Living Room,17.51
2024-03-10 12:00:00,2024-03-10,12,3,March,Sunday,2.42,222.7,13.0,Kitchen,20.57
2024-03-10 13:00:00,2024-03-10,13,3,March,Sunday,2.79,226.2,20.0,Factory Floor,23.71
2024-03-10 14:00:00,2024-03-10,14,3,March,Sunday,2.6,225.9,18.7,AC Unit,22.1
2024-03-10 15:00:00,2024-03-10,15,3,March,Sunday,2.62,228.0,12.4,Factory Floor,22.27
2024-03-10 16:00:00,2024-03-10,16,3,March,Sunday,2.88,239.9,17.4,Living Room,24.48
2024-03-10 17:00:00,2024-03-10,17,3,March,Sunday,2.64,234.6,17.0,Kitchen,22.44
2024-03-10 18:00:00,2024-03-10,18,3,March,Sunday,7.69,240.9,15.0,Factory Floor,65.37
2024-03-10 19:00:00,2024-03-10,19,3,March,Sunday,7.01,241.8,15.4,Living Room,59.59
2024-03-10 20:00:00,2024-03-10,20,3,March,Sunday,7.99,221.4,16.6,Office,67.92
2024-03-10 21:00:00,2024-03-10,21,3,March,Sunday,10.01,241.4,13.0,AC Unit,85.08
2024-03-10 22:00:00,2024-03-10,22,3,March,Sunday,7.58,235.3,15.1,Office,64.43
2024-03-10 23:00:00,2024-03-10,23,3,March,Sunday,2.25,222.7,12.6,AC Unit,19.12
2024-03-11 00:00:00,2024-03-11,0,3,March,Monday,0.5,234.3,15.7,Living Room,4.25
2024-03-11 01:00:00,2024-03-11,1,3,March,Monday,0.87,228.9,15.5,AC Unit,7.39
2024-03-11 02:00:00,2024-03-11,2,3,March,Monday,1.28,241.5,25.0,Factory Floor,10.88
2024-03-11 03:00:00,2024-03-11,3,3,March,Monday,0.5,221.5,23.9,Kitchen,4.25
2024-03-11 04:00:00,2024-03-11,4,3,March,Monday,1.19,227.0,19.0,Kitchen,10.12
2024-03-11 05:00:00,2024-03-11,5,3,March,Monday,0.84,232.1,22.8,AC Unit,7.14
2024-03-11 06:00:00,2024-03-11,6,3,March,Monday,7.7,219.3,21.9,Kitchen,65.45
2024-03-11 07:00:00,2024-03-11,7,3,March,Monday,8.52,239.3,13.1,Living Room,72.42
2024-03-11 08:00:00,2024-03-11,8,3,March,Monday,8.14,232.8,12.5,Factory Floor,69.19
2024-03-11 09:00:00,2024-03-11,9,3,March,Monday,7.9,230.2,17.5,Factory Floor,67.15
2024-03-11 10:00:00,2024-03-11,10,3,March,Monday,2.18,235.1,17.9,Factory Floor,18.53
2024-03-11 11:00:00,2024-03-11,11,3,March,Monday,2.72,229.9,14.0,Factory Floor,23.12
2024-03-11 12:00:00,2024-03-11,12,3,March,Monday,2.64,237.0,19.7,Kitchen,22.44
2024-03-11 13:00:00,2024-03-11,13,3,March,Monday,2.22,222.9,22.9,Factory Floor,18.87
2024-03-11 14:00:00,2024-03-11,14,3,March,Monday,2.22,228.2,15.7,Kitchen,18.87
2024-03-11 15:00:00,2024-03-11,15,3,March,Monday,2.94,227.0,18.3,Kitchen,24.99
2024-03-11 16:00:00,2024-03-11,16,3,March,Monday,2.75,225.1,17.8,Kitchen,23.38
2024-03-11 17:00:00,2024-03-11,17,3,March,Monday,2.58,229.2,19.3,Factory Floor,21.93
2024-03-11 18:00:00,2024-03-11,18,3,March,Monday,8.24,226.8,17.5,AC Unit,70.04
2024-03-11 19:00:00,2024-03-11,19,3,March,Monday,7.71,223.6,19.7,AC Unit,65.53
2024-03-11 20:00:00,2024-03-11,20,3,March,Monday,9.9,230.0,18.2,Living Room,84.15
2024-03-11 21:00:00,2024-03-11,21,3,March,Monday,10.07,220.4,11.1,Living Room,85.59
2024-03-11 22:00:00,2024-03-11,22,3,March,Monday,8.52,234.2,13.8,AC Unit,72.42
2024-03-11 23:00:00,2024-03-11,23,3,March,Monday,2.19,232.5,12.1,Office,18.61
2024-03-12 00:00:00,2024-03-12,0,3,March,Tuesday,0.5,225.2,22.3,Factory Floor,4.25
2024-03-12 01:00:00,2024-03-12,1,3,March,Tuesday,0.88,236.2,10.2,Office,7.48
2024-03-12 02:00:00,2024-03-12,2,3,March,Tuesday,0.96,238.8,13.4,Kitchen,8.16
2024-03-12 03:00:00,2024-03-12,3,3,March,Tuesday,1.04,236.9,21.4,Factory Floor,8.84
2024-03-12 04:00:00,2024-03-12,4,3,March,Tuesday,0.75,238.3,16.4,Factory Floor,6.38
2024-03-12 05:00:00,2024-03-12,5,3,March,Tuesday,1.24,231.4,15.6,Office,10.54
2024-03-12 06:00:00,2024-03-12,6,3,March,Tuesday,7.93,235.7,17.5,AC Unit,67.41
2024-03-12 07:00:00,2024-03-12,7,3,March,Tuesday,6.44,234.5,16.1,Office,54.74
2024-03-12 08:00:00,2024-03-12,8,3,March,Tuesday,6.49,231.6,10.5,Kitchen,55.16
2024-03-12 09:00:00,2024-03-12,9,3,March,Tuesday,6.41,225.9,19.4,Office,54.48
2024-03-12 10:00:00,2024-03-12,10,3,March,Tuesday,2.91,231.8,15.9,Factory Floor,24.73
2024-03-12 11:00:00,2024-03-12,11,3,March,Tuesday,2.2,227.4,18.0,Kitchen,18.7
2024-03-12 12:00:00,2024-03-12,12,3,March,Tuesday,2.47,225.9,24.4,AC Unit,21.0
2024-03-12 13:00:00,2024-03-12,13,3,March,Tuesday,2.09,220.5,18.3,Living Room,17.77
2024-03-12 14:00:00,2024-03-12,14,3,March,Tuesday,2.83,232.5,10.4,Kitchen,24.05
2024-03-12 15:00:00,2024-03-12,15,3,March,Tuesday,2.07,241.1,14.3,Kitchen,17.59
2024-03-12 16:00:00,2024-03-12,16,3,March,Tuesday,2.29,230.6,16.8,AC Unit,19.46
2024-03-12 17:00:00,2024-03-12,17,3,March,Tuesday,2.52,222.1,22.9,Factory Floor,21.42
2024-03-12 18:00:00,2024-03-12,18,3,March,Tuesday,8.55,221.1,16.3,Living Room,72.68
2024-03-12 19:00:00,2024-03-12,19,3,March,Tuesday,8.46,223.0,23.1,AC Unit,71.91
2024-03-12 20:00:00,2024-03-12,20,3,March,Tuesday,8.44,229.4,19.1,AC Unit,71.74
2024-03-12 21:00:00,2024-03-12,21,3,March,Tuesday,8.85,234.4,14.1,Living Room,75.22
2024-03-12 22:00:00,2024-03-12,22,3,March,Tuesday,10.41,237.8,19.1,Kitchen,88.48
2024-03-12 23:00:00,2024-03-12,23,3,March,Tuesday,2.53,239.8,23.2,Factory Floor,21.5
2024-03-13 00:00:00,2024-03-13,0,3,March,Wednesday,0.58,220.2,19.7,Factory Floor,4.93
2024-03-13 01:00:00,2024-03-13,1,3,March,Wednesday,1.5,237.0,15.9,Kitchen,12.75
2024-03-13 02:00:00,2024-03-13,2,3,March,Wednesday,0.76,232.8,16.5,Factory Floor,6.46
2024-03-13 03:00:00,2024-03-13,3,3,March,Wednesday,0.5,231.6,15.9,Living Room,4.25
2024-03-13 04:00:00,2024-03-13,4,3,March,Wednesday,1.63,224.6,19.4,AC Unit,13.85
2024-03-13 05:00:00,2024-03-13,5,3,March,Wednesday,0.5,235.4,23.5,Factory Floor,4.25
2024-03-13 06:00:00,2024-03-13,6,3,March,Wednesday,7.0,220.9,15.5,Living Room,59.5
2024-03-13 07:00:00,2024-03-13,7,3,March,Wednesday,7.29,227.8,12.5,Kitchen,61.97
2024-03-13 08:00:00,2024-03-13,8,3,March,Wednesday,6.98,219.8,20.4,Factory Floor,59.33
2024-03-13 09:00:00,2024-03-13,9,3,March,Wednesday,6.89,238.5,16.0,Living Room,58.56
2024-03-13 10:00:00,2024-03-13,10,3,March,Wednesday,2.25,235.0,12.0,Factory Floor,19.12
2024-03-13 11:00:00,2024-03-13,11,3,March,Wednesday,2.48,219.6,18.2,Kitchen,21.08
2024-03-13 12:00:00,2024-03-13,12,3,March,Wednesday,2.71,228.5,17.1,AC Unit,23.04
2024-03-13 13:00:00,2024-03-13,13,3,March,Wednesday,2.84,222.1,10.3,Living Room,24.14
2024-03-13 14:00:00,2024-03-13,14,3,March,Wednesday,2.18,221.0,21.1,Kitchen,18.53
2024-03-13 15:00:00,2024-03-13,15,3,March,Wednesday,2.08,236.3,20.2,Kitchen,17.68
2024-03-13 16:00:00,2024-03-13,16,3,March,Wednesday,2.44,222.3,20.7,Office,20.74
2024-03-13 17:00:00,2024-03-13,17,3,March,Wednesday,2.22,234.7,22.5,Office,18.87
2024-03-13 18:00:00,2024-03-13,18,3,March,Wednesday,9.28,239.5,15.9,AC Unit,78.88
2024-03-13 19:00:00,2024-03-13,19,3,March,Wednesday,8.37,219.2,15.7,Kitchen,71.14
2024-03-13 20:00:00,2024-03-13,20,3,March,Wednesday,10.09,223.7,11.4,Factory Floor,85.77
2024-03-13 21:00:00,2024-03-13,21,3,March,Wednesday,6.13,237.7,20.2,Living Room,52.1
2024-03-13 22:00:00,2024-03-13,22,3,March,Wednesday,7.76,237.1,22.5,Kitchen,65.96
2024-03-13 23:00:00,2024-03-13,23,3,March,Wednesday,2.72,219.1,17.7,AC Unit,23.12
2024-03-14 00:00:00,2024-03-14,0,3,March,Thursday,1.3,233.0,24.0,Factory Floor,11.05
2024-03-14 01:00:00,2024-03-14,1,3,March,Thursday,0.5,223.1,15.3,Kitchen,4.25
2024-03-14 02:00:00,2024-03-14,2,3,March,Thursday,1.64,218.3,13.2,Kitchen,13.94
2024-03-14 03:00:00,2024-03-14,3,3,March,Thursday,1.75,233.6,15.5,Living Room,14.88
2024-03-14 04:00:00,2024-03-14,4,3,March,Thursday,0.53,236.4,17.5,Living Room,4.5
2024-03-14 05:00:00,2024-03-14,5,3,March,Thursday,1.08,240.1,18.5,AC Unit,9.18
2024-03-14 06:00:00,2024-03-14,6,3,March,Thursday,8.48,241.6,20.4,Kitchen,72.08
2024-03-14 07:00:00,2024-03-14,7,3,March,Thursday,6.63,239.2,14.8,Factory Floor,56.35
2024-03-14 08:00:00,2024-03-14,8,3,March,Thursday,5.22,239.9,16.7,Office,44.37
2024-03-14 09:00:00,2024-03-14,9,3,March,Thursday,7.15,232.1,24.8,Kitchen,60.78
2024-03-14 10:00:00,2024-03-14,10,3,March,Thursday,2.02,236.2,11.9,Kitchen,17.17
2024-03-14 11:00:00,2024-03-14,11,3,March,Thursday,2.74,236.2,19.3,Living Room,23.29
2024-03-14 12:00:00,2024-03-14,12,3,March,Thursday,2.14,230.0,13.0,Factory Floor,18.19
2024-03-14 13:00:00,2024-03-14,13,3,March,Thursday,2.2,218.9,23.9,Office,18.7
2024-03-14 14:00:00,2024-03-14,14,3,March,Thursday,2.99,228.6,23.2,Kitchen,25.42
2024-03-14 15:00:00,2024-03-14,15,3,March,Thursday,2.28,233.4,21.4,Office,19.38
2024-03-14 16:00:00,2024-03-14,16,3,March,Thursday,2.79,228.0,22.2,Living Room,23.71
2024-03-14 17:00:00,2024-03-14,17,3,March,Thursday,2.23,235.6,15.1,Kitchen,18.95
2024-03-14 18:00:00,2024-03-14,18,3,March,Thursday,9.06,234.0,13.7,Kitchen,77.01
2024-03-14 19:00:00,2024-03-14,19,3,March,Thursday,8.81,225.7,16.6,Living Room,74.89
2024-03-14 20:00:00,2024-03-14,20,3,March,Thursday,6.75,240.9,10.8,Kitchen,57.38
2024-03-14 21:00:00,2024-03-14,21,3,March,Thursday,9.88,222.2,18.2,Kitchen,83.98
2024-03-14 22:00:00,2024-03-14,22,3,March,Thursday,7.02,235.4,14.7,Kitchen,59.67
2024-03-14 23:00:00,2024-03-14,23,3,March,Thursday,2.24,222.2,13.7,AC Unit,19.04
2024-03-15 00:00:00,2024-03-15,0,3,March,Friday,1.39,222.8,22.9,Factory Floor,11.81
2024-03-15 01:00:00,2024-03-15,1,3,March,Friday,1.89,227.6,12.5,Factory Floor,16.06
2024-03-15 02:00:00,2024-03-15,2,3,March,Friday,1.19,228.4,12.3,Factory Floor,10.12
2024-03-15 03:00:00,2024-03-15,3,3,March,Friday,1.36,238.5,21.4,AC Unit,11.56
2024-03-15 04:00:00,2024-03-15,4,3,March,Friday,0.56,235.4,13.9,Factory Floor,4.76
2024-03-15 05:00:00,2024-03-15,5,3,March,Friday,0.98,231.5,17.2,AC Unit,8.33
2024-03-15 06:00:00,2024-03-15,6,3,March,Friday,5.88,221.7,12.8,Living Room,49.98
2024-03-15 07:00:00,2024-03-15,7,3,March,Friday,8.32,227.0,16.1,Factory Floor,70.72
2024-03-15 08:00:00,2024-03-15,8,3,March,Friday,8.79,227.0,17.3,Office,74.71
2024-03-15 09:00:00,2024-03-15,9,3,March,Friday,6.1,241.8,11.9,Office,51.85
2024-03-15 10:00:00,2024-03-15,10,3,March,Friday,2.16,236.3,24.4,AC Unit,18.36
2024-03-15 11:00:00,2024-03-15,11,3,March,Friday,2.51,229.7,20.3,Living Room,21.33
2024-03-15 12:00:00,2024-03-15,12,3,March,Friday,2.65,240.2,21.0,Kitchen,22.52
2024-03-15 13:00:00,2024-03-15,13,3,March,Friday,2.48,240.1,15.4,Living Room,21.08
2024-03-15 14:00:00,2024-03-15,14,3,March,Friday,2.7,233.5,13.9,Factory Floor,22.95
2024-03-15 15:00:00,2024-03-15,15,3,March,Friday,2.94,221.5,13.7,Office,24.99
2024-03-15 16:00:00,2024-03-15,16,3,March,Friday,2.95,238.2,10.2,Living Room,25.08
2024-03-15 17:00:00,2024-03-15,17,3,March,Friday,2.64,240.0,16.0,Office,22.44
2024-03-15 18:00:00,2024-03-15,18,3,March,Friday,9.98,239.8,23.1,Kitchen,84.83
2024-03-15 19:00:00,2024-03-15,19,3,March,Friday,9.57,225.3,24.5,Factory Floor,81.34
2024-03-15 20:00:00,2024-03-15,20,3,March,Friday,9.08,236.1,23.9,Living Room,77.18
2024-03-15 21:00:00,2024-03-15,21,3,March,Friday,7.01,237.1,22.2,AC Unit,59.59
2024-03-15 22:00:00,2024-03-15,22,3,March,Friday,9.92,227.6,14.6,Kitchen,84.32
2024-03-15 23:00:00,2024-03-15,23,3,March,Friday,2.82,218.0,11.0,Factory Floor,23.97
2024-03-16 00:00:00,2024-03-16,0,3,March,Saturday,1.13,235.6,12.6,AC Unit,9.6
2024-03-16 01:00:00,2024-03-16,1,3,March,Saturday,0.95,229.7,17.5,Living Room,8.07
2024-03-16 02:00:00,2024-03-16,2,3,March,Saturday,1.36,222.5,10.9,Kitchen,11.56
2024-03-16 03:00:00,2024-03-16,3,3,March,Saturday,0.5,241.6,23.1,Factory Floor,4.25
2024-03-16 04:00:00,2024-03-16,4,3,March,Saturday,1.0,238.8,12.5,AC Unit,8.5
2024-03-16 05:00:00,2024-03-16,5,3,March,Saturday,1.04,219.5,10.4,Kitchen,8.84
2024-03-16 06:00:00,2024-03-16,6,3,March,Saturday,7.11,220.4,10.9,Living Room,60.44
2024-03-16 07:00:00,2024-03-16,7,3,March,Saturday,7.79,219.0,13.2,Living Room,66.22
2024-03-16 08:00:00,2024-03-16,8,3,March,Saturday,6.65,241.1,14.0,Factory Floor,56.53
2024-03-16 09:00:00,2024-03-16,9,3,March,Saturday,6.76,228.3,15.6,AC Unit,57.46
2024-03-16 10:00:00,2024-03-16,10,3,March,Saturday,3.0,237.6,24.1,Factory Floor,25.5
2024-03-16 11:00:00,2024-03-16,11,3,March,Saturday,2.38,219.4,15.3,AC Unit,20.23
2024-03-16 12:00:00,2024-03-16,12,3,March,Saturday,2.81,218.1,23.1,Factory Floor,23.89
2024-03-16 13:00:00,2024-03-16,13,3,March,Saturday,2.73,239.3,12.1,Office,23.2
2024-03-16 14:00:00,2024-03-16,14,3,March,Saturday,2.12,230.7,24.3,Kitchen,18.02
2024-03-16 15:00:00,2024-03-16,15,3,March,Saturday,2.37,232.8,19.9,Factory Floor,20.14
2024-03-16 16:00:00,2024-03-16,16,3,March,Saturday,2.51,233.8,10.0,AC Unit,21.33
2024-03-16 17:00:00,2024-03-16,17,3,March,Saturday,2.02,226.6,10.7,AC Unit,17.17
2024-03-16 18:00:00,2024-03-16,18,3,March,Saturday,8.95,229.6,21.1,Living Room,76.07
2024-03-16 19:00:00,2024-03-16,19,3,March,Saturday,8.33,240.6,17.1,Living Room,70.81
2024-03-16 20:00:00,2024-03-16,20,3,March,Saturday,9.23,222.7,12.1,Office,78.45
2024-03-16 21:00:00,2024-03-16,21,3,March,Saturday,10.29,235.2,10.5,Factory Floor,87.46
2024-03-16 22:00:00,2024-03-16,22,3,March,Saturday,9.49,234.2,18.2,Factory Floor,80.67
2024-03-16 23:00:00,2024-03-16,23,3,March,Saturday,2.17,228.7,11.7,Office,18.45
2024-03-17 00:00:00,2024-03-17,0,3,March,Sunday,0.97,236.1,19.9,Living Room,8.24
2024-03-17 01:00:00,2024-03-17,1,3,March,Sunday,1.89,218.7,23.9,AC Unit,16.06
2024-03-17 02:00:00,2024-03-17,2,3,March,Sunday,0.86,223.3,13.9,Factory Floor,7.31
2024-03-17 03:00:00,2024-03-17,3,3,March,Sunday,0.72,234.0,23.8,Factory Floor,6.12
2024-03-17 04:00:00,2024-03-17,4,3,March,Sunday,1.6,238.9,24.0,Office,13.6
2024-03-17 05:00:00,2024-03-17,5,3,March,Sunday,1.28,239.8,21.1,Factory Floor,10.88
2024-03-17 06:00:00,2024-03-17,6,3,March,Sunday,7.75,241.2,16.6,Kitchen,65.88
2024-03-17 07:00:00,2024-03-17,7,3,March,Sunday,5.79,220.1,11.3,Office,49.22
2024-03-17 08:00:00,2024-03-17,8,3,March,Sunday,8.56,220.8,15.5,AC Unit,72.76
2024-03-17 09:00:00,2024-03-17,9,3,March,Sunday,8.44,218.0,10.9,Office,71.74
2024-03-17 10:00:00,2024-03-17,10,3,March,Sunday,2.19,227.3,16.4,AC Unit,18.61
2024-03-17 11:00:00,2024-03-17,11,3,March,Sunday,2.8,240.4,11.9,Office,23.8
2024-03-17 12:00:00,2024-03-17,12,3,March,Sunday,2.59,220.6,10.1,Factory Floor,22.02
2024-03-17 13:00:00,2024-03-17,13,3,March,Sunday,2.32,237.6,14.5,Kitchen,19.72
2024-03-17 14:00:00,2024-03-17,14,3,March,Sunday,2.5,228.9,19.0,Kitchen,21.25
2024-03-17 15:00:00,2024-03-17,15,3,March,Sunday,2.75,238.4,22.4,Living Room,23.38
2024-03-17 16:00:00,2024-03-17,16,3,March,Sunday,2.6,225.4,24.9,Living Room,22.1
2024-03-17 17:00:00,2024-03-17,17,3,March,Sunday,2.27,238.3,18.6,Kitchen,19.3
2024-03-17 18:00:00,2024-03-17,18,3,March,Sunday,8.68,227.0,24.7,AC Unit,73.78
2024-03-17 19:00:00,2024-03-17,19,3,March,Sunday,7.33,238.4,24.0,Kitchen,62.3
2024-03-17 20:00:00,2024-03-17,20,3,March,Sunday,8.85,238.8,12.7,Factory Floor,75.22
2024-03-17 21:00:00,2024-03-17,21,3,March,Sunday,9.21,237.6,23.7,Kitchen,78.29
2024-03-17 22:00:00,2024-03-17,22,3,March,Sunday,10.51,226.1,20.2,AC Unit,89.33
2024-03-17 23:00:00,2024-03-17,23,3,March,Sunday,2.76,227.4,17.9,AC Unit,23.46
2024-03-18 00:00:00,2024-03-18,0,3,March,Monday,1.64,234.8,18.2,Living Room,13.94
2024-03-18 01:00:00,2024-03-18,1,3,March,Monday,1.62,231.9,22.1,AC Unit,13.77
2024-03-18 02:00:00,2024-03-18,2,3,March,Monday,0.71,221.3,20.4,AC Unit,6.04
2024-03-18 03:00:00,2024-03-18,3,3,March,Monday,0.5,237.3,12.9,Living Room,4.25
2024-03-18 04:00:00,2024-03-18,4,3,March,Monday,1.49,220.4,21.8,Kitchen,12.66
2024-03-18 05:00:00,2024-03-18,5,3,March,Monday,1.61,234.3,12.5,Living Room,13.69
2024-03-18 06:00:00,2024-03-18,6,3,March,Monday,6.26,222.3,10.8,Office,53.21
2024-03-18 07:00:00,2024-03-18,7,3,March,Monday,7.54,241.3,19.4,Factory Floor,64.09
2024-03-18 08:00:00,2024-03-18,8,3,March,Monday,5.85,227.5,14.5,Office,49.72
2024-03-18 09:00:00,2024-03-18,9,3,March,Monday,8.52,227.0,20.4,Living Room,72.42
2024-03-18 10:00:00,2024-03-18,10,3,March,Monday,2.78,238.8,19.8,AC Unit,23.63
2024-03-18 11:00:00,2024-03-18,11,3,March,Monday,2.63,228.7,10.2,Living Room,22.36
2024-03-18 12:00:00,2024-03-18,12,3,March,Monday,2.08,229.7,20.0,Office,17.68
2024-03-18 13:00:00,2024-03-18,13,3,March,Monday,2.22,232.1,24.8,Factory Floor,18.87
2024-03-18 14:00:00,2024-03-18,14,3,March,Monday,2.27,235.9,21.9,Kitchen,19.3
2024-03-18 15:00:00,2024-03-18,15,3,March,Monday,2.38,242.0,20.5,AC Unit,20.23
2024-03-18 16:00:00,2024-03-18,16,3,March,Monday,2.57,220.4,11.0,Office,21.84
2024-03-18 17:00:00,2024-03-18,17,3,March,Monday,2.18,237.5,10.3,Office,18.53
2024-03-18 18:00:00,2024-03-18,18,3,March,Monday,10.05,230.7,11.0,Office,85.43
2024-03-18 19:00:00,2024-03-18,19,3,March,Monday,8.97,233.6,21.3,Kitchen,76.25
2024-03-18 20:00:00,2024-03-18,20,3,March,Monday,10.76,222.3,19.0,Kitchen,91.46
2024-03-18 21:00:00,2024-03-18,21,3,March,Monday,6.47,225.5,10.6,Office,54.99
2024-03-18 22:00:00,2024-03-18,22,3,March,Monday,6.99,231.5,22.8,Living Room,59.41
2024-03-18 23:00:00,2024-03-18,23,3,March,Monday,2.08,221.0,14.5,Office,17.68
2024-03-19 00:00:00,2024-03-19,0,3,March,Tuesday,1.81,233.8,13.7,Living Room,15.38
2024-03-19 01:00:00,2024-03-19,1,3,March,Tuesday,0.57,236.8,19.9,Factory Floor,4.84
2024-03-19 02:00:00,2024-03-19,2,3,March,Tuesday,1.35,225.5,23.7,AC Unit,11.48
2024-03-19 03:00:00,2024-03-19,3,3,March,Tuesday,0.9,234.5,19.9,Living Room,7.65
2024-03-19 04:00:00,2024-03-19,4,3,March,Tuesday,0.95,225.2,22.5,Kitchen,8.07
2024-03-19 05:00:00,2024-03-19,5,3,March,Tuesday,0.61,226.6,11.9,Office,5.18
2024-03-19 06:00:00,2024-03-19,6,3,March,Tuesday,6.82,224.3,19.7,Kitchen,57.97
2024-03-19 07:00:00,2024-03-19,7,3,March,Tuesday,6.28,224.1,16.4,Kitchen,53.38
2024-03-19 08:00:00,2024-03-19,8,3,March,Tuesday,6.68,235.6,24.9,Kitchen,56.78
2024-03-19 09:00:00,2024-03-19,9,3,March,Tuesday,7.71,233.5,17.7,Kitchen,65.53
2024-03-19 10:00:00,2024-03-19,10,3,March,Tuesday,2.42,221.7,24.9,Factory Floor,20.57
2024-03-19 11:00:00,2024-03-19,11,3,March,Tuesday,2.38,241.1,13.7,AC Unit,20.23
2024-03-19 12:00:00,2024-03-19,12,3,March,Tuesday,2.12,220.6,18.2,Living Room,18.02
2024-03-19 13:00:00,2024-03-19,13,3,March,Tuesday,2.33,220.1,23.6,AC Unit,19.8
2024-03-19 14:00:00,2024-03-19,14,3,March,Tuesday,2.15,237.2,14.1,Living Room,18.27
2024-03-19 15:00:00,2024-03-19,15,3,March,Tuesday,2.38,241.3,15.7,Living Room,20.23
2024-03-19 16:00:00,2024-03-19,16,3,March,Tuesday,2.78,221.0,17.9,AC Unit,23.63
2024-03-19 17:00:00,2024-03-19,17,3,March,Tuesday,2.59,237.4,11.4,AC Unit,22.02
2024-03-19 18:00:00,2024-03-19,18,3,March,Tuesday,9.67,231.2,19.1,Living Room,82.19
2024-03-19 19:00:00,2024-03-19,19,3,March,Tuesday,7.63,227.3,15.2,Office,64.86
2024-03-19 20:00:00,2024-03-19,20,3,March,Tuesday,9.09,227.7,18.9,AC Unit,77.27
2024-03-19 21:00:00,2024-03-19,21,3,March,Tuesday,6.55,221.7,11.9,Factory Floor,55.67
2024-03-19 22:00:00,2024-03-19,22,3,March,Tuesday,8.54,240.0,19.6,AC Unit,72.59
2024-03-19 23:00:00,2024-03-19,23,3,March,Tuesday,2.71,224.0,19.1,Factory Floor,23.04
2024-03-20 00:00:00,2024-03-20,0,3,March,Wednesday,1.8,237.2,17.5,AC Unit,15.3
2024-03-20 01:00:00,2024-03-20,1,3,March,Wednesday,0.57,235.2,23.9,Kitchen,4.84
2024-03-20 02:00:00,2024-03-20,2,3,March,Wednesday,1.55,240.7,16.1,AC Unit,13.18
2024-03-20 03:00:00,2024-03-20,3,3,March,Wednesday,0.79,219.8,13.6,Living Room,6.71
2024-03-20 04:00:00,2024-03-20,4,3,March,Wednesday,0.89,235.8,18.3,Factory Floor,7.57
2024-03-20 05:00:00,2024-03-20,5,3,March,Wednesday,0.5,240.8,20.2,Kitchen,4.25
2024-03-20 06:00:00,2024-03-20,6,3,March,Wednesday,6.95,242.0,23.3,Living Room,59.08
2024-03-20 07:00:00,2024-03-20,7,3,March,Wednesday,6.83,239.9,21.2,Factory Floor,58.05
2024-03-20 08:00:00,2024-03-20,8,3,March,Wednesday,7.86,223.9,21.1,Office,66.81
2024-03-20 09:00:00,2024-03-20,9,3,March,Wednesday,7.09,228.8,12.5,Office,60.27
2024-03-20 10:00:00,2024-03-20,10,3,March,Wednesday,2.9,222.2,15.5,Kitchen,24.65
2024-03-20 11:00:00,2024-03-20,11,3,March,Wednesday,2.51,240.9,16.3,Factory Floor,21.33
2024-03-20 12:00:00,2024-03-20,12,3,March,Wednesday,2.17,241.3,15.1,Kitchen,18.45
2024-03-20 13:00:00,2024-03-20,13,3,March,Wednesday,2.83,238.4,22.9,AC Unit,24.05
2024-03-20 14:00:00,2024-03-20,14,3,March,Wednesday,2.3,225.0,13.2,Office,19.55
2024-03-20 15:00:00,2024-03-20,15,3,March,Wednesday,2.39,240.2,23.9,Office,20.32
2024-03-20 16:00:00,2024-03-20,16,3,March,Wednesday,2.83,218.9,16.9,Office,24.05
2024-03-20 17:00:00,2024-03-20,17,3,March,Wednesday,2.85,219.4,10.1,Factory Floor,24.23
2024-03-20 18:00:00,2024-03-20,18,3,March,Wednesday,7.67,218.1,23.4,Kitchen,65.19
2024-03-20 19:00:00,2024-03-20,19,3,March,Wednesday,7.62,228.3,13.0,Office,64.77
2024-03-20 20:00:00,2024-03-20,20,3,March,Wednesday,8.21,221.0,17.3,Kitchen,69.79
2024-03-20 21:00:00,2024-03-20,21,3,March,Wednesday,9.33,229.3,15.6,AC Unit,79.31
2024-03-20 22:00:00,2024-03-20,22,3,March,Wednesday,7.9,237.5,11.6,Factory Floor,67.15
2024-03-20 23:00:00,2024-03-20,23,3,March,Wednesday,2.66,228.5,12.1,Factory Floor,22.61
2024-03-21 00:00:00,2024-03-21,0,3,March,Thursday,1.88,235.0,11.7,AC Unit,15.98
2024-03-21 01:00:00,2024-03-21,1,3,March,Thursday,1.35,235.9,23.5,Kitchen,11.48
2024-03-21 02:00:00,2024-03-21,2,3,March,Thursday,1.28,241.0,24.7,Living Room,10.88
2024-03-21 03:00:00,2024-03-21,3,3,March,Thursday,1.13,237.2,20.7,AC Unit,9.6
2024-03-21 04:00:00,2024-03-21,4,3,March,Thursday,1.03,227.6,20.9,Factory Floor,8.76
2024-03-21 05:00:00,2024-03-21,5,3,March,Thursday,1.83,237.0,11.9,AC Unit,15.55
2024-03-21 06:00:00,2024-03-21,6,3,March,Thursday,7.27,223.7,20.2,AC Unit,61.79
2024-03-21 07:00:00,2024-03-21,7,3,March,Thursday,6.89,218.2,17.2,AC Unit,58.56
2024-03-21 08:00:00,2024-03-21,8,3,March,Thursday,7.22,223.9,12.3,Office,61.37
2024-03-21 09:00:00,2024-03-21,9,3,March,Thursday,5.84,220.8,14.0,Kitchen,49.64
2024-03-21 10:00:00,2024-03-21,10,3,March,Thursday,2.67,228.3,17.1,Living Room,22.7
2024-03-21 11:00:00,2024-03-21,11,3,March,Thursday,2.7,230.1,12.7,Office,22.95
2024-03-21 12:00:00,2024-03-21,12,3,March,Thursday,2.63,221.6,11.8,Factory Floor,22.36
2024-03-21 13:00:00,2024-03-21,13,3,March,Thursday,2.04,241.8,23.9,Factory Floor,17.34
2024-03-21 14:00:00,2024-03-21,14,3,March,Thursday,2.02,222.8,23.0,Factory Floor,17.17
2024-03-21 15:00:00,2024-03-21,15,3,March,Thursday,2.41,225.4,19.5,Kitchen,20.48
2024-03-21 16:00:00,2024-03-21,16,3,March,Thursday,2.22,228.2,10.9,Factory Floor,18.87
2024-03-21 17:00:00,2024-03-21,17,3,March,Thursday,2.64,225.3,14.0,AC Unit,22.44
2024-03-21 18:00:00,2024-03-21,18,3,March,Thursday,10.48,223.9,23.4,Kitchen,89.08
2024-03-21 19:00:00,2024-03-21,19,3,March,Thursday,6.22,235.9,13.2,Factory Floor,52.87
2024-03-21 20:00:00,2024-03-21,20,3,March,Thursday,7.73,228.3,13.8,Factory Floor,65.7
2024-03-21 21:00:00,2024-03-21,21,3,March,Thursday,7.76,220.3,10.2,Office,65.96
2024-03-21 22:00:00,2024-03-21,22,3,March,Thursday,9.21,226.7,22.2,Office,78.29
2024-03-21 23:00:00,2024-03-21,23,3,March,Thursday,2.53,226.9,19.8,Kitchen,21.5
2024-03-22 00:00:00,2024-03-22,0,3,March,Friday,0.5,220.6,19.4,Office,4.25
2024-03-22 01:00:00,2024-03-22,1,3,March,Friday,1.47,239.9,19.8,Kitchen,12.49
2024-03-22 02:00:00,2024-03-22,2,3,March,Friday,1.25,220.4,24.1,Office,10.62
2024-03-22 03:00:00,2024-03-22,3,3,March,Friday,1.38,241.8,13.0,Kitchen,11.73
2024-03-22 04:00:00,2024-03-22,4,3,March,Friday,1.15,231.2,13.8,Office,9.77
2024-03-22 05:00:00,2024-03-22,5,3,March,Friday,0.92,228.8,20.8,Factory Floor,7.82
2024-03-22 06:00:00,2024-03-22,6,3,March,Friday,5.62,240.4,17.6,Living Room,47.77
2024-03-22 07:00:00,2024-03-22,7,3,March,Friday,5.77,241.2,14.3,Office,49.04
2024-03-22 08:00:00,2024-03-22,8,3,March,Friday,6.15,222.6,22.2,Factory Floor,52.28
2024-03-22 09:00:00,2024-03-22,9,3,March,Friday,7.92,241.3,12.5,Office,67.32
2024-03-22 10:00:00,2024-03-22,10,3,March,Friday,2.38,236.7,16.0,AC Unit,20.23
2024-03-22 11:00:00,2024-03-22,11,3,March,Friday,2.21,218.1,18.6,Office,18.79
2024-03-22 12:00:00,2024-03-22,12,3,March,Friday,2.7,239.1,21.9,Factory Floor,22.95
2024-03-22 13:00:00,2024-03-22,13,3,March,Friday,2.5,235.3,13.9,Kitchen,21.25
2024-03-22 14:00:00,2024-03-22,14,3,March,Friday,2.3,224.4,11.8,Kitchen,19.55
2024-03-22 15:00:00,2024-03-22,15,3,March,Friday,2.05,223.7,10.6,Kitchen,17.42
2024-03-22 16:00:00,2024-03-22,16,3,March,Friday,2.94,224.7,12.0,Living Room,24.99
2024-03-22 17:00:00,2024-03-22,17,3,March,Friday,2.64,224.0,22.4,Office,22.44
2024-03-22 18:00:00,2024-03-22,18,3,March,Friday,7.11,233.2,24.6,AC Unit,60.44
2024-03-22 19:00:00,2024-03-22,19,3,March,Friday,7.04,231.2,20.8,Factory Floor,59.84
2024-03-22 20:00:00,2024-03-22,20,3,March,Friday,9.89,241.6,19.4,Living Room,84.06
2024-03-22 21:00:00,2024-03-22,21,3,March,Friday,9.52,241.2,12.7,Living Room,80.92
2024-03-22 22:00:00,2024-03-22,22,3,March,Friday,9.13,236.7,21.7,Living Room,77.61
2024-03-22 23:00:00,2024-03-22,23,3,March,Friday,2.72,234.5,24.2,AC Unit,23.12
2024-03-23 00:00:00,2024-03-23,0,3,March,Saturday,0.76,231.2,22.3,Kitchen,6.46
2024-03-23 01:00:00,2024-03-23,1,3,March,Saturday,0.88,233.1,22.9,Factory Floor,7.48
2024-03-23 02:00:00,2024-03-23,2,3,March,Saturday,1.08,235.4,15.5,Factory Floor,9.18
2024-03-23 03:00:00,2024-03-23,3,3,March,Saturday,1.09,222.4,22.9,Kitchen,9.27
2024-03-23 04:00:00,2024-03-23,4,3,March,Saturday,1.37,222.3,14.2,AC Unit,11.65
2024-03-23 05:00:00,2024-03-23,5,3,March,Saturday,1.01,227.5,19.1,Living Room,8.59
2024-03-23 06:00:00,2024-03-23,6,3,March,Saturday,5.86,228.9,19.7,Factory Floor,49.81
2024-03-23 07:00:00,2024-03-23,7,3,March,Saturday,5.83,235.4,22.1,Office,49.55
2024-03-23 08:00:00,2024-03-23,8,3,March,Saturday,5.68,220.6,10.2,Living Room,48.28
2024-03-23 09:00:00,2024-03-23,9,3,March,Saturday,6.17,224.4,24.1,Office,52.45
2024-03-23 10:00:00,2024-03-23,10,3,March,Saturday,2.01,241.2,24.4,Living Room,17.08
2024-03-23 11:00:00,2024-03-23,11,3,March,Saturday,2.54,237.6,22.8,Living Room,21.59
2024-03-23 12:00:00,2024-03-23,12,3,March,Saturday,2.2,229.5,18.4,Factory Floor,18.7
2024-03-23 13:00:00,2024-03-23,13,3,March,Saturday,2.82,225.4,17.2,Kitchen,23.97
2024-03-23 14:00:00,2024-03-23,14,3,March,Saturday,2.06,234.6,19.4,Living Room,17.51
2024-03-23 15:00:00,2024-03-23,15,3,March,Saturday,2.02,219.1,18.2,Living Room,17.17
2024-03-23 16:00:00,2024-03-23,16,3,March,Saturday,2.51,238.1,12.1,Kitchen,21.33
2024-03-23 17:00:00,2024-03-23,17,3,March,Saturday,2.02,228.3,12.2,AC Unit,17.17
2024-03-23 18:00:00,2024-03-23,18,3,March,Saturday,7.78,227.2,23.3,Living Room,66.13
2024-03-23 19:00:00,2024-03-23,19,3,March,Saturday,8.96,223.4,24.3,AC Unit,76.16
2024-03-23 20:00:00,2024-03-23,20,3,March,Saturday,8.04,220.8,23.8,Living Room,68.34
2024-03-23 21:00:00,2024-03-23,21,3,March,Saturday,10.19,222.3,18.0,Office,86.61
2024-03-23 22:00:00,2024-03-23,22,3,March,Saturday,7.15,239.4,20.3,Office,60.78
2024-03-23 23:00:00,2024-03-23,23,3,March,Saturday,2.82,226.4,11.6,Factory Floor,23.97
2024-03-24 00:00:00,2024-03-24,0,3,March,Sunday,1.27,237.5,20.7,Living Room,10.79
2024-03-24 01:00:00,2024-03-24,1,3,March,Sunday,1.07,241.5,21.7,Kitchen,9.1
2024-03-24 02:00:00,2024-03-24,2,3,March,Sunday,1.07,235.3,21.8,Factory Floor,9.1
2024-03-24 03:00:00,2024-03-24,3,3,March,Sunday,0.5,228.3,20.9,Kitchen,4.25
2024-03-24 04:00:00,2024-03-24,4,3,March,Sunday,1.9,222.4,15.8,AC Unit,16.15
2024-03-24 05:00:00,2024-03-24,5,3,March,Sunday,0.99,241.3,19.0,AC Unit,8.41
2024-03-24 06:00:00,2024-03-24,6,3,March,Sunday,6.36,240.1,15.7,Office,54.06
2024-03-24 07:00:00,2024-03-24,7,3,March,Sunday,7.03,230.8,22.3,Factory Floor,59.76
2024-03-24 08:00:00,2024-03-24,8,3,March,Sunday,5.97,230.6,21.6,Kitchen,50.74
2024-03-24 09:00:00,2024-03-24,9,3,March,Sunday,7.34,218.1,24.9,Living Room,62.39
2024-03-24 10:00:00,2024-03-24,10,3,March,Sunday,2.36,229.4,12.0,Living Room,20.06
2024-03-24 11:00:00,2024-03-24,11,3,March,Sunday,2.06,226.4,22.7,Kitchen,17.51
2024-03-24 12:00:00,2024-03-24,12,3,March,Sunday,2.29,221.5,22.8,Factory Floor,19.46
2024-03-24 13:00:00,2024-03-24,13,3,March,Sunday,2.24,237.9,10.8,Kitchen,19.04
2024-03-24 14:00:00,2024-03-24,14,3,March,Sunday,2.12,234.7,12.1,Living Room,18.02
2024-03-24 15:00:00,2024-03-24,15,3,March,Sunday,2.7,228.2,10.8,Living Room,22.95
2024-03-24 16:00:00,2024-03-24,16,3,March,Sunday,2.66,219.8,22.6,Kitchen,22.61
2024-03-24 17:00:00,2024-03-24,17,3,March,Sunday,2.03,226.8,11.2,Living Room,17.25
2024-03-24 18:00:00,2024-03-24,18,3,March,Sunday,6.88,228.0,21.5,Factory Floor,58.48
2024-03-24 19:00:00,2024-03-24,19,3,March,Sunday,9.72,234.8,14.5,Factory Floor,82.62
2024-03-24 20:00:00,2024-03-24,20,3,March,Sunday,9.33,233.5,10.2,Living Room,79.31
2024-03-24 21:00:00,2024-03-24,21,3,March,Sunday,7.5,218.8,21.3,Office,63.75
2024-03-24 22:00:00,2024-03-24,22,3,March,Sunday,7.04,228.2,24.2,Factory Floor,59.84
2024-03-24 23:00:00,2024-03-24,23,3,March,Sunday,2.55,237.9,23.8,Office,21.67
2024-03-25 00:00:00,2024-03-25,0,3,March,Monday,0.92,240.4,14.1,Living Room,7.82
2024-03-25 01:00:00,2024-03-25,1,3,March,Monday,1.46,221.0,13.2,Office,12.41
2024-03-25 02:00:00,2024-03-25,2,3,March,Monday,1.34,237.7,24.6,Office,11.39
2024-03-25 03:00:00,2024-03-25,3,3,March,Monday,0.97,229.2,14.7,Factory Floor,8.24
2024-03-25 04:00:00,2024-03-25,4,3,March,Monday,0.5,237.3,19.7,Kitchen,4.25
2024-03-25 05:00:00,2024-03-25,5,3,March,Monday,0.83,226.7,21.7,AC Unit,7.05
2024-03-25 06:00:00,2024-03-25,6,3,March,Monday,5.37,231.0,11.0,Office,45.65
2024-03-25 07:00:00,2024-03-25,7,3,March,Monday,5.94,222.5,13.0,Living Room,50.49
2024-03-25 08:00:00,2024-03-25,8,3,March,Monday,5.81,231.7,10.7,Factory Floor,49.38
2024-03-25 09:00:00,2024-03-25,9,3,March,Monday,5.45,240.6,10.1,AC Unit,46.33
2024-03-25 10:00:00,2024-03-25,10,3,March,Monday,2.75,241.0,17.5,AC Unit,23.38
2024-03-25 11:00:00,2024-03-25,11,3,March,Monday,2.75,235.4,24.6,Living Room,23.38
2024-03-25 12:00:00,2024-03-25,12,3,March,Monday,2.33,239.5,17.6,Office,19.8
2024-03-25 13:00:00,2024-03-25,13,3,March,Monday,2.81,221.6,18.8,Factory Floor,23.89
2024-03-25 14:00:00,2024-03-25,14,3,March,Monday,2.48,238.9,10.6,Kitchen,21.08
2024-03-25 15:00:00,2024-03-25,15,3,March,Monday,2.15,229.1,23.3,Living Room,18.27
2024-03-25 16:00:00,2024-03-25,16,3,March,Monday,2.95,223.6,13.2,Kitchen,25.08
2024-03-25 17:00:00,2024-03-25,17,3,March,Monday,2.77,221.9,24.5,Office,23.55
2024-03-25 18:00:00,2024-03-25,18,3,March,Monday,10.58,230.6,21.5,Factory Floor,89.93
2024-03-25 19:00:00,2024-03-25,19,3,March,Monday,9.48,226.6,22.8,Factory Floor,80.58
2024-03-25 20:00:00,2024-03-25,20,3,March,Monday,6.87,234.4,13.6,Office,58.4
2024-03-25 21:00:00,2024-03-25,21,3,March,Monday,9.39,231.6,24.9,Living Room,79.81
2024-03-25 22:00:00,2024-03-25,22,3,March,Monday,9.36,238.9,18.2,Living Room,79.56
2024-03-25 23:00:00,2024-03-25,23,3,March,Monday,2.5,228.9,12.5,AC Unit,21.25
2024-03-26 00:00:00,2024-03-26,0,3,March,Tuesday,1.12,226.7,11.3,Kitchen,9.52
2024-03-26 01:00:00,2024-03-26,1,3,March,Tuesday,0.75,241.7,24.7,Factory Floor,6.38
2024-03-26 02:00:00,2024-03-26,2,3,March,Tuesday,0.5,221.0,18.5,Living Room,4.25
2024-03-26 03:00:00,2024-03-26,3,3,March,Tuesday,0.92,227.8,19.3,Kitchen,7.82
2024-03-26 04:00:00,2024-03-26,4,3,March,Tuesday,1.07,233.0,14.7,Living Room,9.1
2024-03-26 05:00:00,2024-03-26,5,3,March,Tuesday,0.82,224.3,23.1,Living Room,6.97
2024-03-26 06:00:00,2024-03-26,6,3,March,Tuesday,7.51,235.8,13.7,Office,63.84
2024-03-26 07:00:00,2024-03-26,7,3,March,Tuesday,5.88,225.0,12.4,Factory Floor,49.98
2024-03-26 08:00:00,2024-03-26,8,3,March,Tuesday,7.78,239.0,20.0,AC Unit,66.13
2024-03-26 09:00:00,2024-03-26,9,3,March,Tuesday,7.04,239.6,17.0,Living Room,59.84
2024-03-26 10:00:00,2024-03-26,10,3,March,Tuesday,2.18,220.6,24.4,Factory Floor,18.53
2024-03-26 11:00:00,2024-03-26,11,3,March,Tuesday,2.77,222.8,14.9,AC Unit,23.55
2024-03-26 12:00:00,2024-03-26,12,3,March,Tuesday,2.34,232.5,13.2,Factory Floor,19.89
2024-03-26 13:00:00,2024-03-26,13,3,March,Tuesday,2.11,228.9,18.2,Factory Floor,17.93
2024-03-26 14:00:00,2024-03-26,14,3,March,Tuesday,2.15,223.1,18.5,Office,18.27
2024-03-26 15:00:00,2024-03-26,15,3,March,Tuesday,2.77,219.5,22.1,Factory Floor,23.55
2024-03-26 16:00:00,2024-03-26,16,3,March,Tuesday,2.98,223.1,13.2,Living Room,25.33
2024-03-26 17:00:00,2024-03-26,17,3,March,Tuesday,2.95,234.4,14.0,Kitchen,25.08
2024-03-26 18:00:00,2024-03-26,18,3,March,Tuesday,6.4,227.7,14.5,Factory Floor,54.4
2024-03-26 19:00:00,2024-03-26,19,3,March,Tuesday,10.01,234.1,13.9,Living Room,85.08
2024-03-26 20:00:00,2024-03-26,20,3,March,Tuesday,7.27,226.2,21.3,Kitchen,61.79
2024-03-26 21:00:00,2024-03-26,21,3,March,Tuesday,7.74,229.6,18.0,Kitchen,65.79
2024-03-26 22:00:00,2024-03-26,22,3,March,Tuesday,10.3,239.9,18.6,Living Room,87.55
2024-03-26 23:00:00,2024-03-26,23,3,March,Tuesday,2.56,239.5,13.0,Office,21.76
2024-03-27 00:00:00,2024-03-27,0,3,March,Wednesday,0.71,241.7,24.1,AC Unit,6.04
2024-03-27 01:00:00,2024-03-27,1,3,March,Wednesday,1.88,240.4,17.5,AC Unit,15.98
2024-03-27 02:00:00,2024-03-27,2,3,March,Wednesday,1.86,227.8,17.8,Living Room,15.81
2024-03-27 03:00:00,2024-03-27,3,3,March,Wednesday,0.96,238.6,19.5,Office,8.16
2024-03-27 04:00:00,2024-03-27,4,3,March,Wednesday,1.12,241.5,16.3,Office,9.52
2024-03-27 05:00:00,2024-03-27,5,3,March,Wednesday,0.83,223.2,13.1,Kitchen,7.05
2024-03-27 06:00:00,2024-03-27,6,3,March,Wednesday,8.49,218.3,22.2,Living Room,72.17
2024-03-27 07:00:00,2024-03-27,7,3,March,Wednesday,6.21,237.7,11.9,Factory Floor,52.78
2024-03-27 08:00:00,2024-03-27,8,3,March,Wednesday,7.4,227.8,15.3,Office,62.9
2024-03-27 09:00:00,2024-03-27,9,3,March,Wednesday,7.25,226.1,23.9,Factory Floor,61.62
2024-03-27 10:00:00,2024-03-27,10,3,March,Wednesday,2.43,222.2,18.9,Office,20.66
2024-03-27 11:00:00,2024-03-27,11,3,March,Wednesday,2.44,224.8,19.9,Factory Floor,20.74
2024-03-27 12:00:00,2024-03-27,12,3,March,Wednesday,2.63,234.9,24.1,Living Room,22.36
2024-03-27 13:00:00,2024-03-27,13,3,March,Wednesday,3.0,237.3,11.6,Living Room,25.5
2024-03-27 14:00:00,2024-03-27,14,3,March,Wednesday,2.62,227.9,17.4,Office,22.27
2024-03-27 15:00:00,2024-03-27,15,3,March,Wednesday,2.93,220.4,16.7,Office,24.91
2024-03-27 16:00:00,2024-03-27,16,3,March,Wednesday,2.81,234.0,22.8,Kitchen,23.89
2024-03-27 17:00:00,2024-03-27,17,3,March,Wednesday,2.22,228.9,15.7,Kitchen,18.87
2024-03-27 18:00:00,2024-03-27,18,3,March,Wednesday,10.38,226.4,21.9,Factory Floor,88.23
2024-03-27 19:00:00,2024-03-27,19,3,March,Wednesday,8.47,234.9,21.1,Living Room,72.0
2024-03-27 20:00:00,2024-03-27,20,3,March,Wednesday,10.54,230.2,14.0,AC Unit,89.59
2024-03-27 21:00:00,2024-03-27,21,3,March,Wednesday,8.13,239.8,20.1,Living Room,69.11
2024-03-27 22:00:00,2024-03-27,22,3,March,Wednesday,10.02,218.4,12.3,AC Unit,85.17
2024-03-27 23:00:00,2024-03-27,23,3,March,Wednesday,2.84,230.5,21.1,AC Unit,24.14
2024-03-28 00:00:00,2024-03-28,0,3,March,Thursday,1.62,241.8,13.6,Factory Floor,13.77
2024-03-28 01:00:00,2024-03-28,1,3,March,Thursday,1.45,237.9,22.0,Office,12.32
2024-03-28 02:00:00,2024-03-28,2,3,March,Thursday,1.51,227.4,20.9,Factory Floor,12.84
2024-03-28 03:00:00,2024-03-28,3,3,March,Thursday,0.61,228.5,11.5,Kitchen,5.18
2024-03-28 04:00:00,2024-03-28,4,3,March,Thursday,1.13,236.8,22.6,AC Unit,9.6
2024-03-28 05:00:00,2024-03-28,5,3,March,Thursday,0.5,225.7,11.4,Living Room,4.25
2024-03-28 06:00:00,2024-03-28,6,3,March,Thursday,6.94,232.2,10.4,Office,58.99
2024-03-28 07:00:00,2024-03-28,7,3,March,Thursday,7.84,227.2,21.1,Kitchen,66.64
2024-03-28 08:00:00,2024-03-28,8,3,March,Thursday,8.58,236.7,12.8,Kitchen,72.93
2024-03-28 09:00:00,2024-03-28,9,3,March,Thursday,6.43,223.9,21.7,Factory Floor,54.66
2024-03-28 10:00:00,2024-03-28,10,3,March,Thursday,2.77,233.8,14.1,Kitchen,23.55
2024-03-28 11:00:00,2024-03-28,11,3,March,Thursday,2.63,233.3,18.7,Living Room,22.36
2024-03-28 12:00:00,2024-03-28,12,3,March,Thursday,2.11,240.3,11.8,Kitchen,17.93
2024-03-28 13:00:00,2024-03-28,13,3,March,Thursday,2.28,239.5,11.4,Factory Floor,19.38
2024-03-28 14:00:00,2024-03-28,14,3,March,Thursday,2.84,239.9,13.1,Living Room,24.14
2024-03-28 15:00:00,2024-03-28,15,3,March,Thursday,2.49,218.5,11.1,Living Room,21.17
2024-03-28 16:00:00,2024-03-28,16,3,March,Thursday,2.21,228.1,23.3,Factory Floor,18.79
2024-03-28 17:00:00,2024-03-28,17,3,March,Thursday,2.81,222.3,10.2,Kitchen,23.89
2024-03-28 18:00:00,2024-03-28,18,3,March,Thursday,9.27,238.5,11.8,AC Unit,78.8
2024-03-28 19:00:00,2024-03-28,19,3,March,Thursday,10.46,232.7,18.2,Kitchen,88.91
2024-03-28 20:00:00,2024-03-28,20,3,March,Thursday,8.34,220.9,19.1,Office,70.89
2024-03-28 21:00:00,2024-03-28,21,3,March,Thursday,6.6,221.7,23.0,Living Room,56.1
2024-03-28 22:00:00,2024-03-28,22,3,March,Thursday,9.62,221.3,11.3,Kitchen,81.77
2024-03-28 23:00:00,2024-03-28,23,3,March,Thursday,2.27,229.6,24.3,AC Unit,19.3
2024-03-29 00:00:00,2024-03-29,0,3,March,Friday,0.94,229.2,22.1,Factory Floor,7.99
2024-03-29 01:00:00,2024-03-29,1,3,March,Friday,0.89,222.6,12.6,AC Unit,7.57
2024-03-29 02:00:00,2024-03-29,2,3,March,Friday,0.5,237.0,18.8,Kitchen,4.25
2024-03-29 03:00:00,2024-03-29,3,3,March,Friday,1.16,229.7,23.2,Factory Floor,9.86
2024-03-29 04:00:00,2024-03-29,4,3,March,Friday,0.68,225.6,11.6,Factory Floor,5.78
2024-03-29 05:00:00,2024-03-29,5,3,March,Friday,1.14,227.0,19.5,Living Room,9.69
2024-03-29 06:00:00,2024-03-29,6,3,March,Friday,7.24,241.0,13.8,Factory Floor,61.54
2024-03-29 07:00:00,2024-03-29,7,3,March,Friday,6.71,233.5,24.5,AC Unit,57.03
2024-03-29 08:00:00,2024-03-29,8,3,March,Friday,6.31,237.4,16.4,Kitchen,53.63
2024-03-29 09:00:00,2024-03-29,9,3,March,Friday,6.15,233.8,15.6,AC Unit,52.28
2024-03-29 10:00:00,2024-03-29,10,3,March,Friday,2.12,225.6,10.2,AC Unit,18.02
2024-03-29 11:00:00,2024-03-29,11,3,March,Friday,2.21,231.6,14.8,Kitchen,18.79
2024-03-29 12:00:00,2024-03-29,12,3,March,Friday,2.56,227.3,19.0,Office,21.76
2024-03-29 13:00:00,2024-03-29,13,3,March,Friday,2.22,231.5,20.7,Living Room,18.87
2024-03-29 14:00:00,2024-03-29,14,3,March,Friday,2.57,233.5,20.2,Factory Floor,21.84
2024-03-29 15:00:00,2024-03-29,15,3,March,Friday,2.32,225.7,13.0,Factory Floor,19.72
2024-03-29 16:00:00,2024-03-29,16,3,March,Friday,2.5,241.8,16.3,Living Room,21.25
2024-03-29 17:00:00,2024-03-29,17,3,March,Friday,2.45,232.4,18.9,Kitchen,20.83
2024-03-29 18:00:00,2024-03-29,18,3,March,Friday,8.59,233.4,22.8,Living Room,73.02
2024-03-29 19:00:00,2024-03-29,19,3,March,Friday,9.93,238.2,16.0,Office,84.41
2024-03-29 20:00:00,2024-03-29,20,3,March,Friday,9.71,233.5,11.0,Living Room,82.54
2024-03-29 21:00:00,2024-03-29,21,3,March,Friday,9.73,225.2,14.8,AC Unit,82.7
2024-03-29 22:00:00,2024-03-29,22,3,March,Friday,8.16,225.5,19.2,Factory Floor,69.36
2024-03-29 23:00:00,2024-03-29,23,3,March,Friday,2.3,241.6,17.4,Living Room,19.55
2024-03-30 00:00:00,2024-03-30,0,3,March,Saturday,1.09,220.5,13.4,Living Room,9.27
2024-03-30 01:00:00,2024-03-30,1,3,March,Saturday,1.85,238.7,20.9,Kitchen,15.73
2024-03-30 02:00:00,2024-03-30,2,3,March,Saturday,1.02,239.7,15.5,Office,8.67
2024-03-30 03:00:00,2024-03-30,3,3,March,Saturday,0.94,238.8,13.9,Living Room,7.99
2024-03-30 04:00:00,2024-03-30,4,3,March,Saturday,1.84,219.8,14.9,Office,15.64
2024-03-30 05:00:00,2024-03-30,5,3,March,Saturday,0.59,234.8,23.9,Office,5.01
2024-03-30 06:00:00,2024-03-30,6,3,March,Saturday,6.51,238.7,21.3,Factory Floor,55.34
2024-03-30 07:00:00,2024-03-30,7,3,March,Saturday,7.58,230.5,13.6,Factory Floor,64.43
2024-03-30 08:00:00,2024-03-30,8,3,March,Saturday,7.96,225.7,21.0,Kitchen,67.66
2024-03-30 09:00:00,2024-03-30,9,3,March,Saturday,6.04,235.1,15.3,Kitchen,51.34
2024-03-30 10:00:00,2024-03-30,10,3,March,Saturday,2.66,235.6,13.1,Living Room,22.61
2024-03-30 11:00:00,2024-03-30,11,3,March,Saturday,2.08,229.9,13.2,Kitchen,17.68
2024-03-30 12:00:00,2024-03-30,12,3,March,Saturday,2.47,227.2,17.3,AC Unit,21.0
2024-03-30 13:00:00,2024-03-30,13,3,March,Saturday,2.21,232.2,17.9,AC Unit,18.79
2024-03-30 14:00:00,2024-03-30,14,3,March,Saturday,2.76,225.5,16.8,Kitchen,23.46
2024-03-30 15:00:00,2024-03-30,15,3,March,Saturday,2.85,220.5,12.0,AC Unit,24.23
2024-03-30 16:00:00,2024-03-30,16,3,March,Saturday,2.39,228.9,19.3,Kitchen,20.32
2024-03-30 17:00:00,2024-03-30,17,3,March,Saturday,2.78,222.5,14.2,Kitchen,23.63
2024-03-30 18:00:00,2024-03-30,18,3,March,Saturday,9.7,231.9,11.5,Factory Floor,82.45
2024-03-30 19:00:00,2024-03-30,19,3,March,Saturday,10.25,223.8,23.4,Kitchen,87.12
2024-03-30 20:00:00,2024-03-30,20,3,March,Saturday,7.54,230.7,15.3,Living Room,64.09
2024-03-30 21:00:00,2024-03-30,21,3,March,Saturday,9.79,228.4,12.3,Office,83.21
2024-03-30 22:00:00,2024-03-30,22,3,March,Saturday,8.06,228.6,15.5,Living Room,68.51
2024-03-30 23:00:00,2024-03-30,23,3,March,Saturday,2.65,235.6,16.3,AC Unit,22.52
2024-03-31 00:00:00,2024-03-31,0,3,March,Sunday,0.99,224.6,19.1,Office,8.41
2024-03-31 01:00:00,2024-03-31,1,3,March,Sunday,1.25,233.5,24.4,Kitchen,10.62
2024-03-31 02:00:00,2024-03-31,2,3,March,Sunday,1.78,231.8,13.6,Office,15.13
2024-03-31 03:00:00,2024-03-31,3,3,March,Sunday,1.13,232.9,20.7,Factory Floor,9.6
2024-03-31 04:00:00,2024-03-31,4,3,March,Sunday,0.83,237.8,20.4,Factory Floor,7.05
2024-03-31 05:00:00,2024-03-31,5,3,March,Sunday,1.58,226.3,14.3,Office,13.43
2024-03-31 06:00:00,2024-03-31,6,3,March,Sunday,5.87,222.4,23.6,Office,49.9
2024-03-31 07:00:00,2024-03-31,7,3,March,Sunday,6.74,239.8,13.6,AC Unit,57.29
2024-03-31 08:00:00,2024-03-31,8,3,March,Sunday,7.21,226.0,16.8,Living Room,61.28
2024-03-31 09:00:00,2024-03-31,9,3,March,Sunday,7.43,218.5,24.6,Living Room,63.16
2024-03-31 10:00:00,2024-03-31,10,3,March,Sunday,2.17,236.2,10.1,AC Unit,18.45
2024-03-31 11:00:00,2024-03-31,11,3,March,Sunday,2.97,232.0,17.3,Kitchen,25.25
2024-03-31 12:00:00,2024-03-31,12,3,March,Sunday,2.47,219.1,10.3,AC Unit,21.0
2024-03-31 13:00:00,2024-03-31,13,3,March,Sunday,2.84,230.6,12.5,Kitchen,24.14
2024-03-31 14:00:00,2024-03-31,14,3,March,Sunday,2.78,220.4,22.1,AC Unit,23.63
2024-03-31 15:00:00,2024-03-31,15,3,March,Sunday,2.45,235.6,24.8,AC Unit,20.83
2024-03-31 16:00:00,2024-03-31,16,3,March,Sunday,2.66,224.1,16.9,AC Unit,22.61
2024-03-31 17:00:00,2024-03-31,17,3,March,Sunday,2.3,226.0,17.8,Office,19.55
2024-03-31 18:00:00,2024-03-31,18,3,March,Sunday,8.21,230.5,19.6,Kitchen,69.79
2024-03-31 19:00:00,2024-03-31,19,3,March,Sunday,10.77,233.8,12.1,Factory Floor,91.55
2024-03-31 20:00:00,2024-03-31,20,3,March,Sunday,6.7,234.7,16.5,Kitchen,56.95
2024-03-31 21:00:00,2024-03-31,21,3,March,Sunday,9.17,240.9,19.6,AC Unit,77.94
2024-03-31 22:00:00,2024-03-31,22,3,March,Sunday,10.19,239.6,16.7,Office,86.61
2024-03-31 23:00:00,2024-03-31,23,3,March,Sunday,2.17,239.8,15.2,AC Unit,18.45
2024-04-01 00:00:00,2024-04-01,0,4,April,Monday,3.44,225.4,20.9,Office,29.24
2024-04-01 01:00:00,2024-04-01,1,4,April,Monday,3.09,237.1,32.5,AC Unit,26.27
2024-04-01 02:00:00,2024-04-01,2,4,April,Monday,4.15,234.5,30.3,Kitchen,35.28
2024-04-01 03:00:00,2024-04-01,3,4,April,Monday,2.61,221.9,30.7,Living Room,22.18
2024-04-01 04:00:00,2024-04-01,4,4,April,Monday,1.27,224.8,33.0,Living Room,10.79
2024-04-01 05:00:00,2024-04-01,5,4,April,Monday,1.87,238.0,21.1,Kitchen,15.9
2024-04-01 06:00:00,2024-04-01,6,4,April,Monday,8.48,234.0,36.9,Kitchen,72.08
2024-04-01 07:00:00,2024-04-01,7,4,April,Monday,10.43,235.6,29.5,Living Room,88.66
2024-04-01 08:00:00,2024-04-01,8,4,April,Monday,7.87,224.0,34.9,Factory Floor,66.89
2024-04-01 09:00:00,2024-04-01,9,4,April,Monday,9.3,224.3,26.6,AC Unit,79.05
2024-04-01 10:00:00,2024-04-01,10,4,April,Monday,3.78,239.0,37.7,Kitchen,32.13
2024-04-01 11:00:00,2024-04-01,11,4,April,Monday,4.57,221.3,32.2,AC Unit,38.84
2024-04-01 12:00:00,2024-04-01,12,4,April,Monday,3.91,240.3,30.1,Kitchen,33.23
2024-04-01 13:00:00,2024-04-01,13,4,April,Monday,4.63,228.5,23.0,Factory Floor,39.35
2024-04-01 14:00:00,2024-04-01,14,4,April,Monday,4.89,234.4,27.9,AC Unit,41.56
2024-04-01 15:00:00,2024-04-01,15,4,April,Monday,4.28,227.8,20.6,Office,36.38
2024-04-01 16:00:00,2024-04-01,16,4,April,Monday,3.82,220.1,23.1,AC Unit,32.47
2024-04-01 17:00:00,2024-04-01,17,4,April,Monday,5.15,227.0,33.7,Office,43.78
2024-04-01 18:00:00,2024-04-01,18,4,April,Monday,11.46,221.0,34.7,Factory Floor,97.41
2024-04-01 19:00:00,2024-04-01,19,4,April,Monday,12.44,219.3,21.2,Living Room,105.74
2024-04-01 20:00:00,2024-04-01,20,4,April,Monday,8.82,229.6,27.3,Living Room,74.97
2024-04-01 21:00:00,2024-04-01,21,4,April,Monday,9.17,235.2,35.4,Office,77.94
2024-04-01 22:00:00,2024-04-01,22,4,April,Monday,9.55,223.4,34.9,Kitchen,81.18
2024-04-01 23:00:00,2024-04-01,23,4,April,Monday,3.91,241.7,20.1,Factory Floor,33.23
2024-04-02 00:00:00,2024-04-02,0,4,April,Tuesday,1.84,221.7,39.4,Office,15.64
2024-04-02 01:00:00,2024-04-02,1,4,April,Tuesday,2.79,238.0,29.8,Living Room,23.71
2024-04-02 02:00:00,2024-04-02,2,4,April,Tuesday,2.16,222.4,25.2,Office,18.36
2024-04-02 03:00:00,2024-04-02,3,4,April,Tuesday,3.4,233.8,22.7,Kitchen,28.9
2024-04-02 04:00:00,2024-04-02,4,4,April,Tuesday,2.55,233.8,23.8,Office,21.67
2024-04-02 05:00:00,2024-04-02,5,4,April,Tuesday,3.05,220.4,33.0,AC Unit,25.92
2024-04-02 06:00:00,2024-04-02,6,4,April,Tuesday,9.48,220.6,29.2,Factory Floor,80.58
2024-04-02 07:00:00,2024-04-02,7,4,April,Tuesday,7.13,227.3,32.8,Living Room,60.6
2024-04-02 08:00:00,2024-04-02,8,4,April,Tuesday,10.34,219.0,40.0,Kitchen,87.89
2024-04-02 09:00:00,2024-04-02,9,4,April,Tuesday,9.13,241.6,27.9,Office,77.61
2024-04-02 10:00:00,2024-04-02,10,4,April,Tuesday,4.32,230.6,31.3,Kitchen,36.72
2024-04-02 11:00:00,2024-04-02,11,4,April,Tuesday,4.66,235.3,27.5,Kitchen,39.61
2024-04-02 12:00:00,2024-04-02,12,4,April,Tuesday,4.32,225.3,28.7,Factory Floor,36.72
2024-04-02 13:00:00,2024-04-02,13,4,April,Tuesday,4.22,233.8,32.7,Office,35.87
2024-04-02 14:00:00,2024-04-02,14,4,April,Tuesday,5.08,221.1,27.1,Office,43.18
2024-04-02 15:00:00,2024-04-02,15,4,April,Tuesday,4.31,227.7,21.0,Kitchen,36.63
2024-04-02 16:00:00,2024-04-02,16,4,April,Tuesday,4.13,230.0,34.9,AC Unit,35.1
2024-04-02 17:00:00,2024-04-02,17,4,April,Tuesday,5.5,237.4,36.1,Kitchen,46.75
2024-04-02 18:00:00,2024-04-02,18,4,April,Tuesday,9.91,227.2,41.4,Living Room,84.23
2024-04-02 19:00:00,2024-04-02,19,4,April,Tuesday,7.79,236.0,29.7,AC Unit,66.22
2024-04-02 20:00:00,2024-04-02,20,4,April,Tuesday,12.03,225.7,35.4,Factory Floor,102.25
2024-04-02 21:00:00,2024-04-02,21,4,April,Tuesday,9.36,222.7,30.8,AC Unit,79.56
2024-04-02 22:00:00,2024-04-02,22,4,April,Tuesday,9.82,230.7,37.4,Living Room,83.47
2024-04-02 23:00:00,2024-04-02,23,4,April,Tuesday,4.79,234.0,24.5,Kitchen,40.72
2024-04-03 00:00:00,2024-04-03,0,4,April,Wednesday,2.23,231.1,21.6,Kitchen,18.95
2024-04-03 01:00:00,2024-04-03,1,4,April,Wednesday,3.96,230.7,24.2,Kitchen,33.66
2024-04-03 02:00:00,2024-04-03,2,4,April,Wednesday,2.73,232.8,32.3,Kitchen,23.2
2024-04-03 03:00:00,2024-04-03,3,4,April,Wednesday,2.7,239.0,32.5,Kitchen,22.95
2024-04-03 04:00:00,2024-04-03,4,4,April,Wednesday,1.93,223.5,33.2,AC Unit,16.41
2024-04-03 05:00:00,2024-04-03,5,4,April,Wednesday,3.91,237.9,28.6,AC Unit,33.23
2024-04-03 06:00:00,2024-04-03,6,4,April,Wednesday,8.91,219.8,32.7,Office,75.73
2024-04-03 07:00:00,2024-04-03,7,4,April,Wednesday,10.19,219.4,35.3,Living Room,86.61
2024-04-03 08:00:00,2024-04-03,8,4,April,Wednesday,10.61,233.7,20.7,Factory Floor,90.19
2024-04-03 09:00:00,2024-04-03,9,4,April,Wednesday,8.22,221.3,32.0,AC Unit,69.87
2024-04-03 10:00:00,2024-04-03,10,4,April,Wednesday,5.51,239.1,25.2,Living Room,46.84
2024-04-03 11:00:00,2024-04-03,11,4,April,Wednesday,5.18,232.6,38.4,Living Room,44.03
2024-04-03 12:00:00,2024-04-03,12,4,April,Wednesday,3.76,228.0,36.3,Living Room,31.96
2024-04-03 13:00:00,2024-04-03,13,4,April,Wednesday,5.25,221.1,35.9,Living Room,44.62
2024-04-03 14:00:00,2024-04-03,14,4,April,Wednesday,3.58,233.6,29.5,AC Unit,30.43
2024-04-03 15:00:00,2024-04-03,15,4,April,Wednesday,5.44,223.5,40.5,Living Room,46.24
2024-04-03 16:00:00,2024-04-03,16,4,April,Wednesday,5.36,230.8,38.9,Living Room,45.56
2024-04-03 17:00:00,2024-04-03,17,4,April,Wednesday,4.16,236.4,35.3,Factory Floor,35.36
2024-04-03 18:00:00,2024-04-03,18,4,April,Wednesday,11.02,220.8,33.5,AC Unit,93.67
2024-04-03 19:00:00,2024-04-03,19,4,April,Wednesday,10.01,223.7,22.0,Living Room,85.08
2024-04-03 20:00:00,2024-04-03,20,4,April,Wednesday,10.29,237.0,32.5,Living Room,87.46
2024-04-03 21:00:00,2024-04-03,21,4,April,Wednesday,11.05,219.4,29.6,AC Unit,93.93
2024-04-03 22:00:00,2024-04-03,22,4,April,Wednesday,8.53,223.9,26.4,Office,72.5
2024-04-03 23:00:00,2024-04-03,23,4,April,Wednesday,4.45,233.8,21.7,Office,37.83
2024-04-04 00:00:00,2024-04-04,0,4,April,Thursday,4.02,239.5,38.9,Factory Floor,34.17
2024-04-04 01:00:00,2024-04-04,1,4,April,Thursday,3.95,225.0,34.4,Office,33.58
2024-04-04 02:00:00,2024-04-04,2,4,April,Thursday,2.29,220.5,27.6,Factory Floor,19.46
2024-04-04 03:00:00,2024-04-04,3,4,April,Thursday,2.82,222.9,23.0,Office,23.97
2024-04-04 04:00:00,2024-04-04,4,4,April,Thursday,3.46,226.9,38.0,Kitchen,29.41
2024-04-04 05:00:00,2024-04-04,5,4,April,Thursday,2.87,236.3,41.0,Living Room,24.39
2024-04-04 06:00:00,2024-04-04,6,4,April,Thursday,7.84,227.2,38.2,Living Room,66.64
2024-04-04 07:00:00,2024-04-04,7,4,April,Thursday,8.27,218.5,28.4,Factory Floor,70.3
2024-04-04 08:00:00,2024-04-04,8,4,April,Thursday,6.73,228.3,21.1,AC Unit,57.21
2024-04-04 09:00:00,2024-04-04,9,4,April,Thursday,8.56,239.8,36.6,AC Unit,72.76
2024-04-04 10:00:00,2024-04-04,10,4,April,Thursday,5.75,237.4,33.0,Living Room,48.88
2024-04-04 11:00:00,2024-04-04,11,4,April,Thursday,4.51,228.4,29.4,Living Room,38.34
2024-04-04 12:00:00,2024-04-04,12,4,April,Thursday,5.17,240.9,40.5,AC Unit,43.95
2024-04-04 13:00:00,2024-04-04,13,4,April,Thursday,5.66,229.1,32.6,Office,48.11
2024-04-04 14:00:00,2024-04-04,14,4,April,Thursday,4.8,241.0,30.3,Kitchen,40.8
2024-04-04 15:00:00,2024-04-04,15,4,April,Thursday,3.28,237.2,40.9,Living Room,27.88
2024-04-04 16:00:00,2024-04-04,16,4,April,Thursday,5.77,225.1,32.6,Living Room,49.04
2024-04-04 17:00:00,2024-04-04,17,4,April,Thursday,4.59,233.8,37.2,Office,39.02
2024-04-04 18:00:00,2024-04-04,18,4,April,Thursday,8.32,238.1,38.6,Factory Floor,70.72
2024-04-04 19:00:00,2024-04-04,19,4,April,Thursday,10.2,241.2,30.6,Office,86.7
2024-04-04 20:00:00,2024-04-04,20,4,April,Thursday,8.93,224.6,33.4,AC Unit,75.91
2024-04-04 21:00:00,2024-04-04,21,4,April,Thursday,11.95,236.9,25.7,Factory Floor,101.57
2024-04-04 22:00:00,2024-04-04,22,4,April,Thursday,8.92,232.8,21.1,Living Room,75.82
2024-04-04 23:00:00,2024-04-04,23,4,April,Thursday,4.49,230.2,29.7,AC Unit,38.16
2024-04-05 00:00:00,2024-04-05,0,4,April,Friday,3.45,235.1,25.7,AC Unit,29.33
2024-04-05 01:00:00,2024-04-05,1,4,April,Friday,4.52,231.0,21.0,Kitchen,38.42
2024-04-05 02:00:00,2024-04-05,2,4,April,Friday,2.25,230.3,25.2,AC Unit,19.12
2024-04-05 03:00:00,2024-04-05,3,4,April,Friday,3.77,219.7,29.4,AC Unit,32.05
2024-04-05 04:00:00,2024-04-05,4,4,April,Friday,3.3,226.0,29.0,AC Unit,28.05
2024-04-05 05:00:00,2024-04-05,5,4,April,Friday,4.1,221.8,21.0,Kitchen,34.85
2024-04-05 06:00:00,2024-04-05,6,4,April,Friday,9.4,237.4,31.2,Office,79.9
2024-04-05 07:00:00,2024-04-05,7,4,April,Friday,10.72,227.1,32.8,Kitchen,91.12
2024-04-05 08:00:00,2024-04-05,8,4,April,Friday,9.22,219.9,40.6,Kitchen,78.37
2024-04-05 09:00:00,2024-04-05,9,4,April,Friday,10.32,235.6,31.9,Living Room,87.72
2024-04-05 10:00:00,2024-04-05,10,4,April,Friday,5.22,219.2,30.4,Office,44.37
2024-04-05 11:00:00,2024-04-05,11,4,April,Friday,4.36,222.7,32.7,Kitchen,37.06
2024-04-05 12:00:00,2024-04-05,12,4,April,Friday,4.46,241.5,25.1,AC Unit,37.91
2024-04-05 13:00:00,2024-04-05,13,4,April,Friday,4.61,223.8,36.1,Factory Floor,39.19
2024-04-05 14:00:00,2024-04-05,14,4,April,Friday,4.08,230.1,40.1,Factory Floor,34.68
2024-04-05 15:00:00,2024-04-05,15,4,April,Friday,4.66,228.1,32.5,Kitchen,39.61
2024-04-05 16:00:00,2024-04-05,16,4,April,Friday,5.1,239.8,34.8,Kitchen,43.35
2024-04-05 17:00:00,2024-04-05,17,4,April,Friday,5.01,226.2,22.6,Factory Floor,42.59
2024-04-05 18:00:00,2024-04-05,18,4,April,Friday,11.23,233.2,37.0,Kitchen,95.45
2024-04-05 19:00:00,2024-04-05,19,4,April,Friday,10.66,224.3,32.2,Factory Floor,90.61
2024-04-05 20:00:00,2024-04-05,20,4,April,Friday,10.26,228.4,35.2,Living Room,87.21
2024-04-05 21:00:00,2024-04-05,21,4,April,Friday,10.18,239.7,27.8,Factory Floor,86.53
2024-04-05 22:00:00,2024-04-05,22,4,April,Friday,10.56,226.1,38.1,AC Unit,89.76
2024-04-05 23:00:00,2024-04-05,23,4,April,Friday,4.8,241.9,21.0,AC Unit,40.8
2024-04-06 00:00:00,2024-04-06,0,4,April,Saturday,3.5,235.8,29.6,Factory Floor,29.75
2024-04-06 01:00:00,2024-04-06,1,4,April,Saturday,3.49,232.1,38.0,Office,29.67
2024-04-06 02:00:00,2024-04-06,2,4,April,Saturday,4.3,226.9,34.3,Factory Floor,36.55
2024-04-06 03:00:00,2024-04-06,3,4,April,Saturday,2.76,224.7,37.0,Kitchen,23.46
2024-04-06 04:00:00,2024-04-06,4,4,April,Saturday,2.95,239.5,32.8,Factory Floor,25.08
2024-04-06 05:00:00,2024-04-06,5,4,April,Saturday,3.24,240.9,20.9,Kitchen,27.54
2024-04-06 06:00:00,2024-04-06,6,4,April,Saturday,8.73,225.5,27.6,Kitchen,74.2
2024-04-06 07:00:00,2024-04-06,7,4,April,Saturday,7.34,239.2,26.3,AC Unit,62.39
2024-04-06 08:00:00,2024-04-06,8,4,April,Saturday,11.4,234.0,23.1,Kitchen,96.9
2024-04-06 09:00:00,2024-04-06,9,4,April,Saturday,8.84,232.4,20.9,Office,75.14
2024-04-06 10:00:00,2024-04-06,10,4,April,Saturday,4.27,229.7,38.1,AC Unit,36.29
2024-04-06 11:00:00,2024-04-06,11,4,April,Saturday,4.35,231.7,36.1,Office,36.97
2024-04-06 12:00:00,2024-04-06,12,4,April,Saturday,3.71,240.0,35.8,Living Room,31.54
2024-04-06 13:00:00,2024-04-06,13,4,April,Saturday,4.32,224.3,39.0,AC Unit,36.72
2024-04-06 14:00:00,2024-04-06,14,4,April,Saturday,4.58,226.5,21.7,Kitchen,38.93
2024-04-06 15:00:00,2024-04-06,15,4,April,Saturday,4.78,230.2,26.1,Office,40.63
2024-04-06 16:00:00,2024-04-06,16,4,April,Saturday,4.42,234.5,39.6,Living Room,37.57
2024-04-06 17:00:00,2024-04-06,17,4,April,Saturday,4.8,237.1,27.0,Office,40.8
2024-04-06 18:00:00,2024-04-06,18,4,April,Saturday,11.44,233.2,20.2,Kitchen,97.24
2024-04-06 19:00:00,2024-04-06,19,4,April,Saturday,11.31,222.7,30.3,Factory Floor,96.14
2024-04-06 20:00:00,2024-04-06,20,4,April,Saturday,12.01,222.8,39.3,Office,102.08
2024-04-06 21:00:00,2024-04-06,21,4,April,Saturday,11.93,219.6,32.3,Kitchen,101.41
2024-04-06 22:00:00,2024-04-06,22,4,April,Saturday,10.61,232.7,33.9,Kitchen,90.19
2024-04-06 23:00:00,2024-04-06,23,4,April,Saturday,4.76,233.8,24.0,AC Unit,40.46
2024-04-07 00:00:00,2024-04-07,0,4,April,Sunday,3.58,229.8,33.9,Office,30.43
2024-04-07 01:00:00,2024-04-07,1,4,April,Sunday,2.7,220.7,39.4,AC Unit,22.95
2024-04-07 02:00:00,2024-04-07,2,4,April,Sunday,2.72,228.2,23.9,AC Unit,23.12
2024-04-07 03:00:00,2024-04-07,3,4,April,Sunday,2.43,221.1,39.4,Factory Floor,20.66
2024-04-07 04:00:00,2024-04-07,4,4,April,Sunday,2.8,224.4,24.7,Factory Floor,23.8
2024-04-07 05:00:00,2024-04-07,5,4,April,Sunday,3.74,225.6,28.6,Factory Floor,31.79
2024-04-07 06:00:00,2024-04-07,6,4,April,Sunday,7.85,229.7,24.8,Living Room,66.72
2024-04-07 07:00:00,2024-04-07,7,4,April,Sunday,8.32,222.0,24.5,Living Room,70.72
2024-04-07 08:00:00,2024-04-07,8,4,April,Sunday,10.4,232.5,20.4,Living Room,88.4
2024-04-07 09:00:00,2024-04-07,9,4,April,Sunday,9.29,239.9,36.9,Office,78.96
2024-04-07 10:00:00,2024-04-07,10,4,April,Sunday,3.18,223.1,31.8,Kitchen,27.03
2024-04-07 11:00:00,2024-04-07,11,4,April,Sunday,5.07,235.2,26.4,Kitchen,43.09
2024-04-07 12:00:00,2024-04-07,12,4,April,Sunday,5.15,223.2,36.1,Living Room,43.78
2024-04-07 13:00:00,2024-04-07,13,4,April,Sunday,3.09,240.6,22.3,Factory Floor,26.27
2024-04-07 14:00:00,2024-04-07,14,4,April,Sunday,4.62,224.8,20.5,Kitchen,39.27
2024-04-07 15:00:00,2024-04-07,15,4,April,Sunday,3.82,237.5,28.3,Factory Floor,32.47
2024-04-07 16:00:00,2024-04-07,16,4,April,Sunday,4.0,224.5,21.9,Living Room,34.0
2024-04-07 17:00:00,2024-04-07,17,4,April,Sunday,4.71,235.6,20.4,Office,40.03
2024-04-07 18:00:00,2024-04-07,18,4,April,Sunday,10.46,237.0,24.3,Office,88.91
2024-04-07 19:00:00,2024-04-07,19,4,April,Sunday,12.43,235.8,26.6,Factory Floor,105.66
2024-04-07 20:00:00,2024-04-07,20,4,April,Sunday,9.0,229.3,26.4,Living Room,76.5
2024-04-07 21:00:00,2024-04-07,21,4,April,Sunday,8.98,224.8,35.5,Office,76.33
2024-04-07 22:00:00,2024-04-07,22,4,April,Sunday,8.51,227.4,28.2,Office,72.33
2024-04-07 23:00:00,2024-04-07,23,4,April,Sunday,4.88,231.9,20.5,Kitchen,41.48
2024-04-08 00:00:00,2024-04-08,0,4,April,Monday,2.62,225.5,23.2,Living Room,22.27
2024-04-08 01:00:00,2024-04-08,1,4,April,Monday,3.11,229.8,25.5,Kitchen,26.43
2024-04-08 02:00:00,2024-04-08,2,4,April,Monday,3.8,238.2,36.7,Living Room,32.3
2024-04-08 03:00:00,2024-04-08,3,4,April,Monday,2.05,226.1,23.3,AC Unit,17.42
2024-04-08 04:00:00,2024-04-08,4,4,April,Monday,3.38,224.4,24.6,Office,28.73
2024-04-08 05:00:00,2024-04-08,5,4,April,Monday,2.61,233.6,27.1,Factory Floor,22.18
2024-04-08 06:00:00,2024-04-08,6,4,April,Monday,10.25,220.0,22.3,Living Room,87.12
2024-04-08 07:00:00,2024-04-08,7,4,April,Monday,8.8,236.0,23.7,Factory Floor,74.8
2024-04-08 08:00:00,2024-04-08,8,4,April,Monday,9.72,229.9,33.8,Office,82.62
2024-04-08 09:00:00,2024-04-08,9,4,April,Monday,9.51,227.6,26.5,Factory Floor,80.83
2024-04-08 10:00:00,2024-04-08,10,4,April,Monday,5.71,239.1,26.0,AC Unit,48.53
2024-04-08 11:00:00,2024-04-08,11,4,April,Monday,4.6,233.6,23.1,Office,39.1
2024-04-08 12:00:00,2024-04-08,12,4,April,Monday,5.17,240.8,28.2,Office,43.95
2024-04-08 13:00:00,2024-04-08,13,4,April,Monday,3.97,240.5,40.4,Kitchen,33.75
2024-04-08 14:00:00,2024-04-08,14,4,April,Monday,4.04,229.4,27.0,Kitchen,34.34
2024-04-08 15:00:00,2024-04-08,15,4,April,Monday,3.37,241.4,26.9,Kitchen,28.64
2024-04-08 16:00:00,2024-04-08,16,4,April,Monday,3.49,229.0,22.1,Office,29.67
2024-04-08 17:00:00,2024-04-08,17,4,April,Monday,4.09,226.4,32.3,Kitchen,34.77
2024-04-08 18:00:00,2024-04-08,18,4,April,Monday,8.6,224.8,40.1,Factory Floor,73.1
2024-04-08 19:00:00,2024-04-08,19,4,April,Monday,10.57,227.7,25.6,Office,89.84
2024-04-08 20:00:00,2024-04-08,20,4,April,Monday,10.56,220.5,24.8,Kitchen,89.76
2024-04-08 21:00:00,2024-04-08,21,4,April,Monday,9.05,232.1,36.9,AC Unit,76.93
2024-04-08 22:00:00,2024-04-08,22,4,April,Monday,11.61,241.2,36.2,Office,98.69
2024-04-08 23:00:00,2024-04-08,23,4,April,Monday,4.81,222.0,37.2,Kitchen,40.88
2024-04-09 00:00:00,2024-04-09,0,4,April,Tuesday,3.66,222.0,39.2,AC Unit,31.11
2024-04-09 01:00:00,2024-04-09,1,4,April,Tuesday,4.0,237.4,29.4,Factory Floor,34.0
2024-04-09 02:00:00,2024-04-09,2,4,April,Tuesday,2.79,231.4,28.3,Factory Floor,23.71
2024-04-09 03:00:00,2024-04-09,3,4,April,Tuesday,2.84,225.6,21.7,Office,24.14
2024-04-09 04:00:00,2024-04-09,4,4,April,Tuesday,4.01,238.0,35.6,Factory Floor,34.09
2024-04-09 05:00:00,2024-04-09,5,4,April,Tuesday,3.21,234.4,32.3,Factory Floor,27.29
2024-04-09 06:00:00,2024-04-09,6,4,April,Tuesday,9.18,238.5,37.0,AC Unit,78.03
2024-04-09 07:00:00,2024-04-09,7,4,April,Tuesday,9.17,241.9,40.7,Factory Floor,77.94
2024-04-09 08:00:00,2024-04-09,8,4,April,Tuesday,9.98,222.7,27.9,Kitchen,84.83
2024-04-09 09:00:00,2024-04-09,9,4,April,Tuesday,6.73,226.9,25.6,Living Room,57.21
2024-04-09 10:00:00,2024-04-09,10,4,April,Tuesday,4.25,224.6,30.5,Living Room,36.12
2024-04-09 11:00:00,2024-04-09,11,4,April,Tuesday,5.7,224.6,21.3,Office,48.45
2024-04-09 12:00:00,2024-04-09,12,4,April,Tuesday,5.51,240.3,41.9,Factory Floor,46.84
2024-04-09 13:00:00,2024-04-09,13,4,April,Tuesday,4.45,239.0,36.5,Living Room,37.83
2024-04-09 14:00:00,2024-04-09,14,4,April,Tuesday,3.11,239.5,23.4,Kitchen,26.43
2024-04-09 15:00:00,2024-04-09,15,4,April,Tuesday,4.87,228.1,38.6,Living Room,41.4
2024-04-09 16:00:00,2024-04-09,16,4,April,Tuesday,4.6,225.5,38.9,AC Unit,39.1
2024-04-09 17:00:00,2024-04-09,17,4,April,Tuesday,5.16,232.7,20.4,AC Unit,43.86
2024-04-09 18:00:00,2024-04-09,18,4,April,Tuesday,11.92,235.3,28.1,Living Room,101.32
2024-04-09 19:00:00,2024-04-09,19,4,April,Tuesday,12.41,234.1,21.4,Office,105.48
2024-04-09 20:00:00,2024-04-09,20,4,April,Tuesday,8.3,219.1,33.4,Office,70.55
2024-04-09 21:00:00,2024-04-09,21,4,April,Tuesday,10.75,240.6,26.8,Office,91.38
2024-04-09 22:00:00,2024-04-09,22,4,April,Tuesday,9.65,234.7,32.5,Factory Floor,82.03
2024-04-09 23:00:00,2024-04-09,23,4,April,Tuesday,4.09,222.4,21.9,AC Unit,34.77
2024-04-10 00:00:00,2024-04-10,0,4,April,Wednesday,4.11,236.9,24.8,AC Unit,34.94
2024-04-10 01:00:00,2024-04-10,1,4,April,Wednesday,4.24,225.4,35.0,Kitchen,36.04
2024-04-10 02:00:00,2024-04-10,2,4,April,Wednesday,3.04,227.1,26.3,AC Unit,25.84
2024-04-10 03:00:00,2024-04-10,3,4,April,Wednesday,2.72,222.5,39.4,Kitchen,23.12
2024-04-10 04:00:00,2024-04-10,4,4,April,Wednesday,1.98,220.2,27.8,AC Unit,16.83
2024-04-10 05:00:00,2024-04-10,5,4,April,Wednesday,3.38,233.1,38.3,Living Room,28.73
2024-04-10 06:00:00,2024-04-10,6,4,April,Wednesday,10.18,231.6,41.9,Factory Floor,86.53
2024-04-10 07:00:00,2024-04-10,7,4,April,Wednesday,9.46,223.0,35.4,Office,80.41
2024-04-10 08:00:00,2024-04-10,8,4,April,Wednesday,9.41,230.3,24.6,Kitchen,79.98
2024-04-10 09:00:00,2024-04-10,9,4,April,Wednesday,7.58,233.8,24.1,Kitchen,64.43
2024-04-10 10:00:00,2024-04-10,10,4,April,Wednesday,4.26,231.5,34.5,Living Room,36.21
2024-04-10 11:00:00,2024-04-10,11,4,April,Wednesday,3.75,226.6,39.8,Kitchen,31.88
2024-04-10 12:00:00,2024-04-10,12,4,April,Wednesday,4.18,233.5,22.2,AC Unit,35.53
2024-04-10 13:00:00,2024-04-10,13,4,April,Wednesday,4.08,222.5,20.5,Office,34.68
2024-04-10 14:00:00,2024-04-10,14,4,April,Wednesday,4.49,228.4,28.8,Kitchen,38.16
2024-04-10 15:00:00,2024-04-10,15,4,April,Wednesday,3.88,226.1,34.9,AC Unit,32.98
2024-04-10 16:00:00,2024-04-10,16,4,April,Wednesday,4.01,223.6,40.6,Office,34.09
2024-04-10 17:00:00,2024-04-10,17,4,April,Wednesday,3.64,224.5,32.7,Office,30.94
2024-04-10 18:00:00,2024-04-10,18,4,April,Wednesday,9.06,239.3,41.2,Office,77.01
2024-04-10 19:00:00,2024-04-10,19,4,April,Wednesday,10.49,221.1,27.3,Living Room,89.17
2024-04-10 20:00:00,2024-04-10,20,4,April,Wednesday,12.27,237.2,30.1,Kitchen,104.3
2024-04-10 21:00:00,2024-04-10,21,4,April,Wednesday,10.36,222.1,26.8,Kitchen,88.06
2024-04-10 22:00:00,2024-04-10,22,4,April,Wednesday,8.44,223.9,35.1,AC Unit,71.74
2024-04-10 23:00:00,2024-04-10,23,4,April,Wednesday,3.17,220.4,32.1,Factory Floor,26.95
2024-04-11 00:00:00,2024-04-11,0,4,April,Thursday,3.8,238.0,35.5,Living Room,32.3
2024-04-11 01:00:00,2024-04-11,1,4,April,Thursday,3.18,227.6,27.2,AC Unit,27.03
2024-04-11 02:00:00,2024-04-11,2,4,April,Thursday,3.07,227.5,21.6,Factory Floor,26.09
2024-04-11 03:00:00,2024-04-11,3,4,April,Thursday,3.3,239.3,23.9,Kitchen,28.05
2024-04-11 04:00:00,2024-04-11,4,4,April,Thursday,3.13,232.7,36.5,Living Room,26.61
2024-04-11 05:00:00,2024-04-11,5,4,April,Thursday,1.82,223.1,29.6,AC Unit,15.47
2024-04-11 06:00:00,2024-04-11,6,4,April,Thursday,7.66,225.5,34.9,Factory Floor,65.11
2024-04-11 07:00:00,2024-04-11,7,4,April,Thursday,8.44,221.9,35.0,Living Room,71.74
2024-04-11 08:00:00,2024-04-11,8,4,April,Thursday,8.25,220.4,39.0,Living Room,70.12
2024-04-11 09:00:00,2024-04-11,9,4,April,Thursday,7.25,234.5,20.3,Factory Floor,61.62
2024-04-11 10:00:00,2024-04-11,10,4,April,Thursday,3.9,228.2,36.3,Living Room,33.15
2024-04-11 11:00:00,2024-04-11,11,4,April,Thursday,5.01,228.8,28.2,Factory Floor,42.59
2024-04-11 12:00:00,2024-04-11,12,4,April,Thursday,5.27,241.3,22.5,Kitchen,44.79
2024-04-11 13:00:00,2024-04-11,13,4,April,Thursday,5.49,227.2,34.8,Kitchen,46.66
2024-04-11 14:00:00,2024-04-11,14,4,April,Thursday,3.96,235.0,25.7,Office,33.66
2024-04-11 15:00:00,2024-04-11,15,4,April,Thursday,5.35,228.9,21.1,AC Unit,45.47
2024-04-11 16:00:00,2024-04-11,16,4,April,Thursday,3.95,229.0,21.1,Office,33.58
2024-04-11 17:00:00,2024-04-11,17,4,April,Thursday,4.63,226.1,26.5,Living Room,39.35
2024-04-11 18:00:00,2024-04-11,18,4,April,Thursday,9.89,218.4,27.1,Living Room,84.06
2024-04-11 19:00:00,2024-04-11,19,4,April,Thursday,10.13,235.7,25.5,Living Room,86.11
2024-04-11 20:00:00,2024-04-11,20,4,April,Thursday,9.54,229.8,39.6,AC Unit,81.09
2024-04-11 21:00:00,2024-04-11,21,4,April,Thursday,12.51,237.8,38.4,Office,106.33
2024-04-11 22:00:00,2024-04-11,22,4,April,Thursday,9.68,218.9,33.4,Living Room,82.28
2024-04-11 23:00:00,2024-04-11,23,4,April,Thursday,4.74,219.9,40.4,AC Unit,40.29
2024-04-12 00:00:00,2024-04-12,0,4,April,Friday,2.57,224.2,34.4,Living Room,21.84
2024-04-12 01:00:00,2024-04-12,1,4,April,Friday,2.15,222.6,25.7,AC Unit,18.27
2024-04-12 02:00:00,2024-04-12,2,4,April,Friday,3.26,234.7,21.1,Office,27.71
2024-04-12 03:00:00,2024-04-12,3,4,April,Friday,3.49,235.9,37.1,AC Unit,29.67
2024-04-12 04:00:00,2024-04-12,4,4,April,Friday,1.99,222.4,26.3,Living Room,16.91
2024-04-12 05:00:00,2024-04-12,5,4,April,Friday,2.04,221.1,25.9,Office,17.34
2024-04-12 06:00:00,2024-04-12,6,4,April,Friday,9.74,223.4,35.6,Kitchen,82.79
2024-04-12 07:00:00,2024-04-12,7,4,April,Friday,7.48,237.8,32.9,Office,63.58
2024-04-12 08:00:00,2024-04-12,8,4,April,Friday,8.69,218.3,27.5,AC Unit,73.86
2024-04-12 09:00:00,2024-04-12,9,4,April,Friday,9.63,230.0,31.7,Kitchen,81.86
2024-04-12 10:00:00,2024-04-12,10,4,April,Friday,4.6,218.8,38.8,Living Room,39.1
2024-04-12 11:00:00,2024-04-12,11,4,April,Friday,4.82,226.3,24.6,Office,40.97
2024-04-12 12:00:00,2024-04-12,12,4,April,Friday,4.03,225.6,34.8,Living Room,34.26
2024-04-12 13:00:00,2024-04-12,13,4,April,Friday,3.9,233.0,32.4,Factory Floor,33.15
2024-04-12 14:00:00,2024-04-12,14,4,April,Friday,5.02,241.4,32.2,Factory Floor,42.67
2024-04-12 15:00:00,2024-04-12,15,4,April,Friday,5.35,230.9,28.3,Living Room,45.47
2024-04-12 16:00:00,2024-04-12,16,4,April,Friday,3.41,241.8,32.6,Kitchen,28.98
2024-04-12 17:00:00,2024-04-12,17,4,April,Friday,5.5,241.6,41.5,Office,46.75
2024-04-12 18:00:00,2024-04-12,18,4,April,Friday,10.55,232.4,27.0,AC Unit,89.68
2024-04-12 19:00:00,2024-04-12,19,4,April,Friday,11.54,233.2,34.0,Office,98.09
2024-04-12 20:00:00,2024-04-12,20,4,April,Friday,10.79,229.9,30.2,Factory Floor,91.71
2024-04-12 21:00:00,2024-04-12,21,4,April,Friday,9.77,218.1,38.3,Factory Floor,83.05
2024-04-12 22:00:00,2024-04-12,22,4,April,Friday,11.09,231.9,29.2,Factory Floor,94.27
2024-04-12 23:00:00,2024-04-12,23,4,April,Friday,4.46,232.9,23.0,Office,37.91
2024-04-13 00:00:00,2024-04-13,0,4,April,Saturday,2.23,227.8,20.5,Office,18.95
2024-04-13 01:00:00,2024-04-13,1,4,April,Saturday,3.36,220.2,28.1,Office,28.56
2024-04-13 02:00:00,2024-04-13,2,4,April,Saturday,2.98,238.7,38.7,Kitchen,25.33
2024-04-13 03:00:00,2024-04-13,3,4,April,Saturday,3.23,229.3,35.7,Kitchen,27.45
2024-04-13 04:00:00,2024-04-13,4,4,April,Saturday,3.16,223.0,30.1,Kitchen,26.86
2024-04-13 05:00:00,2024-04-13,5,4,April,Saturday,2.45,222.2,30.2,Living Room,20.83
2024-04-13 06:00:00,2024-04-13,6,4,April,Saturday,10.96,239.8,25.4,Living Room,93.16
2024-04-13 07:00:00,2024-04-13,7,4,April,Saturday,6.76,238.8,41.9,Factory Floor,57.46
2024-04-13 08:00:00,2024-04-13,8,4,April,Saturday,7.31,235.2,22.7,Office,62.13
2024-04-13 09:00:00,2024-04-13,9,4,April,Saturday,9.03,229.5,36.0,AC Unit,76.75
2024-04-13 10:00:00,2024-04-13,10,4,April,Saturday,5.45,235.4,20.9,Factory Floor,46.33
2024-04-13 11:00:00,2024-04-13,11,4,April,Saturday,4.94,233.6,29.4,Living Room,41.99
2024-04-13 12:00:00,2024-04-13,12,4,April,Saturday,4.05,236.2,32.8,Living Room,34.42
2024-04-13 13:00:00,2024-04-13,13,4,April,Saturday,4.81,233.8,23.1,Kitchen,40.88
2024-04-13 14:00:00,2024-04-13,14,4,April,Saturday,4.8,220.3,34.1,Living Room,40.8
2024-04-13 15:00:00,2024-04-13,15,4,April,Saturday,4.63,236.1,36.7,AC Unit,39.35
2024-04-13 16:00:00,2024-04-13,16,4,April,Saturday,4.04,236.9,35.4,Office,34.34
2024-04-13 17:00:00,2024-04-13,17,4,April,Saturday,3.59,221.4,31.5,Living Room,30.52
2024-04-13 18:00:00,2024-04-13,18,4,April,Saturday,8.99,225.0,40.8,Kitchen,76.42
2024-04-13 19:00:00,2024-04-13,19,4,April,Saturday,10.59,234.2,23.4,Kitchen,90.02
2024-04-13 20:00:00,2024-04-13,20,4,April,Saturday,8.55,233.3,20.6,Kitchen,72.68
2024-04-13 21:00:00,2024-04-13,21,4,April,Saturday,9.64,226.7,31.2,Office,81.94
2024-04-13 22:00:00,2024-04-13,22,4,April,Saturday,10.03,226.3,23.4,Office,85.25
2024-04-13 23:00:00,2024-04-13,23,4,April,Saturday,4.0,238.8,30.7,Kitchen,34.0
2024-04-14 00:00:00,2024-04-14,0,4,April,Sunday,2.58,227.1,34.7,Living Room,21.93
2024-04-14 01:00:00,2024-04-14,1,4,April,Sunday,2.5,224.7,37.1,Living Room,21.25
2024-04-14 02:00:00,2024-04-14,2,4,April,Sunday,2.52,239.9,39.9,Office,21.42
2024-04-14 03:00:00,2024-04-14,3,4,April,Sunday,2.95,218.8,33.8,AC Unit,25.08
2024-04-14 04:00:00,2024-04-14,4,4,April,Sunday,3.0,238.3,31.8,Living Room,25.5
2024-04-14 05:00:00,2024-04-14,5,4,April,Sunday,1.71,224.0,25.6,Kitchen,14.54
2024-04-14 06:00:00,2024-04-14,6,4,April,Sunday,9.62,234.6,30.0,Living Room,81.77
2024-04-14 07:00:00,2024-04-14,7,4,April,Sunday,9.75,235.8,36.1,Living Room,82.88
2024-04-14 08:00:00,2024-04-14,8,4,April,Sunday,9.29,223.0,25.4,Office,78.96
2024-04-14 09:00:00,2024-04-14,9,4,April,Sunday,8.51,219.2,37.4,Living Room,72.33
2024-04-14 10:00:00,2024-04-14,10,4,April,Sunday,3.51,220.0,24.3,Office,29.83
2024-04-14 11:00:00,2024-04-14,11,4,April,Sunday,4.78,225.2,20.2,Factory Floor,40.63
2024-04-14 12:00:00,2024-04-14,12,4,April,Sunday,4.83,239.3,37.1,Kitchen,41.05
2024-04-14 13:00:00,2024-04-14,13,4,April,Sunday,4.81,236.1,41.8,AC Unit,40.88
2024-04-14 14:00:00,2024-04-14,14,4,April,Sunday,5.11,229.8,23.9,Office,43.44
2024-04-14 15:00:00,2024-04-14,15,4,April,Sunday,4.25,233.5,25.8,Office,36.12
2024-04-14 16:00:00,2024-04-14,16,4,April,Sunday,3.77,231.5,26.8,Factory Floor,32.05
2024-04-14 17:00:00,2024-04-14,17,4,April,Sunday,3.98,222.4,20.1,Office,33.83
2024-04-14 18:00:00,2024-04-14,18,4,April,Sunday,9.27,228.4,26.7,Factory Floor,78.8
2024-04-14 19:00:00,2024-04-14,19,4,April,Sunday,10.57,222.6,22.4,Kitchen,89.84
2024-04-14 20:00:00,2024-04-14,20,4,April,Sunday,9.18,230.7,22.3,AC Unit,78.03
2024-04-14 21:00:00,2024-04-14,21,4,April,Sunday,11.8,225.8,24.2,Factory Floor,100.3
2024-04-14 22:00:00,2024-04-14,22,4,April,Sunday,12.46,221.8,41.0,Factory Floor,105.91
2024-04-14 23:00:00,2024-04-14,23,4,April,Sunday,5.1,236.7,25.9,AC Unit,43.35
2024-04-15 00:00:00,2024-04-15,0,4,April,Monday,3.54,221.5,27.3,AC Unit,30.09
2024-04-15 01:00:00,2024-04-15,1,4,April,Monday,2.11,231.5,36.8,Living Room,17.93
2024-04-15 02:00:00,2024-04-15,2,4,April,Monday,3.01,226.5,37.7,Factory Floor,25.58
2024-04-15 03:00:00,2024-04-15,3,4,April,Monday,1.98,223.0,35.8,AC Unit,16.83
2024-04-15 04:00:00,2024-04-15,4,4,April,Monday,1.64,227.2,32.3,Kitchen,13.94
2024-04-15 05:00:00,2024-04-15,5,4,April,Monday,2.88,224.6,21.6,Kitchen,24.48
2024-04-15 06:00:00,2024-04-15,6,4,April,Monday,8.66,229.3,41.4,Living Room,73.61
2024-04-15 07:00:00,2024-04-15,7,4,April,Monday,10.08,235.0,25.5,Office,85.68
2024-04-15 08:00:00,2024-04-15,8,4,April,Monday,7.93,226.2,31.8,Factory Floor,67.41
2024-04-15 09:00:00,2024-04-15,9,4,April,Monday,9.13,236.0,27.1,Factory Floor,77.61
2024-04-15 10:00:00,2024-04-15,10,4,April,Monday,5.52,232.2,32.6,Office,46.92
2024-04-15 11:00:00,2024-04-15,11,4,April,Monday,3.42,231.7,36.8,AC Unit,29.07
2024-04-15 12:00:00,2024-04-15,12,4,April,Monday,4.93,234.5,23.1,Living Room,41.91
2024-04-15 13:00:00,2024-04-15,13,4,April,Monday,5.44,235.7,41.1,AC Unit,46.24
2024-04-15 14:00:00,2024-04-15,14,4,April,Monday,5.26,239.2,24.1,Factory Floor,44.71
2024-04-15 15:00:00,2024-04-15,15,4,April,Monday,3.82,222.8,41.4,AC Unit,32.47
2024-04-15 16:00:00,2024-04-15,16,4,April,Monday,4.26,218.6,22.6,Factory Floor,36.21
2024-04-15 17:00:00,2024-04-15,17,4,April,Monday,4.66,237.2,38.3,Living Room,39.61
2024-04-15 18:00:00,2024-04-15,18,4,April,Monday,11.69,228.5,20.7,Office,99.36
2024-04-15 19:00:00,2024-04-15,19,4,April,Monday,11.69,224.8,27.3,Living Room,99.36
2024-04-15 20:00:00,2024-04-15,20,4,April,Monday,12.04,236.7,31.7,Office,102.34
2024-04-15 21:00:00,2024-04-15,21,4,April,Monday,11.48,232.6,41.8,Living Room,97.58
2024-04-15 22:00:00,2024-04-15,22,4,April,Monday,11.21,228.8,39.4,Kitchen,95.29
2024-04-15 23:00:00,2024-04-15,23,4,April,Monday,4.37,233.5,27.5,Office,37.15
2024-04-16 00:00:00,2024-04-16,0,4,April,Tuesday,3.65,239.3,28.8,AC Unit,31.02
2024-04-16 01:00:00,2024-04-16,1,4,April,Tuesday,3.67,223.4,29.4,AC Unit,31.2
2024-04-16 02:00:00,2024-04-16,2,4,April,Tuesday,3.08,230.8,34.4,Kitchen,26.18
2024-04-16 03:00:00,2024-04-16,3,4,April,Tuesday,2.73,239.1,39.1,Kitchen,23.2
2024-04-16 04:00:00,2024-04-16,4,4,April,Tuesday,2.42,220.4,31.7,Living Room,20.57
2024-04-16 05:00:00,2024-04-16,5,4,April,Tuesday,3.26,225.9,26.9,Kitchen,27.71
2024-04-16 06:00:00,2024-04-16,6,4,April,Tuesday,8.54,241.8,25.1,Kitchen,72.59
2024-04-16 07:00:00,2024-04-16,7,4,April,Tuesday,9.25,240.7,22.7,Factory Floor,78.62
2024-04-16 08:00:00,2024-04-16,8,4,April,Tuesday,8.67,223.0,21.1,Factory Floor,73.69
2024-04-16 09:00:00,2024-04-16,9,4,April,Tuesday,7.99,237.5,22.0,Kitchen,67.92
2024-04-16 10:00:00,2024-04-16,10,4,April,Tuesday,4.59,230.4,23.6,Kitchen,39.02
2024-04-16 11:00:00,2024-04-16,11,4,April,Tuesday,3.73,232.5,36.5,AC Unit,31.7
2024-04-16 12:00:00,2024-04-16,12,4,April,Tuesday,4.04,220.2,31.2,Factory Floor,34.34
2024-04-16 13:00:00,2024-04-16,13,4,April,Tuesday,3.62,229.0,20.2,Factory Floor,30.77
2024-04-16 14:00:00,2024-04-16,14,4,April,Tuesday,4.66,226.5,40.8,Living Room,39.61
2024-04-16 15:00:00,2024-04-16,15,4,April,Tuesday,4.72,225.2,42.0,Living Room,40.12
2024-04-16 16:00:00,2024-04-16,16,4,April,Tuesday,5.11,239.0,20.3,AC Unit,43.44
2024-04-16 17:00:00,2024-04-16,17,4,April,Tuesday,5.36,219.1,38.6,Kitchen,45.56
2024-04-16 18:00:00,2024-04-16,18,4,April,Tuesday,9.67,234.7,36.8,Living Room,82.19
2024-04-16 19:00:00,2024-04-16,19,4,April,Tuesday,10.54,225.0,33.6,Kitchen,89.59
2024-04-16 20:00:00,2024-04-16,20,4,April,Tuesday,9.54,221.6,37.8,Kitchen,81.09
2024-04-16 21:00:00,2024-04-16,21,4,April,Tuesday,11.1,218.7,24.5,Factory Floor,94.35
2024-04-16 22:00:00,2024-04-16,22,4,April,Tuesday,11.58,225.7,37.2,AC Unit,98.43
2024-04-16 23:00:00,2024-04-16,23,4,April,Tuesday,3.53,235.6,23.2,Factory Floor,30.0
2024-04-17 00:00:00,2024-04-17,0,4,April,Wednesday,3.31,230.6,23.5,Living Room,28.14
2024-04-17 01:00:00,2024-04-17,1,4,April,Wednesday,2.52,219.6,41.3,Factory Floor,21.42
2024-04-17 02:00:00,2024-04-17,2,4,April,Wednesday,3.27,221.2,33.3,Living Room,27.8
2024-04-17 03:00:00,2024-04-17,3,4,April,Wednesday,3.53,221.1,34.4,AC Unit,30.0
2024-04-17 04:00:00,2024-04-17,4,4,April,Wednesday,2.48,229.8,38.3,Office,21.08
2024-04-17 05:00:00,2024-04-17,5,4,April,Wednesday,2.37,240.6,25.0,Living Room,20.14
2024-04-17 06:00:00,2024-04-17,6,4,April,Wednesday,9.95,232.8,25.5,AC Unit,84.57
2024-04-17 07:00:00,2024-04-17,7,4,April,Wednesday,8.2,241.4,34.7,Office,69.7
2024-04-17 08:00:00,2024-04-17,8,4,April,Wednesday,9.79,239.6,27.2,AC Unit,83.21
2024-04-17 09:00:00,2024-04-17,9,4,April,Wednesday,10.08,218.8,39.9,Factory Floor,85.68
2024-04-17 10:00:00,2024-04-17,10,4,April,Wednesday,5.06,241.5,20.3,Living Room,43.01
2024-04-17 11:00:00,2024-04-17,11,4,April,Wednesday,4.91,227.5,20.3,Factory Floor,41.73
2024-04-17 12:00:00,2024-04-17,12,4,April,Wednesday,4.31,233.1,38.0,Office,36.63
2024-04-17 13:00:00,2024-04-17,13,4,April,Wednesday,4.8,228.9,25.8,Factory Floor,40.8
2024-04-17 14:00:00,2024-04-17,14,4,April,Wednesday,3.51,236.4,40.3,AC Unit,29.83
2024-04-17 15:00:00,2024-04-17,15,4,April,Wednesday,5.18,226.2,39.2,Office,44.03
2024-04-17 16:00:00,2024-04-17,16,4,April,Wednesday,4.01,238.5,36.8,AC Unit,34.09
2024-04-17 17:00:00,2024-04-17,17,4,April,Wednesday,3.49,233.4,41.2,Kitchen,29.67
2024-04-17 18:00:00,2024-04-17,18,4,April,Wednesday,10.16,220.9,35.7,Kitchen,86.36
2024-04-17 19:00:00,2024-04-17,19,4,April,Wednesday,11.54,241.6,21.8,Office,98.09
2024-04-17 20:00:00,2024-04-17,20,4,April,Wednesday,10.26,230.3,23.1,Kitchen,87.21
2024-04-17 21:00:00,2024-04-17,21,4,April,Wednesday,11.25,230.6,37.2,Office,95.62
2024-04-17 22:00:00,2024-04-17,22,4,April,Wednesday,12.29,226.7,25.1,Office,104.46
2024-04-17 23:00:00,2024-04-17,23,4,April,Wednesday,3.49,234.3,34.0,Office,29.67
2024-04-18 00:00:00,2024-04-18,0,4,April,Thursday,4.35,231.0,41.0,Factory Floor,36.97
2024-04-18 01:00:00,2024-04-18,1,4,April,Thursday,2.66,240.8,26.5,Office,22.61
2024-04-18 02:00:00,2024-04-18,2,4,April,Thursday,3.28,221.3,40.6,Living Room,27.88
2024-04-18 03:00:00,2024-04-18,3,4,April,Thursday,4.01,223.0,36.1,Office,34.09
2024-04-18 04:00:00,2024-04-18,4,4,April,Thursday,1.57,221.5,38.1,Kitchen,13.35
2024-04-18 05:00:00,2024-04-18,5,4,April,Thursday,2.35,232.2,25.5,AC Unit,19.98
2024-04-18 06:00:00,2024-04-18,6,4,April,Thursday,8.41,239.4,22.7,Office,71.48
2024-04-18 07:00:00,2024-04-18,7,4,April,Thursday,9.58,234.1,36.7,Living Room,81.43
2024-04-18 08:00:00,2024-04-18,8,4,April,Thursday,9.48,236.5,33.2,Kitchen,80.58
2024-04-18 09:00:00,2024-04-18,9,4,April,Thursday,8.7,235.8,30.0,Living Room,73.95
2024-04-18 10:00:00,2024-04-18,10,4,April,Thursday,5.51,235.3,39.3,Living Room,46.84
2024-04-18 11:00:00,2024-04-18,11,4,April,Thursday,4.65,220.7,30.3,Office,39.53
2024-04-18 12:00:00,2024-04-18,12,4,April,Thursday,4.05,238.8,30.7,AC Unit,34.42
2024-04-18 13:00:00,2024-04-18,13,4,April,Thursday,3.55,241.9,33.3,Office,30.17
2024-04-18 14:00:00,2024-04-18,14,4,April,Thursday,4.97,238.4,30.9,Factory Floor,42.24
2024-04-18 15:00:00,2024-04-18,15,4,April,Thursday,4.48,238.8,26.2,AC Unit,38.08
2024-04-18 16:00:00,2024-04-18,16,4,April,Thursday,5.45,225.9,34.7,AC Unit,46.33
2024-04-18 17:00:00,2024-04-18,17,4,April,Thursday,5.05,220.4,37.7,Kitchen,42.92
2024-04-18 18:00:00,2024-04-18,18,4,April,Thursday,10.22,224.4,41.9,Factory Floor,86.87
2024-04-18 19:00:00,2024-04-18,19,4,April,Thursday,11.29,230.5,40.4,Factory Floor,95.96
2024-04-18 20:00:00,2024-04-18,20,4,April,Thursday,8.22,233.4,22.2,Living Room,69.87
2024-04-18 21:00:00,2024-04-18,21,4,April,Thursday,9.36,234.1,39.9,Factory Floor,79.56
2024-04-18 22:00:00,2024-04-18,22,4,April,Thursday,11.74,233.5,29.7,Factory Floor,99.79
2024-04-18 23:00:00,2024-04-18,23,4,April,Thursday,4.67,240.6,37.9,Factory Floor,39.7
2024-04-19 00:00:00,2024-04-19,0,4,April,Friday,1.95,218.6,40.8,Living Room,16.57
2024-04-19 01:00:00,2024-04-19,1,4,April,Friday,2.56,229.0,39.6,AC Unit,21.76
2024-04-19 02:00:00,2024-04-19,2,4,April,Friday,2.84,224.0,29.8,Living Room,24.14
2024-04-19 03:00:00,2024-04-19,3,4,April,Friday,3.71,236.4,23.5,Office,31.54
2024-04-19 04:00:00,2024-04-19,4,4,April,Friday,2.65,227.6,27.7,Kitchen,22.52
2024-04-19 05:00:00,2024-04-19,5,4,April,Friday,3.2,232.8,36.3,Kitchen,27.2
2024-04-19 06:00:00,2024-04-19,6,4,April,Friday,8.48,220.2,28.9,Office,72.08
2024-04-19 07:00:00,2024-04-19,7,4,April,Friday,8.25,224.4,35.6,AC Unit,70.12
2024-04-19 08:00:00,2024-04-19,8,4,April,Friday,8.25,221.8,23.7,Living Room,70.12
2024-04-19 09:00:00,2024-04-19,9,4,April,Friday,8.41,234.8,32.3,Office,71.48
2024-04-19 10:00:00,2024-04-19,10,4,April,Friday,4.47,234.7,24.4,Living Room,37.99
2024-04-19 11:00:00,2024-04-19,11,4,April,Friday,5.34,233.9,38.7,Kitchen,45.39
2024-04-19 12:00:00,2024-04-19,12,4,April,Friday,4.96,227.5,40.3,Living Room,42.16
2024-04-19 13:00:00,2024-04-19,13,4,April,Friday,5.43,239.0,37.6,Office,46.16
2024-04-19 14:00:00,2024-04-19,14,4,April,Friday,4.22,242.0,29.7,Living Room,35.87
2024-04-19 15:00:00,2024-04-19,15,4,April,Friday,3.65,241.8,20.6,Kitchen,31.02
2024-04-19 16:00:00,2024-04-19,16,4,April,Friday,5.65,223.9,25.0,Kitchen,48.03
2024-04-19 17:00:00,2024-04-19,17,4,April,Friday,3.59,241.2,38.9,Factory Floor,30.52
2024-04-19 18:00:00,2024-04-19,18,4,April,Friday,11.73,231.6,29.1,Office,99.7
2024-04-19 19:00:00,2024-04-19,19,4,April,Friday,11.47,241.5,36.4,AC Unit,97.5
2024-04-19 20:00:00,2024-04-19,20,4,April,Friday,11.11,239.6,40.6,AC Unit,94.44
2024-04-19 21:00:00,2024-04-19,21,4,April,Friday,10.01,225.7,38.2,Kitchen,85.08
2024-04-19 22:00:00,2024-04-19,22,4,April,Friday,11.44,240.0,41.7,Factory Floor,97.24
2024-04-19 23:00:00,2024-04-19,23,4,April,Friday,4.18,237.8,25.0,AC Unit,35.53
2024-04-20 00:00:00,2024-04-20,0,4,April,Saturday,3.13,241.6,30.2,Office,26.61
2024-04-20 01:00:00,2024-04-20,1,4,April,Saturday,2.52,232.2,21.4,Kitchen,21.42
2024-04-20 02:00:00,2024-04-20,2,4,April,Saturday,3.53,239.5,30.5,Kitchen,30.0
2024-04-20 03:00:00,2024-04-20,3,4,April,Saturday,3.6,224.6,25.5,Living Room,30.6
2024-04-20 04:00:00,2024-04-20,4,4,April,Saturday,2.97,240.6,41.7,Kitchen,25.25
2024-04-20 05:00:00,2024-04-20,5,4,April,Saturday,2.66,225.3,25.1,Office,22.61
2024-04-20 06:00:00,2024-04-20,6,4,April,Saturday,9.67,234.4,26.9,Living Room,82.19
2024-04-20 07:00:00,2024-04-20,7,4,April,Saturday,9.77,232.1,37.0,Living Room,83.05
2024-04-20 08:00:00,2024-04-20,8,4,April,Saturday,9.63,235.6,25.5,Office,81.86
2024-04-20 09:00:00,2024-04-20,9,4,April,Saturday,11.14,218.7,40.4,Living Room,94.69
2024-04-20 10:00:00,2024-04-20,10,4,April,Saturday,3.76,227.7,35.4,Factory Floor,31.96
2024-04-20 11:00:00,2024-04-20,11,4,April,Saturday,4.99,229.4,38.6,Kitchen,42.41
2024-04-20 12:00:00,2024-04-20,12,4,April,Saturday,3.55,235.0,39.3,Factory Floor,30.17
2024-04-20 13:00:00,2024-04-20,13,4,April,Saturday,3.44,222.8,27.7,Living Room,29.24
2024-04-20 14:00:00,2024-04-20,14,4,April,Saturday,4.43,230.6,20.4,Office,37.66
2024-04-20 15:00:00,2024-04-20,15,4,April,Saturday,3.68,234.4,22.1,Living Room,31.28
2024-04-20 16:00:00,2024-04-20,16,4,April,Saturday,5.46,218.1,28.5,Living Room,46.41
2024-04-20 17:00:00,2024-04-20,17,4,April,Saturday,5.17,227.0,21.5,Kitchen,43.95
2024-04-20 18:00:00,2024-04-20,18,4,April,Saturday,9.18,223.2,27.6,Kitchen,78.03
2024-04-20 19:00:00,2024-04-20,19,4,April,Saturday,11.44,235.0,39.4,Kitchen,97.24
2024-04-20 20:00:00,2024-04-20,20,4,April,Saturday,11.1,232.9,40.6,Living Room,94.35
2024-04-20 21:00:00,2024-04-20,21,4,April,Saturday,11.14,226.4,24.0,Office,94.69
2024-04-20 22:00:00,2024-04-20,22,4,April,Saturday,8.06,221.7,33.5,AC Unit,68.51
2024-04-20 23:00:00,2024-04-20,23,4,April,Saturday,5.8,231.2,28.6,Factory Floor,49.3
2024-04-21 00:00:00,2024-04-21,0,4,April,Sunday,2.46,223.9,23.1,Factory Floor,20.91
2024-04-21 01:00:00,2024-04-21,1,4,April,Sunday,2.98,240.0,40.3,Office,25.33
2024-04-21 02:00:00,2024-04-21,2,4,April,Sunday,3.6,225.7,31.6,Office,30.6
2024-04-21 03:00:00,2024-04-21,3,4,April,Sunday,3.1,233.4,26.2,Kitchen,26.35
2024-04-21 04:00:00,2024-04-21,4,4,April,Sunday,2.89,228.2,29.6,Living Room,24.57
2024-04-21 05:00:00,2024-04-21,5,4,April,Sunday,2.81,229.6,28.6,Factory Floor,23.89
2024-04-21 06:00:00,2024-04-21,6,4,April,Sunday,11.29,234.8,31.6,Living Room,95.96
2024-04-21 07:00:00,2024-04-21,7,4,April,Sunday,7.63,235.9,32.6,Kitchen,64.86
2024-04-21 08:00:00,2024-04-21,8,4,April,Sunday,9.94,219.1,26.7,Kitchen,84.49
2024-04-21 09:00:00,2024-04-21,9,4,April,Sunday,8.95,234.4,29.5,Office,76.07
2024-04-21 10:00:00,2024-04-21,10,4,April,Sunday,4.23,226.9,35.4,Kitchen,35.96
2024-04-21 11:00:00,2024-04-21,11,4,April,Sunday,4.15,239.4,35.7,Living Room,35.28
2024-04-21 12:00:00,2024-04-21,12,4,April,Sunday,4.92,231.7,33.5,Living Room,41.82
2024-04-21 13:00:00,2024-04-21,13,4,April,Sunday,5.05,234.5,40.3,Living Room,42.92
2024-04-21 14:00:00,2024-04-21,14,4,April,Sunday,5.47,240.0,27.3,Kitchen,46.49
2024-04-21 15:00:00,2024-04-21,15,4,April,Sunday,5.8,226.9,38.4,Living Room,49.3
2024-04-21 16:00:00,2024-04-21,16,4,April,Sunday,3.91,232.9,25.7,Factory Floor,33.23
2024-04-21 17:00:00,2024-04-21,17,4,April,Sunday,5.07,239.7,26.8,AC Unit,43.09
2024-04-21 18:00:00,2024-04-21,18,4,April,Sunday,9.48,227.1,38.5,Kitchen,80.58
2024-04-21 19:00:00,2024-04-21,19,4,April,Sunday,11.84,233.0,28.7,Factory Floor,100.64
2024-04-21 20:00:00,2024-04-21,20,4,April,Sunday,8.97,220.7,23.5,Factory Floor,76.25
2024-04-21 21:00:00,2024-04-21,21,4,April,Sunday,8.51,235.8,41.0,Factory Floor,72.33
2024-04-21 22:00:00,2024-04-21,22,4,April,Sunday,9.57,224.3,36.7,Factory Floor,81.34
2024-04-21 23:00:00,2024-04-21,23,4,April,Sunday,5.53,240.8,32.2,Factory Floor,47.01
2024-04-22 00:00:00,2024-04-22,0,4,April,Monday,2.87,229.5,22.5,Living Room,24.39
2024-04-22 01:00:00,2024-04-22,1,4,April,Monday,2.3,237.4,25.3,Office,19.55
2024-04-22 02:00:00,2024-04-22,2,4,April,Monday,3.55,236.5,34.6,Office,30.17
2024-04-22 03:00:00,2024-04-22,3,4,April,Monday,1.82,225.6,32.5,Kitchen,15.47
2024-04-22 04:00:00,2024-04-22,4,4,April,Monday,4.48,226.4,24.4,Living Room,38.08
2024-04-22 05:00:00,2024-04-22,5,4,April,Monday,2.21,219.5,24.0,Kitchen,18.79
2024-04-22 06:00:00,2024-04-22,6,4,April,Monday,8.48,228.6,38.6,Office,72.08
2024-04-22 07:00:00,2024-04-22,7,4,April,Monday,8.84,241.1,21.2,Living Room,75.14
2024-04-22 08:00:00,2024-04-22,8,4,April,Monday,8.92,222.1,40.5,AC Unit,75.82
2024-04-22 09:00:00,2024-04-22,9,4,April,Monday,8.6,218.1,20.1,Living Room,73.1
2024-04-22 10:00:00,2024-04-22,10,4,April,Monday,5.4,220.9,24.9,Living Room,45.9
2024-04-22 11:00:00,2024-04-22,11,4,April,Monday,4.2,233.6,40.0,Office,35.7
2024-04-22 12:00:00,2024-04-22,12,4,April,Monday,4.57,232.8,29.9,Kitchen,38.84
2024-04-22 13:00:00,2024-04-22,13,4,April,Monday,4.98,226.3,41.7,Factory Floor,42.33
2024-04-22 14:00:00,2024-04-22,14,4,April,Monday,4.86,228.9,39.3,Kitchen,41.31
2024-04-22 15:00:00,2024-04-22,15,4,April,Monday,3.93,222.2,41.3,AC Unit,33.41
2024-04-22 16:00:00,2024-04-22,16,4,April,Monday,5.13,218.5,37.7,Kitchen,43.6
2024-04-22 17:00:00,2024-04-22,17,4,April,Monday,3.5,239.1,38.7,Factory Floor,29.75
2024-04-22 18:00:00,2024-04-22,18,4,April,Monday,8.96,227.7,39.4,Factory Floor,76.16
2024-04-22 19:00:00,2024-04-22,19,4,April,Monday,11.21,226.7,27.2,Factory Floor,95.29
2024-04-22 20:00:00,2024-04-22,20,4,April,Monday,8.84,235.1,32.5,Office,75.14
2024-04-22 21:00:00,2024-04-22,21,4,April,Monday,10.24,237.0,28.2,AC Unit,87.04
2024-04-22 22:00:00,2024-04-22,22,4,April,Monday,8.25,233.7,26.6,Office,70.12
2024-04-22 23:00:00,2024-04-22,23,4,April,Monday,4.02,226.1,39.6,Factory Floor,34.17
2024-04-23 00:00:00,2024-04-23,0,4,April,Tuesday,2.87,218.6,24.5,Office,24.39
2024-04-23 01:00:00,2024-04-23,1,4,April,Tuesday,2.63,231.5,23.4,Factory Floor,22.36
2024-04-23 02:00:00,2024-04-23,2,4,April,Tuesday,3.18,225.6,25.4,Kitchen,27.03
2024-04-23 03:00:00,2024-04-23,3,4,April,Tuesday,2.82,236.3,31.7,Living Room,23.97
2024-04-23 04:00:00,2024-04-23,4,4,April,Tuesday,2.98,218.2,39.0,Living Room,25.33
2024-04-23 05:00:00,2024-04-23,5,4,April,Tuesday,2.78,226.6,36.4,Kitchen,23.63
2024-04-23 06:00:00,2024-04-23,6,4,April,Tuesday,7.68,225.6,39.9,Factory Floor,65.28
2024-04-23 07:00:00,2024-04-23,7,4,April,Tuesday,9.12,220.4,32.4,Kitchen,77.52
2024-04-23 08:00:00,2024-04-23,8,4,April,Tuesday,7.64,227.8,32.4,Factory Floor,64.94
2024-04-23 09:00:00,2024-04-23,9,4,April,Tuesday,9.51,224.0,22.5,Kitchen,80.83
2024-04-23 10:00:00,2024-04-23,10,4,April,Tuesday,4.92,218.9,39.4,Factory Floor,41.82
2024-04-23 11:00:00,2024-04-23,11,4,April,Tuesday,3.93,218.5,35.1,AC Unit,33.41
2024-04-23 12:00:00,2024-04-23,12,4,April,Tuesday,5.45,222.4,39.7,Factory Floor,46.33
2024-04-23 13:00:00,2024-04-23,13,4,April,Tuesday,5.46,239.3,41.7,AC Unit,46.41
2024-04-23 14:00:00,2024-04-23,14,4,April,Tuesday,3.27,225.2,28.7,Kitchen,27.8
2024-04-23 15:00:00,2024-04-23,15,4,April,Tuesday,4.16,241.0,24.3,AC Unit,35.36
2024-04-23 16:00:00,2024-04-23,16,4,April,Tuesday,4.38,236.9,27.8,Factory Floor,37.23
2024-04-23 17:00:00,2024-04-23,17,4,April,Tuesday,3.92,228.0,23.7,AC Unit,33.32
2024-04-23 18:00:00,2024-04-23,18,4,April,Tuesday,8.85,240.0,30.8,Kitchen,75.22
2024-04-23 19:00:00,2024-04-23,19,4,April,Tuesday,7.99,228.8,29.5,Living Room,67.92
2024-04-23 20:00:00,2024-04-23,20,4,April,Tuesday,10.74,233.8,27.3,Living Room,91.29
2024-04-23 21:00:00,2024-04-23,21,4,April,Tuesday,10.1,235.6,20.4,Factory Floor,85.85
2024-04-23 22:00:00,2024-04-23,22,4,April,Tuesday,9.13,234.7,25.9,Factory Floor,77.61
2024-04-23 23:00:00,2024-04-23,23,4,April,Tuesday,4.47,238.5,37.3,Factory Floor,37.99
2024-04-24 00:00:00,2024-04-24,0,4,April,Wednesday,1.9,224.3,24.2,AC Unit,16.15
2024-04-24 01:00:00,2024-04-24,1,4,April,Wednesday,4.48,220.0,34.7,AC Unit,38.08
2024-04-24 02:00:00,2024-04-24,2,4,April,Wednesday,2.95,221.1,36.8,Kitchen,25.08
2024-04-24 03:00:00,2024-04-24,3,4,April,Wednesday,2.83,237.2,37.1,Living Room,24.05
2024-04-24 04:00:00,2024-04-24,4,4,April,Wednesday,2.82,238.9,33.6,Kitchen,23.97
2024-04-24 05:00:00,2024-04-24,5,4,April,Wednesday,4.32,233.1,27.3,Living Room,36.72
2024-04-24 06:00:00,2024-04-24,6,4,April,Wednesday,8.09,240.0,40.4,Kitchen,68.77
2024-04-24 07:00:00,2024-04-24,7,4,April,Wednesday,8.18,237.0,25.1,Living Room,69.53
2024-04-24 08:00:00,2024-04-24,8,4,April,Wednesday,9.55,222.6,38.0,Factory Floor,81.18
2024-04-24 09:00:00,2024-04-24,9,4,April,Wednesday,8.48,234.2,39.0,Living Room,72.08
2024-04-24 10:00:00,2024-04-24,10,4,April,Wednesday,4.39,219.9,41.4,AC Unit,37.31
2024-04-24 11:00:00,2024-04-24,11,4,April,Wednesday,3.83,241.3,35.4,Living Room,32.55
2024-04-24 12:00:00,2024-04-24,12,4,April,Wednesday,4.23,236.2,25.0,Factory Floor,35.96
2024-04-24 13:00:00,2024-04-24,13,4,April,Wednesday,4.86,232.4,31.1,AC Unit,41.31
2024-04-24 14:00:00,2024-04-24,14,4,April,Wednesday,3.69,226.3,25.3,Living Room,31.36
2024-04-24 15:00:00,2024-04-24,15,4,April,Wednesday,5.28,224.0,36.6,Living Room,44.88
2024-04-24 16:00:00,2024-04-24,16,4,April,Wednesday,3.62,239.7,21.3,Factory Floor,30.77
2024-04-24 17:00:00,2024-04-24,17,4,April,Wednesday,3.92,235.2,20.3,Living Room,33.32
2024-04-24 18:00:00,2024-04-24,18,4,April,Wednesday,10.73,234.8,33.3,Living Room,91.2
2024-04-24 19:00:00,2024-04-24,19,4,April,Wednesday,11.05,226.6,37.8,AC Unit,93.93
2024-04-24 20:00:00,2024-04-24,20,4,April,Wednesday,10.84,242.0,24.2,Office,92.14
2024-04-24 21:00:00,2024-04-24,21,4,April,Wednesday,9.47,239.1,27.1,Factory Floor,80.5
2024-04-24 22:00:00,2024-04-24,22,4,April,Wednesday,11.1,221.4,36.5,Factory Floor,94.35
2024-04-24 23:00:00,2024-04-24,23,4,April,Wednesday,5.77,236.9,28.4,Kitchen,49.04
2024-04-25 00:00:00,2024-04-25,0,4,April,Thursday,2.42,233.9,23.8,Office,20.57
2024-04-25 01:00:00,2024-04-25,1,4,April,Thursday,1.5,229.3,26.0,Kitchen,12.75
2024-04-25 02:00:00,2024-04-25,2,4,April,Thursday,3.07,240.9,32.1,Kitchen,26.09
2024-04-25 03:00:00,2024-04-25,3,4,April,Thursday,3.52,228.4,38.7,Factory Floor,29.92
2024-04-25 04:00:00,2024-04-25,4,4,April,Thursday,2.11,219.6,27.1,Factory Floor,17.93
2024-04-25 05:00:00,2024-04-25,5,4,April,Thursday,2.19,229.9,24.8,Factory Floor,18.61
2024-04-25 06:00:00,2024-04-25,6,4,April,Thursday,6.81,233.1,35.0,Factory Floor,57.88
2024-04-25 07:00:00,2024-04-25,7,4,April,Thursday,9.56,226.2,28.2,Kitchen,81.26
2024-04-25 08:00:00,2024-04-25,8,4,April,Thursday,9.11,228.7,29.2,Kitchen,77.44
2024-04-25 09:00:00,2024-04-25,9,4,April,Thursday,11.12,239.7,33.9,Factory Floor,94.52
2024-04-25 10:00:00,2024-04-25,10,4,April,Thursday,5.13,231.9,27.3,Kitchen,43.6
2024-04-25 11:00:00,2024-04-25,11,4,April,Thursday,5.77,236.8,32.6,Kitchen,49.04
2024-04-25 12:00:00,2024-04-25,12,4,April,Thursday,5.03,237.5,25.5,Office,42.76
2024-04-25 13:00:00,2024-04-25,13,4,April,Thursday,3.96,230.3,22.1,Kitchen,33.66
2024-04-25 14:00:00,2024-04-25,14,4,April,Thursday,4.33,229.8,33.3,AC Unit,36.8
2024-04-25 15:00:00,2024-04-25,15,4,April,Thursday,3.52,222.6,36.9,Kitchen,29.92
2024-04-25 16:00:00,2024-04-25,16,4,April,Thursday,4.51,229.4,24.9,Living Room,38.34
2024-04-25 17:00:00,2024-04-25,17,4,April,Thursday,4.48,229.6,23.2,AC Unit,38.08
2024-04-25 18:00:00,2024-04-25,18,4,April,Thursday,12.11,239.2,24.4,Kitchen,102.94
2024-04-25 19:00:00,2024-04-25,19,4,April,Thursday,12.15,235.6,36.2,Kitchen,103.28
2024-04-25 20:00:00,2024-04-25,20,4,April,Thursday,10.35,227.0,35.4,Living Room,87.97
2024-04-25 21:00:00,2024-04-25,21,4,April,Thursday,8.9,218.7,34.2,Factory Floor,75.65
2024-04-25 22:00:00,2024-04-25,22,4,April,Thursday,9.15,221.5,33.8,Office,77.78
2024-04-25 23:00:00,2024-04-25,23,4,April,Thursday,3.76,225.5,40.6,Factory Floor,31.96
2024-04-26 00:00:00,2024-04-26,0,4,April,Friday,3.59,221.9,22.8,Living Room,30.52
2024-04-26 01:00:00,2024-04-26,1,4,April,Friday,4.16,226.9,26.9,Factory Floor,35.36
2024-04-26 02:00:00,2024-04-26,2,4,April,Friday,3.35,227.5,27.2,Living Room,28.48
2024-04-26 03:00:00,2024-04-26,3,4,April,Friday,2.76,218.9,31.3,Kitchen,23.46
2024-04-26 04:00:00,2024-04-26,4,4,April,Friday,3.5,220.5,23.6,Kitchen,29.75
2024-04-26 05:00:00,2024-04-26,5,4,April,Friday,2.99,219.9,27.6,Living Room,25.42
2024-04-26 06:00:00,2024-04-26,6,4,April,Friday,9.09,233.4,28.7,Kitchen,77.27
2024-04-26 07:00:00,2024-04-26,7,4,April,Friday,8.03,221.8,36.8,AC Unit,68.25
2024-04-26 08:00:00,2024-04-26,8,4,April,Friday,7.48,218.6,34.1,Kitchen,63.58
2024-04-26 09:00:00,2024-04-26,9,4,April,Friday,8.28,240.8,41.0,Kitchen,70.38
2024-04-26 10:00:00,2024-04-26,10,4,April,Friday,4.32,236.1,34.7,Living Room,36.72
2024-04-26 11:00:00,2024-04-26,11,4,April,Friday,4.31,218.6,35.7,Factory Floor,36.63
2024-04-26 12:00:00,2024-04-26,12,4,April,Friday,4.14,232.2,24.6,Office,35.19
2024-04-26 13:00:00,2024-04-26,13,4,April,Friday,4.33,219.9,39.4,Office,36.8
2024-04-26 14:00:00,2024-04-26,14,4,April,Friday,4.96,223.1,31.8,Office,42.16
2024-04-26 15:00:00,2024-04-26,15,4,April,Friday,4.12,230.3,23.5,Kitchen,35.02
2024-04-26 16:00:00,2024-04-26,16,4,April,Friday,4.76,222.7,39.8,Factory Floor,40.46
2024-04-26 17:00:00,2024-04-26,17,4,April,Friday,3.52,218.7,33.3,Office,29.92
2024-04-26 18:00:00,2024-04-26,18,4,April,Friday,10.6,227.3,22.3,Kitchen,90.1
2024-04-26 19:00:00,2024-04-26,19,4,April,Friday,9.69,238.0,34.8,Office,82.36
2024-04-26 20:00:00,2024-04-26,20,4,April,Friday,11.05,233.0,32.5,AC Unit,93.93
2024-04-26 21:00:00,2024-04-26,21,4,April,Friday,7.93,237.9,38.9,Kitchen,67.41
2024-04-26 22:00:00,2024-04-26,22,4,April,Friday,11.16,229.0,28.6,Kitchen,94.86
2024-04-26 23:00:00,2024-04-26,23,4,April,Friday,5.32,232.3,37.5,Kitchen,45.22
2024-04-27 00:00:00,2024-04-27,0,4,April,Saturday,2.14,218.7,21.1,Living Room,18.19
2024-04-27 01:00:00,2024-04-27,1,4,April,Saturday,3.22,227.2,32.5,Kitchen,27.37
2024-04-27 02:00:00,2024-04-27,2,4,April,Saturday,3.28,241.3,36.3,AC Unit,27.88
2024-04-27 03:00:00,2024-04-27,3,4,April,Saturday,2.78,236.5,39.8,AC Unit,23.63
2024-04-27 04:00:00,2024-04-27,4,4,April,Saturday,3.7,241.6,40.1,Living Room,31.45
2024-04-27 05:00:00,2024-04-27,5,4,April,Saturday,3.25,218.7,40.5,Factory Floor,27.62
2024-04-27 06:00:00,2024-04-27,6,4,April,Saturday,7.47,228.9,39.5,Office,63.49
2024-04-27 07:00:00,2024-04-27,7,4,April,Saturday,7.43,219.5,35.2,Kitchen,63.16
2024-04-27 08:00:00,2024-04-27,8,4,April,Saturday,7.58,229.9,38.3,Factory Floor,64.43
2024-04-27 09:00:00,2024-04-27,9,4,April,Saturday,7.45,233.8,41.1,AC Unit,63.33
2024-04-27 10:00:00,2024-04-27,10,4,April,Saturday,5.14,222.9,25.9,AC Unit,43.69
2024-04-27 11:00:00,2024-04-27,11,4,April,Saturday,5.11,234.6,37.8,Living Room,43.44
2024-04-27 12:00:00,2024-04-27,12,4,April,Saturday,5.58,228.4,40.9,Factory Floor,47.43
2024-04-27 13:00:00,2024-04-27,13,4,April,Saturday,5.3,235.8,26.3,Living Room,45.05
2024-04-27 14:00:00,2024-04-27,14,4,April,Saturday,4.65,229.3,23.6,AC Unit,39.53
2024-04-27 15:00:00,2024-04-27,15,4,April,Saturday,4.99,225.7,34.1,Factory Floor,42.41
2024-04-27 16:00:00,2024-04-27,16,4,April,Saturday,3.75,229.2,27.6,AC Unit,31.88
2024-04-27 17:00:00,2024-04-27,17,4,April,Saturday,3.97,239.3,34.9,Factory Floor,33.75
2024-04-27 18:00:00,2024-04-27,18,4,April,Saturday,9.91,239.2,27.3,AC Unit,84.23
2024-04-27 19:00:00,2024-04-27,19,4,April,Saturday,11.02,234.3,39.6,AC Unit,93.67
2024-04-27 20:00:00,2024-04-27,20,4,April,Saturday,11.37,232.4,31.9,Kitchen,96.64
2024-04-27 21:00:00,2024-04-27,21,4,April,Saturday,12.53,237.0,38.1,Factory Floor,106.5
2024-04-27 22:00:00,2024-04-27,22,4,April,Saturday,8.28,230.0,20.9,Living Room,70.38
2024-04-27 23:00:00,2024-04-27,23,4,April,Saturday,4.41,231.2,40.7,Kitchen,37.48
2024-04-28 00:00:00,2024-04-28,0,4,April,Sunday,3.38,225.8,38.4,AC Unit,28.73
2024-04-28 01:00:00,2024-04-28,1,4,April,Sunday,2.9,227.4,32.7,Factory Floor,24.65
2024-04-28 02:00:00,2024-04-28,2,4,April,Sunday,3.51,233.5,23.4,Kitchen,29.83
2024-04-28 03:00:00,2024-04-28,3,4,April,Sunday,4.04,237.2,30.9,Living Room,34.34
2024-04-28 04:00:00,2024-04-28,4,4,April,Sunday,2.67,225.3,24.6,Living Room,22.7
2024-04-28 05:00:00,2024-04-28,5,4,April,Sunday,1.45,225.1,24.6,Living Room,12.32
2024-04-28 06:00:00,2024-04-28,6,4,April,Sunday,7.23,240.7,34.6,Living Room,61.46
2024-04-28 07:00:00,2024-04-28,7,4,April,Sunday,9.08,223.0,29.4,Office,77.18
2024-04-28 08:00:00,2024-04-28,8,4,April,Sunday,10.62,234.3,41.5,Factory Floor,90.27
2024-04-28 09:00:00,2024-04-28,9,4,April,Sunday,7.72,238.7,28.4,Office,65.62
2024-04-28 10:00:00,2024-04-28,10,4,April,Sunday,4.96,232.1,39.4,Factory Floor,42.16
2024-04-28 11:00:00,2024-04-28,11,4,April,Sunday,5.37,241.1,36.7,Living Room,45.65
2024-04-28 12:00:00,2024-04-28,12,4,April,Sunday,4.49,220.0,35.9,Living Room,38.16
2024-04-28 13:00:00,2024-04-28,13,4,April,Sunday,4.66,223.8,41.6,Living Room,39.61
2024-04-28 14:00:00,2024-04-28,14,4,April,Sunday,4.2,234.9,29.9,Office,35.7
2024-04-28 15:00:00,2024-04-28,15,4,April,Sunday,3.83,221.1,39.0,Living Room,32.55
2024-04-28 16:00:00,2024-04-28,16,4,April,Sunday,5.32,230.0,30.2,Office,45.22
2024-04-28 17:00:00,2024-04-28,17,4,April,Sunday,4.7,233.7,21.1,Office,39.95
2024-04-28 18:00:00,2024-04-28,18,4,April,Sunday,8.68,228.8,38.8,Living Room,73.78
2024-04-28 19:00:00,2024-04-28,19,4,April,Sunday,8.93,221.7,38.4,Kitchen,75.91
2024-04-28 20:00:00,2024-04-28,20,4,April,Sunday,9.81,235.9,34.4,Kitchen,83.39
2024-04-28 21:00:00,2024-04-28,21,4,April,Sunday,10.36,226.2,35.0,Factory Floor,88.06
2024-04-28 22:00:00,2024-04-28,22,4,April,Sunday,9.51,239.9,22.2,Kitchen,80.83
2024-04-28 23:00:00,2024-04-28,23,4,April,Sunday,4.24,232.5,20.5,Factory Floor,36.04
2024-04-29 00:00:00,2024-04-29,0,4,April,Monday,3.05,230.6,35.3,Office,25.92
2024-04-29 01:00:00,2024-04-29,1,4,April,Monday,3.12,231.4,29.3,Living Room,26.52
2024-04-29 02:00:00,2024-04-29,2,4,April,Monday,4.33,229.4,31.2,Kitchen,36.8
2024-04-29 03:00:00,2024-04-29,3,4,April,Monday,2.97,221.9,32.5,Kitchen,25.25
2024-04-29 04:00:00,2024-04-29,4,4,April,Monday,3.92,224.3,21.5,Kitchen,33.32
2024-04-29 05:00:00,2024-04-29,5,4,April,Monday,1.69,222.9,26.6,Factory Floor,14.37
2024-04-29 06:00:00,2024-04-29,6,4,April,Monday,6.94,220.7,34.7,Office,58.99
2024-04-29 07:00:00,2024-04-29,7,4,April,Monday,9.01,225.7,25.4,Factory Floor,76.58
2024-04-29 08:00:00,2024-04-29,8,4,April,Monday,9.26,229.5,22.2,Factory Floor,78.71
2024-04-29 09:00:00,2024-04-29,9,4,April,Monday,9.77,219.7,34.7,Office,83.05
2024-04-29 10:00:00,2024-04-29,10,4,April,Monday,4.05,229.5,41.8,Living Room,34.42
2024-04-29 11:00:00,2024-04-29,11,4,April,Monday,4.38,236.1,38.5,AC Unit,37.23
2024-04-29 12:00:00,2024-04-29,12,4,April,Monday,5.7,227.8,36.6,Living Room,48.45
2024-04-29 13:00:00,2024-04-29,13,4,April,Monday,5.52,218.7,34.8,AC Unit,46.92
2024-04-29 14:00:00,2024-04-29,14,4,April,Monday,4.39,238.8,36.5,Kitchen,37.31
2024-04-29 15:00:00,2024-04-29,15,4,April,Monday,4.91,230.2,28.9,Kitchen,41.73
2024-04-29 16:00:00,2024-04-29,16,4,April,Monday,4.0,229.9,21.7,Office,34.0
2024-04-29 17:00:00,2024-04-29,17,4,April,Monday,3.13,220.0,39.6,Kitchen,26.61
2024-04-29 18:00:00,2024-04-29,18,4,April,Monday,10.45,224.7,34.3,AC Unit,88.82
2024-04-29 19:00:00,2024-04-29,19,4,April,Monday,9.61,225.4,40.9,Office,81.69
2024-04-29 20:00:00,2024-04-29,20,4,April,Monday,11.31,232.1,32.3,Office,96.14
2024-04-29 21:00:00,2024-04-29,21,4,April,Monday,11.11,226.1,35.2,AC Unit,94.44
2024-04-29 22:00:00,2024-04-29,22,4,April,Monday,10.43,233.1,40.6,AC Unit,88.66
2024-04-29 23:00:00,2024-04-29,23,4,April,Monday,4.42,240.2,27.1,Kitchen,37.57
2024-04-30 00:00:00,2024-04-30,0,4,April,Tuesday,2.44,237.8,31.4,Factory Floor,20.74
2024-04-30 01:00:00,2024-04-30,1,4,April,Tuesday,3.59,222.5,33.5,Kitchen,30.52
2024-04-30 02:00:00,2024-04-30,2,4,April,Tuesday,2.76,234.5,35.7,Office,23.46
2024-04-30 03:00:00,2024-04-30,3,4,April,Tuesday,3.86,222.2,35.9,AC Unit,32.81
2024-04-30 04:00:00,2024-04-30,4,4,April,Tuesday,2.56,237.9,24.0,Factory Floor,21.76
2024-04-30 05:00:00,2024-04-30,5,4,April,Tuesday,3.13,240.4,30.1,AC Unit,26.61
2024-04-30 06:00:00,2024-04-30,6,4,April,Tuesday,7.9,241.2,37.9,Factory Floor,67.15
2024-04-30 07:00:00,2024-04-30,7,4,April,Tuesday,7.32,240.3,30.0,Office,62.22
2024-04-30 08:00:00,2024-04-30,8,4,April,Tuesday,8.87,222.8,21.1,Factory Floor,75.39
2024-04-30 09:00:00,2024-04-30,9,4,April,Tuesday,8.97,228.5,26.9,Kitchen,76.25
2024-04-30 10:00:00,2024-04-30,10,4,April,Tuesday,3.72,237.2,21.2,Living Room,31.62
2024-04-30 11:00:00,2024-04-30,11,4,April,Tuesday,4.1,224.4,37.2,Factory Floor,34.85
2024-04-30 12:00:00,2024-04-30,12,4,April,Tuesday,4.3,231.6,20.2,AC Unit,36.55
2024-04-30 13:00:00,2024-04-30,13,4,April,Tuesday,5.67,224.8,25.3,Kitchen,48.2
2024-04-30 14:00:00,2024-04-30,14,4,April,Tuesday,4.81,224.4,32.2,Kitchen,40.88
2024-04-30 15:00:00,2024-04-30,15,4,April,Tuesday,3.86,225.6,24.8,Factory Floor,32.81
2024-04-30 16:00:00,2024-04-30,16,4,April,Tuesday,4.02,240.9,22.0,Office,34.17
2024-04-30 17:00:00,2024-04-30,17,4,April,Tuesday,5.23,229.7,22.1,Factory Floor,44.46
2024-04-30 18:00:00,2024-04-30,18,4,April,Tuesday,8.97,222.2,24.8,Living Room,76.25
2024-04-30 19:00:00,2024-04-30,19,4,April,Tuesday,8.79,238.7,38.7,Factory Floor,74.71
2024-04-30 20:00:00,2024-04-30,20,4,April,Tuesday,8.14,235.1,29.7,Factory Floor,69.19
2024-04-30 21:00:00,2024-04-30,21,4,April,Tuesday,11.93,236.4,24.5,Factory Floor,101.41
2024-04-30 22:00:00,2024-04-30,22,4,April,Tuesday,10.84,218.5,31.2,Factory Floor,92.14
2024-04-30 23:00:00,2024-04-30,23,4,April,Tuesday,5.28,227.0,35.5,Office,44.88
2024-05-01 00:00:00,2024-05-01,0,5,May,Wednesday,2.7,227.7,24.8,AC Unit,22.95
2024-05-01 01:00:00,2024-05-01,1,5,May,Wednesday,2.38,223.5,33.2,Factory Floor,20.23
2024-05-01 02:00:00,2024-05-01,2,5,May,Wednesday,2.98,233.5,21.4,Living Room,25.33
2024-05-01 03:00:00,2024-05-01,3,5,May,Wednesday,2.68,229.8,35.9,Factory Floor,22.78
2024-05-01 04:00:00,2024-05-01,4,5,May,Wednesday,2.65,226.8,41.9,Factory Floor,22.52
2024-05-01 05:00:00,2024-05-01,5,5,May,Wednesday,2.87,230.4,31.7,Kitchen,24.39
2024-05-01 06:00:00,2024-05-01,6,5,May,Wednesday,10.86,236.3,22.0,Kitchen,92.31
2024-05-01 07:00:00,2024-05-01,7,5,May,Wednesday,7.72,219.9,40.5,Factory Floor,65.62
2024-05-01 08:00:00,2024-05-01,8,5,May,Wednesday,7.17,238.9,24.1,Factory Floor,60.95
2024-05-01 09:00:00,2024-05-01,9,5,May,Wednesday,8.21,220.2,21.1,Kitchen,69.79
2024-05-01 10:00:00,2024-05-01,10,5,May,Wednesday,4.05,228.2,23.7,Living Room,34.42
2024-05-01 11:00:00,2024-05-01,11,5,May,Wednesday,4.81,235.1,21.5,Living Room,40.88
2024-05-01 12:00:00,2024-05-01,12,5,May,Wednesday,4.32,230.8,37.1,Office,36.72
2024-05-01 13:00:00,2024-05-01,13,5,May,Wednesday,5.24,221.7,40.5,Kitchen,44.54
2024-05-01 14:00:00,2024-05-01,14,5,May,Wednesday,4.9,222.1,26.0,Living Room,41.65
2024-05-01 15:00:00,2024-05-01,15,5,May,Wednesday,4.9,227.5,23.7,Factory Floor,41.65
2024-05-01 16:00:00,2024-05-01,16,5,May,Wednesday,3.44,238.7,38.4,Office,29.24
2024-05-01 17:00:00,2024-05-01,17,5,May,Wednesday,5.03,228.9,35.6,Kitchen,42.76
2024-05-01 18:00:00,2024-05-01,18,5,May,Wednesday,8.9,241.6,23.0,AC Unit,75.65
2024-05-01 19:00:00,2024-05-01,19,5,May,Wednesday,11.12,227.5,31.9,Factory Floor,94.52
2024-05-01 20:00:00,2024-05-01,20,5,May,Wednesday,12.14,230.5,37.3,Office,103.19
2024-05-01 21:00:00,2024-05-01,21,5,May,Wednesday,12.12,230.6,29.0,Office,103.02
2024-05-01 22:00:00,2024-05-01,22,5,May,Wednesday,10.72,219.8,41.9,AC Unit,91.12
2024-05-01 23:00:00,2024-05-01,23,5,May,Wednesday,4.14,227.2,26.6,Living Room,35.19
2024-05-02 00:00:00,2024-05-02,0,5,May,Thursday,2.1,228.5,34.0,Kitchen,17.85
2024-05-02 01:00:00,2024-05-02,1,5,May,Thursday,3.49,221.4,37.5,Factory Floor,29.67
2024-05-02 02:00:00,2024-05-02,2,5,May,Thursday,2.02,228.5,30.7,Factory Floor,17.17
2024-05-02 03:00:00,2024-05-02,3,5,May,Thursday,2.23,221.1,41.1,Kitchen,18.95
2024-05-02 04:00:00,2024-05-02,4,5,May,Thursday,3.77,225.1,21.2,Factory Floor,32.05
2024-05-02 05:00:00,2024-05-02,5,5,May,Thursday,3.74,219.9,26.5,Office,31.79
2024-05-02 06:00:00,2024-05-02,6,5,May,Thursday,8.72,238.3,21.5,AC Unit,74.12
2024-05-02 07:00:00,2024-05-02,7,5,May,Thursday,8.59,241.8,23.2,Office,73.02
2024-05-02 08:00:00,2024-05-02,8,5,May,Thursday,7.08,230.5,20.5,Factory Floor,60.18
2024-05-02 09:00:00,2024-05-02,9,5,May,Thursday,8.57,225.8,28.1,Office,72.84
2024-05-02 10:00:00,2024-05-02,10,5,May,Thursday,5.05,236.2,29.5,Office,42.92
2024-05-02 11:00:00,2024-05-02,11,5,May,Thursday,3.85,235.5,32.5,Living Room,32.73
2024-05-02 12:00:00,2024-05-02,12,5,May,Thursday,5.15,237.8,27.3,Factory Floor,43.78
2024-05-02 13:00:00,2024-05-02,13,5,May,Thursday,5.1,221.5,36.8,Kitchen,43.35
2024-05-02 14:00:00,2024-05-02,14,5,May,Thursday,3.57,227.5,20.9,AC Unit,30.34
2024-05-02 15:00:00,2024-05-02,15,5,May,Thursday,3.16,228.0,24.3,Kitchen,26.86
2024-05-02 16:00:00,2024-05-02,16,5,May,Thursday,4.42,241.8,24.6,Living Room,37.57
2024-05-02 17:00:00,2024-05-02,17,5,May,Thursday,3.36,235.5,37.3,Kitchen,28.56
2024-05-02 18:00:00,2024-05-02,18,5,May,Thursday,11.76,229.8,21.8,Factory Floor,99.96
2024-05-02 19:00:00,2024-05-02,19,5,May,Thursday,11.66,226.9,30.3,AC Unit,99.11
2024-05-02 20:00:00,2024-05-02,20,5,May,Thursday,11.31,235.8,33.9,AC Unit,96.14
2024-05-02 21:00:00,2024-05-02,21,5,May,Thursday,11.28,232.2,35.0,Office,95.88
2024-05-02 22:00:00,2024-05-02,22,5,May,Thursday,11.42,228.4,26.0,Office,97.07
2024-05-02 23:00:00,2024-05-02,23,5,May,Thursday,4.57,241.8,21.1,Office,38.84
2024-05-03 00:00:00,2024-05-03,0,5,May,Friday,3.53,221.6,24.9,Kitchen,30.0
2024-05-03 01:00:00,2024-05-03,1,5,May,Friday,2.52,240.2,35.3,Office,21.42
2024-05-03 02:00:00,2024-05-03,2,5,May,Friday,3.54,225.9,21.8,Kitchen,30.09
2024-05-03 03:00:00,2024-05-03,3,5,May,Friday,3.94,236.6,40.4,Living Room,33.49
2024-05-03 04:00:00,2024-05-03,4,5,May,Friday,3.35,229.4,20.7,AC Unit,28.48
2024-05-03 05:00:00,2024-05-03,5,5,May,Friday,3.23,229.8,41.1,Office,27.45
2024-05-03 06:00:00,2024-05-03,6,5,May,Friday,7.74,223.8,37.7,AC Unit,65.79
2024-05-03 07:00:00,2024-05-03,7,5,May,Friday,7.51,220.0,21.8,Living Room,63.84
2024-05-03 08:00:00,2024-05-03,8,5,May,Friday,8.2,240.4,37.5,Kitchen,69.7
2024-05-03 09:00:00,2024-05-03,9,5,May,Friday,9.16,221.2,41.6,AC Unit,77.86
2024-05-03 10:00:00,2024-05-03,10,5,May,Friday,5.28,234.8,34.7,Living Room,44.88
2024-05-03 11:00:00,2024-05-03,11,5,May,Friday,3.97,225.9,20.9,Office,33.75
2024-05-03 12:00:00,2024-05-03,12,5,May,Friday,3.2,218.0,40.3,Kitchen,27.2
2024-05-03 13:00:00,2024-05-03,13,5,May,Friday,5.62,229.8,25.9,AC Unit,47.77
2024-05-03 14:00:00,2024-05-03,14,5,May,Friday,4.76,238.0,26.3,Living Room,40.46
2024-05-03 15:00:00,2024-05-03,15,5,May,Friday,4.78,221.8,37.1,Office,40.63
2024-05-03 16:00:00,2024-05-03,16,5,May,Friday,3.8,234.5,20.7,AC Unit,32.3
2024-05-03 17:00:00,2024-05-03,17,5,May,Friday,5.02,237.4,27.9,Office,42.67
2024-05-03 18:00:00,2024-05-03,18,5,May,Friday,10.35,228.0,40.5,AC Unit,87.97
2024-05-03 19:00:00,2024-05-03,19,5,May,Friday,10.55,234.9,20.8,Living Room,89.68
2024-05-03 20:00:00,2024-05-03,20,5,May,Friday,9.69,228.8,23.3,Living Room,82.36
2024-05-03 21:00:00,2024-05-03,21,5,May,Friday,9.12,223.7,30.6,Factory Floor,77.52
2024-05-03 22:00:00,2024-05-03,22,5,May,Friday,9.72,231.3,32.9,Kitchen,82.62
2024-05-03 23:00:00,2024-05-03,23,5,May,Friday,5.45,226.7,28.6,AC Unit,46.33
2024-05-04 00:00:00,2024-05-04,0,5,May,Saturday,2.85,224.1,24.1,Factory Floor,24.23
2024-05-04 01:00:00,2024-05-04,1,5,May,Saturday,4.25,238.7,29.9,AC Unit,36.12
2024-05-04 02:00:00,2024-05-04,2,5,May,Saturday,3.33,241.0,36.5,Kitchen,28.3
2024-05-04 03:00:00,2024-05-04,3,5,May,Saturday,4.51,228.0,30.7,AC Unit,38.34
2024-05-04 04:00:00,2024-05-04,4,5,May,Saturday,3.86,232.5,41.1,Kitchen,32.81
2024-05-04 05:00:00,2024-05-04,5,5,May,Saturday,2.89,233.2,35.7,Office,24.57
2024-05-04 06:00:00,2024-05-04,6,5,May,Saturday,7.61,237.8,31.0,Kitchen,64.69
2024-05-04 07:00:00,2024-05-04,7,5,May,Saturday,8.66,235.9,26.0,Factory Floor,73.61
2024-05-04 08:00:00,2024-05-04,8,5,May,Saturday,11.27,232.7,29.6,Living Room,95.8
2024-05-04 09:00:00,2024-05-04,9,5,May,Saturday,9.35,230.9,36.6,Living Room,79.47
2024-05-04 10:00:00,2024-05-04,10,5,May,Saturday,3.59,232.1,41.2,Living Room,30.52
2024-05-04 11:00:00,2024-05-04,11,5,May,Saturday,4.83,240.3,40.1,Office,41.05
2024-05-04 12:00:00,2024-05-04,12,5,May,Saturday,5.07,238.0,24.9,AC Unit,43.09
2024-05-04 13:00:00,2024-05-04,13,5,May,Saturday,4.25,218.9,25.0,Office,36.12
2024-05-04 14:00:00,2024-05-04,14,5,May,Saturday,3.77,230.7,20.9,Factory Floor,32.05
2024-05-04 15:00:00,2024-05-04,15,5,May,Saturday,3.48,219.1,21.7,AC Unit,29.58
2024-05-04 16:00:00,2024-05-04,16,5,May,Saturday,4.97,240.6,20.4,AC Unit,42.24
2024-05-04 17:00:00,2024-05-04,17,5,May,Saturday,5.2,229.9,32.8,Office,44.2
2024-05-04 18:00:00,2024-05-04,18,5,May,Saturday,10.34,223.6,41.8,Office,87.89
2024-05-04 19:00:00,2024-05-04,19,5,May,Saturday,10.91,218.3,29.4,AC Unit,92.73
2024-05-04 20:00:00,2024-05-04,20,5,May,Saturday,11.5,221.1,36.5,AC Unit,97.75
2024-05-04 21:00:00,2024-05-04,21,5,May,Saturday,8.52,221.9,29.4,Kitchen,72.42
2024-05-04 22:00:00,2024-05-04,22,5,May,Saturday,10.26,241.9,35.2,Living Room,87.21
2024-05-04 23:00:00,2024-05-04,23,5,May,Saturday,3.31,220.9,40.6,Kitchen,28.14
2024-05-05 00:00:00,2024-05-05,0,5,May,Sunday,4.23,224.5,23.9,Factory Floor,35.96
2024-05-05 01:00:00,2024-05-05,1,5,May,Sunday,3.5,230.8,31.2,Factory Floor,29.75
2024-05-05 02:00:00,2024-05-05,2,5,May,Sunday,1.97,236.9,27.8,Factory Floor,16.75
2024-05-05 03:00:00,2024-05-05,3,5,May,Sunday,2.53,218.4,40.1,Living Room,21.5
2024-05-05 04:00:00,2024-05-05,4,5,May,Sunday,1.67,230.5,35.2,Kitchen,14.2
2024-05-05 05:00:00,2024-05-05,5,5,May,Sunday,4.0,218.7,38.8,Factory Floor,34.0
2024-05-05 06:00:00,2024-05-05,6,5,May,Sunday,8.15,223.1,24.2,Factory Floor,69.28
2024-05-05 07:00:00,2024-05-05,7,5,May,Sunday,9.88,241.8,25.0,Factory Floor,83.98
2024-05-05 08:00:00,2024-05-05,8,5,May,Sunday,8.91,226.9,39.8,Living Room,75.73
2024-05-05 09:00:00,2024-05-05,9,5,May,Sunday,7.72,241.7,40.5,AC Unit,65.62
2024-05-05 10:00:00,2024-05-05,10,5,May,Sunday,4.67,241.3,39.0,Living Room,39.7
2024-05-05 11:00:00,2024-05-05,11,5,May,Sunday,3.36,230.5,36.9,Office,28.56
2024-05-05 12:00:00,2024-05-05,12,5,May,Sunday,3.77,241.9,36.0,AC Unit,32.05
2024-05-05 13:00:00,2024-05-05,13,5,May,Sunday,4.05,236.9,34.0,Kitchen,34.42
2024-05-05 14:00:00,2024-05-05,14,5,May,Sunday,4.45,225.0,38.9,Living Room,37.83
2024-05-05 15:00:00,2024-05-05,15,5,May,Sunday,5.54,242.0,35.3,Factory Floor,47.09
2024-05-05 16:00:00,2024-05-05,16,5,May,Sunday,5.28,238.4,41.6,Office,44.88
2024-05-05 17:00:00,2024-05-05,17,5,May,Sunday,4.23,235.7,29.0,Living Room,35.96
2024-05-05 18:00:00,2024-05-05,18,5,May,Sunday,12.29,238.9,40.5,Office,104.46
2024-05-05 19:00:00,2024-05-05,19,5,May,Sunday,9.71,241.4,36.9,AC Unit,82.54
2024-05-05 20:00:00,2024-05-05,20,5,May,Sunday,11.13,237.2,25.1,AC Unit,94.61
2024-05-05 21:00:00,2024-05-05,21,5,May,Sunday,10.52,239.9,21.8,Office,89.42
2024-05-05 22:00:00,2024-05-05,22,5,May,Sunday,13.03,239.8,34.5,Living Room,110.75
2024-05-05 23:00:00,2024-05-05,23,5,May,Sunday,5.54,219.0,40.2,Factory Floor,47.09
2024-05-06 00:00:00,2024-05-06,0,5,May,Monday,3.31,221.3,22.1,Office,28.14
2024-05-06 01:00:00,2024-05-06,1,5,May,Monday,3.82,237.4,28.9,Living Room,32.47
2024-05-06 02:00:00,2024-05-06,2,5,May,Monday,3.48,237.1,21.8,Kitchen,29.58
2024-05-06 03:00:00,2024-05-06,3,5,May,Monday,4.35,220.5,37.9,Factory Floor,36.97
2024-05-06 04:00:00,2024-05-06,4,5,May,Monday,3.37,241.0,39.0,Office,28.64
2024-05-06 05:00:00,2024-05-06,5,5,May,Monday,3.26,239.0,32.7,Kitchen,27.71
2024-05-06 06:00:00,2024-05-06,6,5,May,Monday,8.38,232.7,28.5,Office,71.23
2024-05-06 07:00:00,2024-05-06,7,5,May,Monday,8.12,227.9,32.7,AC Unit,69.02
2024-05-06 08:00:00,2024-05-06,8,5,May,Monday,8.58,228.1,34.3,Factory Floor,72.93
2024-05-06 09:00:00,2024-05-06,9,5,May,Monday,6.82,235.9,35.2,Office,57.97
2024-05-06 10:00:00,2024-05-06,10,5,May,Monday,4.01,220.9,34.8,Kitchen,34.09
2024-05-06 11:00:00,2024-05-06,11,5,May,Monday,4.65,224.0,21.0,Living Room,39.53
2024-05-06 12:00:00,2024-05-06,12,5,May,Monday,4.5,223.2,41.1,Office,38.25
2024-05-06 13:00:00,2024-05-06,13,5,May,Monday,3.22,220.7,35.3,Factory Floor,27.37
2024-05-06 14:00:00,2024-05-06,14,5,May,Monday,3.42,221.5,35.9,Living Room,29.07
2024-05-06 15:00:00,2024-05-06,15,5,May,Monday,5.06,227.9,34.5,AC Unit,43.01
2024-05-06 16:00:00,2024-05-06,16,5,May,Monday,4.09,233.2,24.5,AC Unit,34.77
2024-05-06 17:00:00,2024-05-06,17,5,May,Monday,4.04,240.7,25.3,Factory Floor,34.34
2024-05-06 18:00:00,2024-05-06,18,5,May,Monday,11.92,228.4,23.5,Living Room,101.32
2024-05-06 19:00:00,2024-05-06,19,5,May,Monday,11.25,220.6,26.3,AC Unit,95.62
2024-05-06 20:00:00,2024-05-06,20,5,May,Monday,8.98,236.9,31.7,Office,76.33
2024-05-06 21:00:00,2024-05-06,21,5,May,Monday,9.65,222.8,39.0,Factory Floor,82.03
2024-05-06 22:00:00,2024-05-06,22,5,May,Monday,11.87,228.5,22.9,Kitchen,100.89
2024-05-06 23:00:00,2024-05-06,23,5,May,Monday,4.68,241.7,32.1,Kitchen,39.78
2024-05-07 00:00:00,2024-05-07,0,5,May,Tuesday,3.85,234.6,26.0,Office,32.73
2024-05-07 01:00:00,2024-05-07,1,5,May,Tuesday,2.71,231.6,39.5,Kitchen,23.04
2024-05-07 02:00:00,2024-05-07,2,5,May,Tuesday,1.85,241.0,40.5,Office,15.73
2024-05-07 03:00:00,2024-05-07,3,5,May,Tuesday,4.2,233.1,41.5,Living Room,35.7
2024-05-07 04:00:00,2024-05-07,4,5,May,Tuesday,2.66,236.5,29.2,AC Unit,22.61
2024-05-07 05:00:00,2024-05-07,5,5,May,Tuesday,2.49,225.4,36.8,AC Unit,21.17
2024-05-07 06:00:00,2024-05-07,6,5,May,Tuesday,8.83,227.6,38.5,Office,75.06
2024-05-07 07:00:00,2024-05-07,7,5,May,Tuesday,8.79,233.0,39.6,AC Unit,74.71
2024-05-07 08:00:00,2024-05-07,8,5,May,Tuesday,7.28,223.8,27.3,Kitchen,61.88
2024-05-07 09:00:00,2024-05-07,9,5,May,Tuesday,9.11,220.5,39.7,Kitchen,77.44
2024-05-07 10:00:00,2024-05-07,10,5,May,Tuesday,3.87,229.2,31.8,Living Room,32.9
2024-05-07 11:00:00,2024-05-07,11,5,May,Tuesday,4.2,231.2,35.8,Kitchen,35.7
2024-05-07 12:00:00,2024-05-07,12,5,May,Tuesday,4.69,220.3,25.6,Office,39.87
2024-05-07 13:00:00,2024-05-07,13,5,May,Tuesday,4.81,233.4,39.6,Kitchen,40.88
2024-05-07 14:00:00,2024-05-07,14,5,May,Tuesday,4.11,232.7,22.1,AC Unit,34.94
2024-05-07 15:00:00,2024-05-07,15,5,May,Tuesday,5.12,233.1,36.7,Living Room,43.52
2024-05-07 16:00:00,2024-05-07,16,5,May,Tuesday,4.23,222.0,36.7,Living Room,35.96
2024-05-07 17:00:00,2024-05-07,17,5,May,Tuesday,5.34,241.8,37.5,AC Unit,45.39
2024-05-07 18:00:00,2024-05-07,18,5,May,Tuesday,8.64,231.8,20.0,AC Unit,73.44
2024-05-07 19:00:00,2024-05-07,19,5,May,Tuesday,12.8,221.9,36.3,Office,108.8
2024-05-07 20:00:00,2024-05-07,20,5,May,Tuesday,7.81,221.8,36.2,Kitchen,66.38
2024-05-07 21:00:00,2024-05-07,21,5,May,Tuesday,8.33,229.1,34.6,Kitchen,70.81
2024-05-07 22:00:00,2024-05-07,22,5,May,Tuesday,10.26,235.4,28.1,AC Unit,87.21
2024-05-07 23:00:00,2024-05-07,23,5,May,Tuesday,5.1,234.5,38.3,Kitchen,43.35
2024-05-08 00:00:00,2024-05-08,0,5,May,Wednesday,1.92,230.8,35.1,Factory Floor,16.32
2024-05-08 01:00:00,2024-05-08,1,5,May,Wednesday,3.63,221.7,22.4,Kitchen,30.86
2024-05-08 02:00:00,2024-05-08,2,5,May,Wednesday,2.35,235.1,39.4,Office,19.98
2024-05-08 03:00:00,2024-05-08,3,5,May,Wednesday,3.81,240.0,41.7,Factory Floor,32.38
2024-05-08 04:00:00,2024-05-08,4,5,May,Wednesday,4.37,231.6,41.0,Factory Floor,37.15
2024-05-08 05:00:00,2024-05-08,5,5,May,Wednesday,3.95,225.6,33.3,Living Room,33.58
2024-05-08 06:00:00,2024-05-08,6,5,May,Wednesday,7.95,229.2,22.0,Office,67.58
2024-05-08 07:00:00,2024-05-08,7,5,May,Wednesday,8.64,223.5,35.4,Living Room,73.44
2024-05-08 08:00:00,2024-05-08,8,5,May,Wednesday,9.12,235.1,38.0,Living Room,77.52
2024-05-08 09:00:00,2024-05-08,9,5,May,Wednesday,8.86,221.0,40.0,Office,75.31
2024-05-08 10:00:00,2024-05-08,10,5,May,Wednesday,5.26,219.8,31.9,Living Room,44.71
2024-05-08 11:00:00,2024-05-08,11,5,May,Wednesday,4.22,224.2,27.3,Kitchen,35.87
2024-05-08 12:00:00,2024-05-08,12,5,May,Wednesday,4.7,229.8,38.4,Kitchen,39.95
2024-05-08 13:00:00,2024-05-08,13,5,May,Wednesday,4.83,233.3,31.4,Office,41.05
2024-05-08 14:00:00,2024-05-08,14,5,May,Wednesday,4.31,233.2,21.8,AC Unit,36.63
2024-05-08 15:00:00,2024-05-08,15,5,May,Wednesday,4.6,241.8,27.4,Living Room,39.1
2024-05-08 16:00:00,2024-05-08,16,5,May,Wednesday,5.31,236.6,35.2,Living Room,45.13
2024-05-08 17:00:00,2024-05-08,17,5,May,Wednesday,3.33,235.8,34.0,Living Room,28.3
2024-05-08 18:00:00,2024-05-08,18,5,May,Wednesday,8.66,220.4,37.2,Office,73.61
2024-05-08 19:00:00,2024-05-08,19,5,May,Wednesday,10.34,241.2,20.6,Kitchen,87.89
2024-05-08 20:00:00,2024-05-08,20,5,May,Wednesday,12.25,237.1,31.1,AC Unit,104.12
2024-05-08 21:00:00,2024-05-08,21,5,May,Wednesday,10.62,237.5,33.2,Office,90.27
2024-05-08 22:00:00,2024-05-08,22,5,May,Wednesday,10.26,236.4,23.3,AC Unit,87.21
2024-05-08 23:00:00,2024-05-08,23,5,May,Wednesday,4.79,225.5,30.3,Office,40.72
2024-05-09 00:00:00,2024-05-09,0,5,May,Thursday,2.22,218.1,25.7,Kitchen,18.87
2024-05-09 01:00:00,2024-05-09,1,5,May,Thursday,2.98,235.4,26.1,Kitchen,25.33
2024-05-09 02:00:00,2024-05-09,2,5,May,Thursday,2.96,221.6,25.9,Kitchen,25.16
2024-05-09 03:00:00,2024-05-09,3,5,May,Thursday,1.8,225.4,23.7,Office,15.3
2024-05-09 04:00:00,2024-05-09,4,5,May,Thursday,2.42,233.0,21.2,Kitchen,20.57
2024-05-09 05:00:00,2024-05-09,5,5,May,Thursday,3.58,229.0,27.8,Living Room,30.43
2024-05-09 06:00:00,2024-05-09,6,5,May,Thursday,10.83,238.5,31.6,Kitchen,92.06
2024-05-09 07:00:00,2024-05-09,7,5,May,Thursday,6.78,220.9,28.6,Office,57.63
2024-05-09 08:00:00,2024-05-09,8,5,May,Thursday,8.01,218.1,33.8,AC Unit,68.08
2024-05-09 09:00:00,2024-05-09,9,5,May,Thursday,10.72,229.4,39.4,Kitchen,91.12
2024-05-09 10:00:00,2024-05-09,10,5,May,Thursday,4.41,236.3,31.6,Living Room,37.48
2024-05-09 11:00:00,2024-05-09,11,5,May,Thursday,4.04,234.2,23.1,Factory Floor,34.34
2024-05-09 12:00:00,2024-05-09,12,5,May,Thursday,4.53,222.1,32.6,AC Unit,38.51
2024-05-09 13:00:00,2024-05-09,13,5,May,Thursday,3.97,223.8,29.2,Kitchen,33.75
2024-05-09 14:00:00,2024-05-09,14,5,May,Thursday,4.46,230.7,24.7,AC Unit,37.91
2024-05-09 15:00:00,2024-05-09,15,5,May,Thursday,5.17,229.1,20.9,Factory Floor,43.95
2024-05-09 16:00:00,2024-05-09,16,5,May,Thursday,4.57,227.4,27.8,AC Unit,38.84
2024-05-09 17:00:00,2024-05-09,17,5,May,Thursday,5.38,219.0,28.9,Kitchen,45.73
2024-05-09 18:00:00,2024-05-09,18,5,May,Thursday,11.17,222.5,24.2,Living Room,94.94
2024-05-09 19:00:00,2024-05-09,19,5,May,Thursday,10.92,237.0,39.0,Office,92.82
2024-05-09 20:00:00,2024-05-09,20,5,May,Thursday,11.44,240.0,37.0,Living Room,97.24
2024-05-09 21:00:00,2024-05-09,21,5,May,Thursday,10.09,222.3,41.6,AC Unit,85.77
2024-05-09 22:00:00,2024-05-09,22,5,May,Thursday,10.78,234.7,34.8,AC Unit,91.63
2024-05-09 23:00:00,2024-05-09,23,5,May,Thursday,3.76,219.4,38.8,Kitchen,31.96
2024-05-10 00:00:00,2024-05-10,0,5,May,Friday,3.2,237.8,24.3,Office,27.2
2024-05-10 01:00:00,2024-05-10,1,5,May,Friday,3.08,227.5,24.9,Kitchen,26.18
2024-05-10 02:00:00,2024-05-10,2,5,May,Friday,2.09,228.9,30.3,Living Room,17.77
2024-05-10 03:00:00,2024-05-10,3,5,May,Friday,2.87,232.2,33.9,Kitchen,24.39
2024-05-10 04:00:00,2024-05-10,4,5,May,Friday,2.42,242.0,20.9,Factory Floor,20.57
2024-05-10 05:00:00,2024-05-10,5,5,May,Friday,3.55,240.0,33.5,Office,30.17
2024-05-10 06:00:00,2024-05-10,6,5,May,Friday,10.4,220.3,41.1,Factory Floor,88.4
2024-05-10 07:00:00,2024-05-10,7,5,May,Friday,10.3,218.2,40.1,Kitchen,87.55
2024-05-10 08:00:00,2024-05-10,8,5,May,Friday,10.48,220.6,37.1,Living Room,89.08
2024-05-10 09:00:00,2024-05-10,9,5,May,Friday,9.85,218.3,35.1,AC Unit,83.72
2024-05-10 10:00:00,2024-05-10,10,5,May,Friday,4.65,224.3,26.2,Office,39.53
2024-05-10 11:00:00,2024-05-10,11,5,May,Friday,3.96,228.0,20.1,Office,33.66
2024-05-10 12:00:00,2024-05-10,12,5,May,Friday,4.75,232.6,27.6,Living Room,40.38
2024-05-10 13:00:00,2024-05-10,13,5,May,Friday,3.76,237.4,39.2,Office,31.96
2024-05-10 14:00:00,2024-05-10,14,5,May,Friday,4.11,223.4,28.7,Factory Floor,34.94
2024-05-10 15:00:00,2024-05-10,15,5,May,Friday,3.71,221.3,41.9,Kitchen,31.54
2024-05-10 16:00:00,2024-05-10,16,5,May,Friday,4.06,240.6,33.3,Office,34.51
2024-05-10 17:00:00,2024-05-10,17,5,May,Friday,3.54,224.6,27.4,Living Room,30.09
2024-05-10 18:00:00,2024-05-10,18,5,May,Friday,9.93,238.6,26.5,Office,84.41
2024-05-10 19:00:00,2024-05-10,19,5,May,Friday,11.07,226.8,20.5,AC Unit,94.09
2024-05-10 20:00:00,2024-05-10,20,5,May,Friday,10.25,241.2,36.4,Office,87.12
2024-05-10 21:00:00,2024-05-10,21,5,May,Friday,10.14,236.7,20.4,Living Room,86.19
2024-05-10 22:00:00,2024-05-10,22,5,May,Friday,12.58,239.2,27.9,Factory Floor,106.93
2024-05-10 23:00:00,2024-05-10,23,5,May,Friday,4.86,238.9,20.6,Kitchen,41.31
2024-05-11 00:00:00,2024-05-11,0,5,May,Saturday,2.4,223.1,41.0,Kitchen,20.4
2024-05-11 01:00:00,2024-05-11,1,5,May,Saturday,2.48,228.3,32.1,Factory Floor,21.08
2024-05-11 02:00:00,2024-05-11,2,5,May,Saturday,3.25,228.2,32.4,Kitchen,27.62
2024-05-11 03:00:00,2024-05-11,3,5,May,Saturday,4.18,225.0,41.2,Living Room,35.53
2024-05-11 04:00:00,2024-05-11,4,5,May,Saturday,3.56,230.7,29.8,Kitchen,30.26
2024-05-11 05:00:00,2024-05-11,5,5,May,Saturday,3.0,239.9,36.2,Office,25.5
2024-05-11 06:00:00,2024-05-11,6,5,May,Saturday,6.74,227.0,35.9,Living Room,57.29
2024-05-11 07:00:00,2024-05-11,7,5,May,Saturday,7.74,218.4,38.1,Office,65.79
2024-05-11 08:00:00,2024-05-11,8,5,May,Saturday,8.94,237.3,26.3,Kitchen,75.99
2024-05-11 09:00:00,2024-05-11,9,5,May,Saturday,10.69,224.1,37.8,Factory Floor,90.86
2024-05-11 10:00:00,2024-05-11,10,5,May,Saturday,5.22,233.0,33.8,Office,44.37
2024-05-11 11:00:00,2024-05-11,11,5,May,Saturday,4.52,236.7,26.5,Office,38.42
2024-05-11 12:00:00,2024-05-11,12,5,May,Saturday,5.04,235.9,34.9,Factory Floor,42.84
2024-05-11 13:00:00,2024-05-11,13,5,May,Saturday,3.7,221.5,37.2,Office,31.45
2024-05-11 14:00:00,2024-05-11,14,5,May,Saturday,4.72,224.0,27.3,Living Room,40.12
2024-05-11 15:00:00,2024-05-11,15,5,May,Saturday,4.36,239.3,32.5,Kitchen,37.06
2024-05-11 16:00:00,2024-05-11,16,5,May,Saturday,5.8,220.6,38.5,Kitchen,49.3
2024-05-11 17:00:00,2024-05-11,17,5,May,Saturday,3.73,241.3,28.9,Office,31.7
2024-05-11 18:00:00,2024-05-11,18,5,May,Saturday,11.57,218.6,32.3,Kitchen,98.34
2024-05-11 19:00:00,2024-05-11,19,5,May,Saturday,9.59,241.3,20.7,Factory Floor,81.52
2024-05-11 20:00:00,2024-05-11,20,5,May,Saturday,8.69,241.9,25.0,Office,73.86
2024-05-11 21:00:00,2024-05-11,21,5,May,Saturday,9.82,226.7,25.4,Office,83.47
2024-05-11 22:00:00,2024-05-11,22,5,May,Saturday,10.11,238.1,41.6,Living Room,85.94
2024-05-11 23:00:00,2024-05-11,23,5,May,Saturday,5.75,239.3,22.6,Kitchen,48.88
2024-05-12 00:00:00,2024-05-12,0,5,May,Sunday,2.66,218.7,37.7,Kitchen,22.61
2024-05-12 01:00:00,2024-05-12,1,5,May,Sunday,3.66,221.5,34.5,Living Room,31.11
2024-05-12 02:00:00,2024-05-12,2,5,May,Sunday,2.36,227.8,21.6,Kitchen,20.06
2024-05-12 03:00:00,2024-05-12,3,5,May,Sunday,3.37,234.1,35.1,Kitchen,28.64
2024-05-12 04:00:00,2024-05-12,4,5,May,Sunday,3.16,226.1,40.3,Living Room,26.86
2024-05-12 05:00:00,2024-05-12,5,5,May,Sunday,2.4,231.0,25.3,AC Unit,20.4
2024-05-12 06:00:00,2024-05-12,6,5,May,Sunday,9.99,238.5,38.3,Kitchen,84.92
2024-05-12 07:00:00,2024-05-12,7,5,May,Sunday,7.89,238.5,29.6,Factory Floor,67.06
2024-05-12 08:00:00,2024-05-12,8,5,May,Sunday,10.5,220.8,41.6,Factory Floor,89.25
2024-05-12 09:00:00,2024-05-12,9,5,May,Sunday,8.33,237.5,27.4,Living Room,70.81
2024-05-12 10:00:00,2024-05-12,10,5,May,Sunday,3.16,230.7,33.5,AC Unit,26.86
2024-05-12 11:00:00,2024-05-12,11,5,May,Sunday,3.79,219.8,36.2,Living Room,32.22
2024-05-12 12:00:00,2024-05-12,12,5,May,Sunday,4.68,238.7,31.5,Office,39.78
2024-05-12 13:00:00,2024-05-12,13,5,May,Sunday,5.54,233.0,21.1,AC Unit,47.09
2024-05-12 14:00:00,2024-05-12,14,5,May,Sunday,3.72,218.4,30.9,Factory Floor,31.62
2024-05-12 15:00:00,2024-05-12,15,5,May,Sunday,4.59,219.4,40.7,Kitchen,39.02
2024-05-12 16:00:00,2024-05-12,16,5,May,Sunday,5.22,227.9,22.9,Kitchen,44.37
2024-05-12 17:00:00,2024-05-12,17,5,May,Sunday,4.24,220.2,39.2,Factory Floor,36.04
2024-05-12 18:00:00,2024-05-12,18,5,May,Sunday,13.52,231.6,40.5,Living Room,114.92
2024-05-12 19:00:00,2024-05-12,19,5,May,Sunday,11.0,230.6,31.7,Living Room,93.5
2024-05-12 20:00:00,2024-05-12,20,5,May,Sunday,11.73,220.1,22.9,AC Unit,99.7
2024-05-12 21:00:00,2024-05-12,21,5,May,Sunday,10.5,240.0,28.8,Factory Floor,89.25
2024-05-12 22:00:00,2024-05-12,22,5,May,Sunday,9.35,238.4,39.8,Kitchen,79.47
2024-05-12 23:00:00,2024-05-12,23,5,May,Sunday,4.43,221.9,28.4,Kitchen,37.66
2024-05-13 00:00:00,2024-05-13,0,5,May,Monday,2.24,234.1,22.9,Factory Floor,19.04
2024-05-13 01:00:00,2024-05-13,1,5,May,Monday,3.78,222.6,29.8,Office,32.13
2024-05-13 02:00:00,2024-05-13,2,5,May,Monday,2.28,241.1,39.0,AC Unit,19.38
2024-05-13 03:00:00,2024-05-13,3,5,May,Monday,3.97,219.0,38.0,Factory Floor,33.75
2024-05-13 04:00:00,2024-05-13,4,5,May,Monday,3.95,222.9,25.5,Living Room,33.58
2024-05-13 05:00:00,2024-05-13,5,5,May,Monday,3.6,239.7,36.3,Factory Floor,30.6
2024-05-13 06:00:00,2024-05-13,6,5,May,Monday,8.53,218.3,23.6,Living Room,72.5
2024-05-13 07:00:00,2024-05-13,7,5,May,Monday,11.01,237.9,22.3,Kitchen,93.58
2024-05-13 08:00:00,2024-05-13,8,5,May,Monday,9.06,231.7,27.5,Factory Floor,77.01
2024-05-13 09:00:00,2024-05-13,9,5,May,Monday,10.16,236.2,39.1,Kitchen,86.36
2024-05-13 10:00:00,2024-05-13,10,5,May,Monday,5.29,239.0,38.7,Kitchen,44.97
2024-05-13 11:00:00,2024-05-13,11,5,May,Monday,5.08,227.8,27.4,Office,43.18
2024-05-13 12:00:00,2024-05-13,12,5,May,Monday,5.46,218.6,37.3,Office,46.41
2024-05-13 13:00:00,2024-05-13,13,5,May,Monday,4.73,227.7,40.4,Living Room,40.21
2024-05-13 14:00:00,2024-05-13,14,5,May,Monday,4.61,227.7,40.6,Kitchen,39.19
2024-05-13 15:00:00,2024-05-13,15,5,May,Monday,5.32,237.4,38.9,Living Room,45.22
2024-05-13 16:00:00,2024-05-13,16,5,May,Monday,3.73,231.0,21.9,Kitchen,31.7
2024-05-13 17:00:00,2024-05-13,17,5,May,Monday,3.99,225.9,23.5,Factory Floor,33.91
2024-05-13 18:00:00,2024-05-13,18,5,May,Monday,11.05,226.0,41.8,Living Room,93.93
2024-05-13 19:00:00,2024-05-13,19,5,May,Monday,10.71,219.7,34.3,Kitchen,91.04
2024-05-13 20:00:00,2024-05-13,20,5,May,Monday,8.76,227.6,30.0,Office,74.46
2024-05-13 21:00:00,2024-05-13,21,5,May,Monday,12.47,234.4,25.2,Office,106.0
2024-05-13 22:00:00,2024-05-13,22,5,May,Monday,10.56,218.4,23.5,Living Room,89.76
2024-05-13 23:00:00,2024-05-13,23,5,May,Monday,5.5,240.8,35.2,Kitchen,46.75
2024-05-14 00:00:00,2024-05-14,0,5,May,Tuesday,3.4,232.4,35.2,Office,28.9
2024-05-14 01:00:00,2024-05-14,1,5,May,Tuesday,2.63,232.5,38.6,Office,22.36
2024-05-14 02:00:00,2024-05-14,2,5,May,Tuesday,3.39,224.8,29.9,Office,28.82
2024-05-14 03:00:00,2024-05-14,3,5,May,Tuesday,4.17,218.9,34.4,Living Room,35.45
2024-05-14 04:00:00,2024-05-14,4,5,May,Tuesday,2.9,227.6,28.6,Kitchen,24.65
2024-05-14 05:00:00,2024-05-14,5,5,May,Tuesday,3.59,240.4,29.9,Factory Floor,30.52
2024-05-14 06:00:00,2024-05-14,6,5,May,Tuesday,10.33,233.1,41.4,Factory Floor,87.81
2024-05-14 07:00:00,2024-05-14,7,5,May,Tuesday,9.36,238.6,32.6,Factory Floor,79.56
2024-05-14 08:00:00,2024-05-14,8,5,May,Tuesday,9.11,238.0,27.0,Office,77.44
2024-05-14 09:00:00,2024-05-14,9,5,May,Tuesday,8.62,233.4,27.0,Office,73.27
2024-05-14 10:00:00,2024-05-14,10,5,May,Tuesday,3.64,234.4,37.4,AC Unit,30.94
2024-05-14 11:00:00,2024-05-14,11,5,May,Tuesday,3.37,218.7,39.7,AC Unit,28.64
2024-05-14 12:00:00,2024-05-14,12,5,May,Tuesday,4.9,235.5,27.3,Factory Floor,41.65
2024-05-14 13:00:00,2024-05-14,13,5,May,Tuesday,4.17,221.0,26.2,Office,35.45
2024-05-14 14:00:00,2024-05-14,14,5,May,Tuesday,4.1,238.5,25.9,Kitchen,34.85
2024-05-14 15:00:00,2024-05-14,15,5,May,Tuesday,5.26,232.2,24.3,AC Unit,44.71
2024-05-14 16:00:00,2024-05-14,16,5,May,Tuesday,5.26,222.5,25.4,Kitchen,44.71
2024-05-14 17:00:00,2024-05-14,17,5,May,Tuesday,5.11,238.3,37.4,Kitchen,43.44
2024-05-14 18:00:00,2024-05-14,18,5,May,Tuesday,11.81,240.2,40.6,AC Unit,100.39
2024-05-14 19:00:00,2024-05-14,19,5,May,Tuesday,9.83,240.0,24.1,AC Unit,83.56
2024-05-14 20:00:00,2024-05-14,20,5,May,Tuesday,11.93,240.7,28.6,Office,101.41
2024-05-14 21:00:00,2024-05-14,21,5,May,Tuesday,9.8,234.7,27.6,Office,83.3
2024-05-14 22:00:00,2024-05-14,22,5,May,Tuesday,11.09,241.8,31.1,Office,94.27
2024-05-14 23:00:00,2024-05-14,23,5,May,Tuesday,4.79,218.6,34.2,Office,40.72
2024-05-15 00:00:00,2024-05-15,0,5,May,Wednesday,3.36,225.8,33.4,Factory Floor,28.56
2024-05-15 01:00:00,2024-05-15,1,5,May,Wednesday,2.06,218.2,26.7,Office,17.51
2024-05-15 02:00:00,2024-05-15,2,5,May,Wednesday,3.74,231.8,40.4,Living Room,31.79
2024-05-15 03:00:00,2024-05-15,3,5,May,Wednesday,2.45,222.8,38.3,AC Unit,20.83
2024-05-15 04:00:00,2024-05-15,4,5,May,Wednesday,1.99,238.1,24.6,AC Unit,16.91
2024-05-15 05:00:00,2024-05-15,5,5,May,Wednesday,2.61,237.9,24.5,Kitchen,22.18
2024-05-15 06:00:00,2024-05-15,6,5,May,Wednesday,9.81,237.6,30.5,Office,83.39
2024-05-15 07:00:00,2024-05-15,7,5,May,Wednesday,8.34,225.6,20.4,Office,70.89
2024-05-15 08:00:00,2024-05-15,8,5,May,Wednesday,9.19,233.4,22.4,Living Room,78.11
2024-05-15 09:00:00,2024-05-15,9,5,May,Wednesday,7.27,232.8,40.9,Living Room,61.79
2024-05-15 10:00:00,2024-05-15,10,5,May,Wednesday,4.92,231.5,33.3,Kitchen,41.82
2024-05-15 11:00:00,2024-05-15,11,5,May,Wednesday,4.52,226.7,25.2,Office,38.42
2024-05-15 12:00:00,2024-05-15,12,5,May,Wednesday,4.91,226.4,23.6,Kitchen,41.73
2024-05-15 13:00:00,2024-05-15,13,5,May,Wednesday,5.43,239.9,37.1,Factory Floor,46.16
2024-05-15 14:00:00,2024-05-15,14,5,May,Wednesday,3.44,236.6,31.1,Factory Floor,29.24
2024-05-15 15:00:00,2024-05-15,15,5,May,Wednesday,4.36,238.7,23.0,AC Unit,37.06
2024-05-15 16:00:00,2024-05-15,16,5,May,Wednesday,5.0,239.4,26.2,AC Unit,42.5
2024-05-15 17:00:00,2024-05-15,17,5,May,Wednesday,4.89,226.7,39.1,Office,41.56
2024-05-15 18:00:00,2024-05-15,18,5,May,Wednesday,9.46,232.7,22.6,Living Room,80.41
2024-05-15 19:00:00,2024-05-15,19,5,May,Wednesday,11.44,221.3,38.7,Living Room,97.24
2024-05-15 20:00:00,2024-05-15,20,5,May,Wednesday,9.15,223.5,34.2,Kitchen,77.78
2024-05-15 21:00:00,2024-05-15,21,5,May,Wednesday,8.41,237.8,41.8,Living Room,71.48
2024-05-15 22:00:00,2024-05-15,22,5,May,Wednesday,12.0,218.1,27.5,Living Room,102.0
2024-05-15 23:00:00,2024-05-15,23,5,May,Wednesday,4.68,228.2,36.2,Living Room,39.78
2024-05-16 00:00:00,2024-05-16,0,5,May,Thursday,2.8,232.8,28.5,Office,23.8
2024-05-16 01:00:00,2024-05-16,1,5,May,Thursday,2.49,238.4,41.8,Kitchen,21.17
2024-05-16 02:00:00,2024-05-16,2,5,May,Thursday,4.16,235.3,26.4,Factory Floor,35.36
2024-05-16 03:00:00,2024-05-16,3,5,May,Thursday,2.23,230.4,36.3,Kitchen,18.95
2024-05-16 04:00:00,2024-05-16,4,5,May,Thursday,2.61,219.7,24.8,Kitchen,22.18
2024-05-16 05:00:00,2024-05-16,5,5,May,Thursday,3.01,221.2,38.4,Kitchen,25.58
2024-05-16 06:00:00,2024-05-16,6,5,May,Thursday,7.73,218.2,26.7,Living Room,65.7
2024-05-16 07:00:00,2024-05-16,7,5,May,Thursday,8.54,230.5,29.1,Factory Floor,72.59
2024-05-16 08:00:00,2024-05-16,8,5,May,Thursday,8.38,218.6,23.6,Factory Floor,71.23
2024-05-16 09:00:00,2024-05-16,9,5,May,Thursday,9.29,222.2,24.0,AC Unit,78.96
2024-05-16 10:00:00,2024-05-16,10,5,May,Thursday,4.28,235.9,28.0,AC Unit,36.38
2024-05-16 11:00:00,2024-05-16,11,5,May,Thursday,4.35,238.7,40.7,AC Unit,36.97
2024-05-16 12:00:00,2024-05-16,12,5,May,Thursday,3.38,237.6,38.8,Factory Floor,28.73
2024-05-16 13:00:00,2024-05-16,13,5,May,Thursday,4.42,223.8,22.2,Living Room,37.57
2024-05-16 14:00:00,2024-05-16,14,5,May,Thursday,4.28,228.5,22.7,Factory Floor,36.38
2024-05-16 15:00:00,2024-05-16,15,5,May,Thursday,3.81,223.2,29.7,Kitchen,32.38
2024-05-16 16:00:00,2024-05-16,16,5,May,Thursday,5.51,241.2,41.0,Living Room,46.84
2024-05-16 17:00:00,2024-05-16,17,5,May,Thursday,3.82,231.8,32.5,Office,32.47
2024-05-16 18:00:00,2024-05-16,18,5,May,Thursday,8.85,220.4,29.4,AC Unit,75.22
2024-05-16 19:00:00,2024-05-16,19,5,May,Thursday,11.44,223.7,32.1,Kitchen,97.24
2024-05-16 20:00:00,2024-05-16,20,5,May,Thursday,11.6,241.1,37.4,Office,98.6
2024-05-16 21:00:00,2024-05-16,21,5,May,Thursday,9.23,228.0,30.8,Factory Floor,78.45
2024-05-16 22:00:00,2024-05-16,22,5,May,Thursday,11.93,237.4,26.4,Living Room,101.41
2024-05-16 23:00:00,2024-05-16,23,5,May,Thursday,4.4,224.1,37.8,Factory Floor,37.4
2024-05-17 00:00:00,2024-05-17,0,5,May,Friday,3.02,228.7,38.1,Office,25.67
2024-05-17 01:00:00,2024-05-17,1,5,May,Friday,2.11,219.7,21.2,Kitchen,17.93
2024-05-17 02:00:00,2024-05-17,2,5,May,Friday,3.28,239.9,35.8,Kitchen,27.88
2024-05-17 03:00:00,2024-05-17,3,5,May,Friday,3.63,231.9,32.3,Office,30.86
2024-05-17 04:00:00,2024-05-17,4,5,May,Friday,2.87,236.1,22.2,AC Unit,24.39
2024-05-17 05:00:00,2024-05-17,5,5,May,Friday,4.05,231.2,23.8,Living Room,34.42
2024-05-17 06:00:00,2024-05-17,6,5,May,Friday,8.51,240.6,39.5,Office,72.33
2024-05-17 07:00:00,2024-05-17,7,5,May,Friday,9.68,234.4,35.3,AC Unit,82.28
2024-05-17 08:00:00,2024-05-17,8,5,May,Friday,8.95,230.8,40.3,Living Room,76.07
2024-05-17 09:00:00,2024-05-17,9,5,May,Friday,7.46,240.1,34.2,Office,63.41
2024-05-17 10:00:00,2024-05-17,10,5,May,Friday,5.28,220.6,21.5,Kitchen,44.88
2024-05-17 11:00:00,2024-05-17,11,5,May,Friday,5.78,231.7,40.4,Living Room,49.13
2024-05-17 12:00:00,2024-05-17,12,5,May,Friday,3.19,231.9,37.1,Office,27.11
2024-05-17 13:00:00,2024-05-17,13,5,May,Friday,5.16,220.2,24.4,AC Unit,43.86
2024-05-17 14:00:00,2024-05-17,14,5,May,Friday,5.04,222.6,33.5,Kitchen,42.84
2024-05-17 15:00:00,2024-05-17,15,5,May,Friday,5.4,241.8,21.8,Office,45.9
2024-05-17 16:00:00,2024-05-17,16,5,May,Friday,4.61,220.8,28.8,Kitchen,39.19
2024-05-17 17:00:00,2024-05-17,17,5,May,Friday,4.58,221.8,39.1,Factory Floor,38.93
2024-05-17 18:00:00,2024-05-17,18,5,May,Friday,10.29,220.8,37.0,Living Room,87.46
2024-05-17 19:00:00,2024-05-17,19,5,May,Friday,8.33,239.9,20.9,Office,70.81
2024-05-17 20:00:00,2024-05-17,20,5,May,Friday,11.5,233.9,40.4,Factory Floor,97.75
2024-05-17 21:00:00,2024-05-17,21,5,May,Friday,11.75,235.5,20.8,Office,99.88
2024-05-17 22:00:00,2024-05-17,22,5,May,Friday,8.74,218.3,23.9,AC Unit,74.29
2024-05-17 23:00:00,2024-05-17,23,5,May,Friday,4.66,236.3,26.2,Living Room,39.61
2024-05-18 00:00:00,2024-05-18,0,5,May,Saturday,2.51,227.5,31.5,AC Unit,21.33
2024-05-18 01:00:00,2024-05-18,1,5,May,Saturday,2.62,221.2,33.1,Factory Floor,22.27
2024-05-18 02:00:00,2024-05-18,2,5,May,Saturday,4.14,234.8,28.1,AC Unit,35.19
2024-05-18 03:00:00,2024-05-18,3,5,May,Saturday,3.02,235.8,34.4,Kitchen,25.67
2024-05-18 04:00:00,2024-05-18,4,5,May,Saturday,2.77,236.7,32.8,Living Room,23.55
2024-05-18 05:00:00,2024-05-18,5,5,May,Saturday,2.14,221.4,24.2,AC Unit,18.19
2024-05-18 06:00:00,2024-05-18,6,5,May,Saturday,9.12,236.3,22.9,Living Room,77.52
2024-05-18 07:00:00,2024-05-18,7,5,May,Saturday,7.67,221.7,23.1,Factory Floor,65.19
2024-05-18 08:00:00,2024-05-18,8,5,May,Saturday,10.0,221.9,25.1,Factory Floor,85.0
2024-05-18 09:00:00,2024-05-18,9,5,May,Saturday,7.79,228.6,35.9,Living Room,66.22
2024-05-18 10:00:00,2024-05-18,10,5,May,Saturday,4.72,218.5,25.0,Kitchen,40.12
2024-05-18 11:00:00,2024-05-18,11,5,May,Saturday,5.25,240.7,22.4,AC Unit,44.62
2024-05-18 12:00:00,2024-05-18,12,5,May,Saturday,4.39,237.9,35.1,Living Room,37.31
2024-05-18 13:00:00,2024-05-18,13,5,May,Saturday,4.15,224.9,25.5,Living Room,35.28
2024-05-18 14:00:00,2024-05-18,14,5,May,Saturday,3.4,239.7,41.0,Office,28.9
2024-05-18 15:00:00,2024-05-18,15,5,May,Saturday,5.47,226.8,39.6,AC Unit,46.49
2024-05-18 16:00:00,2024-05-18,16,5,May,Saturday,4.62,232.2,37.1,AC Unit,39.27
2024-05-18 17:00:00,2024-05-18,17,5,May,Saturday,4.17,222.1,25.4,Factory Floor,35.45
2024-05-18 18:00:00,2024-05-18,18,5,May,Saturday,11.45,229.1,20.1,Living Room,97.32
2024-05-18 19:00:00,2024-05-18,19,5,May,Saturday,11.56,230.3,20.9,Living Room,98.26
2024-05-18 20:00:00,2024-05-18,20,5,May,Saturday,12.11,223.5,29.9,AC Unit,102.94
2024-05-18 21:00:00,2024-05-18,21,5,May,Saturday,10.4,230.4,32.0,Office,88.4
2024-05-18 22:00:00,2024-05-18,22,5,May,Saturday,9.21,220.6,33.0,Living Room,78.29
2024-05-18 23:00:00,2024-05-18,23,5,May,Saturday,5.65,229.1,24.3,Living Room,48.03
2024-05-19 00:00:00,2024-05-19,0,5,May,Sunday,1.85,235.1,27.3,Living Room,15.73
2024-05-19 01:00:00,2024-05-19,1,5,May,Sunday,2.73,240.9,30.8,Kitchen,23.2
2024-05-19 02:00:00,2024-05-19,2,5,May,Sunday,2.25,218.6,32.4,Kitchen,19.12
2024-05-19 03:00:00,2024-05-19,3,5,May,Sunday,4.05,228.7,35.5,Office,34.42
2024-05-19 04:00:00,2024-05-19,4,5,May,Sunday,1.93,218.1,24.4,Kitchen,16.41
2024-05-19 05:00:00,2024-05-19,5,5,May,Sunday,2.52,240.5,40.3,Factory Floor,21.42
2024-05-19 06:00:00,2024-05-19,6,5,May,Sunday,9.69,226.5,21.4,Kitchen,82.36
2024-05-19 07:00:00,2024-05-19,7,5,May,Sunday,10.37,218.8,41.6,Factory Floor,88.14
2024-05-19 08:00:00,2024-05-19,8,5,May,Sunday,8.41,233.0,20.5,Living Room,71.48
2024-05-19 09:00:00,2024-05-19,9,5,May,Sunday,9.07,234.0,22.7,AC Unit,77.09
2024-05-19 10:00:00,2024-05-19,10,5,May,Sunday,3.82,224.3,25.2,Office,32.47
2024-05-19 11:00:00,2024-05-19,11,5,May,Sunday,3.85,236.2,38.9,AC Unit,32.73
2024-05-19 12:00:00,2024-05-19,12,5,May,Sunday,4.46,234.0,35.6,AC Unit,37.91
2024-05-19 13:00:00,2024-05-19,13,5,May,Sunday,4.61,232.7,31.0,Office,39.19
2024-05-19 14:00:00,2024-05-19,14,5,May,Sunday,4.43,237.7,40.4,Factory Floor,37.66
2024-05-19 15:00:00,2024-05-19,15,5,May,Sunday,5.1,229.8,24.9,Living Room,43.35
2024-05-19 16:00:00,2024-05-19,16,5,May,Sunday,3.99,234.4,37.9,Factory Floor,33.91
2024-05-19 17:00:00,2024-05-19,17,5,May,Sunday,4.96,220.4,40.0,Living Room,42.16
2024-05-19 18:00:00,2024-05-19,18,5,May,Sunday,9.52,229.6,32.6,Kitchen,80.92
2024-05-19 19:00:00,2024-05-19,19,5,May,Sunday,8.6,222.4,36.2,Office,73.1
2024-05-19 20:00:00,2024-05-19,20,5,May,Sunday,11.45,239.9,41.9,Factory Floor,97.32
2024-05-19 21:00:00,2024-05-19,21,5,May,Sunday,11.18,224.3,39.4,Kitchen,95.03
2024-05-19 22:00:00,2024-05-19,22,5,May,Sunday,8.56,237.7,31.9,Kitchen,72.76
2024-05-19 23:00:00,2024-05-19,23,5,May,Sunday,3.62,238.2,34.5,Living Room,30.77
2024-05-20 00:00:00,2024-05-20,0,5,May,Monday,2.95,238.4,39.8,Office,25.08
2024-05-20 01:00:00,2024-05-20,1,5,May,Monday,2.89,234.4,36.5,Office,24.57
2024-05-20 02:00:00,2024-05-20,2,5,May,Monday,3.49,232.0,39.8,Living Room,29.67
2024-05-20 03:00:00,2024-05-20,3,5,May,Monday,2.83,238.1,31.1,Office,24.05
2024-05-20 04:00:00,2024-05-20,4,5,May,Monday,3.4,237.6,38.7,Office,28.9
2024-05-20 05:00:00,2024-05-20,5,5,May,Monday,3.16,221.3,36.7,Factory Floor,26.86
2024-05-20 06:00:00,2024-05-20,6,5,May,Monday,11.13,235.7,25.1,Factory Floor,94.61
2024-05-20 07:00:00,2024-05-20,7,5,May,Monday,10.6,230.9,21.4,Living Room,90.1
2024-05-20 08:00:00,2024-05-20,8,5,May,Monday,7.35,229.4,22.1,Kitchen,62.47
2024-05-20 09:00:00,2024-05-20,9,5,May,Monday,9.37,232.3,22.0,Living Room,79.64
2024-05-20 10:00:00,2024-05-20,10,5,May,Monday,5.38,230.0,38.0,AC Unit,45.73
2024-05-20 11:00:00,2024-05-20,11,5,May,Monday,5.18,228.2,39.9,Kitchen,44.03
2024-05-20 12:00:00,2024-05-20,12,5,May,Monday,4.68,231.9,42.0,Factory Floor,39.78
2024-05-20 13:00:00,2024-05-20,13,5,May,Monday,4.38,219.0,27.8,Living Room,37.23
2024-05-20 14:00:00,2024-05-20,14,5,May,Monday,4.31,237.0,29.3,AC Unit,36.63
2024-05-20 15:00:00,2024-05-20,15,5,May,Monday,4.35,231.2,25.5,Factory Floor,36.97
2024-05-20 16:00:00,2024-05-20,16,5,May,Monday,4.46,234.6,32.3,AC Unit,37.91
2024-05-20 17:00:00,2024-05-20,17,5,May,Monday,4.8,236.7,30.1,Factory Floor,40.8
2024-05-20 18:00:00,2024-05-20,18,5,May,Monday,9.89,240.2,35.4,AC Unit,84.06
2024-05-20 19:00:00,2024-05-20,19,5,May,Monday,11.64,235.3,40.6,Factory Floor,98.94
2024-05-20 20:00:00,2024-05-20,20,5,May,Monday,8.32,219.6,20.3,Office,70.72
2024-05-20 21:00:00,2024-05-20,21,5,May,Monday,9.28,240.4,32.8,Kitchen,78.88
2024-05-20 22:00:00,2024-05-20,22,5,May,Monday,11.66,221.0,31.1,Office,99.11
2024-05-20 23:00:00,2024-05-20,23,5,May,Monday,5.7,224.4,28.8,Office,48.45
2024-05-21 00:00:00,2024-05-21,0,5,May,Tuesday,2.29,241.6,28.7,Kitchen,19.46
2024-05-21 01:00:00,2024-05-21,1,5,May,Tuesday,2.96,231.8,29.3,Office,25.16
2024-05-21 02:00:00,2024-05-21,2,5,May,Tuesday,1.42,242.0,22.5,Kitchen,12.07
2024-05-21 03:00:00,2024-05-21,3,5,May,Tuesday,3.75,237.6,42.0,Kitchen,31.88
2024-05-21 04:00:00,2024-05-21,4,5,May,Tuesday,1.71,235.3,39.7,AC Unit,14.54
2024-05-21 05:00:00,2024-05-21,5,5,May,Tuesday,3.23,225.7,31.2,Factory Floor,27.45
2024-05-21 06:00:00,2024-05-21,6,5,May,Tuesday,8.68,222.0,39.9,AC Unit,73.78
2024-05-21 07:00:00,2024-05-21,7,5,May,Tuesday,9.5,232.8,29.4,Living Room,80.75
2024-05-21 08:00:00,2024-05-21,8,5,May,Tuesday,10.29,236.9,29.2,Living Room,87.46
2024-05-21 09:00:00,2024-05-21,9,5,May,Tuesday,9.79,240.4,21.4,Office,83.21
2024-05-21 10:00:00,2024-05-21,10,5,May,Tuesday,3.51,230.9,36.6,Living Room,29.83
2024-05-21 11:00:00,2024-05-21,11,5,May,Tuesday,5.05,235.5,39.1,Factory Floor,42.92
2024-05-21 12:00:00,2024-05-21,12,5,May,Tuesday,4.81,224.5,29.7,Factory Floor,40.88
2024-05-21 13:00:00,2024-05-21,13,5,May,Tuesday,5.03,236.9,38.5,Office,42.76
2024-05-21 14:00:00,2024-05-21,14,5,May,Tuesday,3.76,227.0,25.8,Factory Floor,31.96
2024-05-21 15:00:00,2024-05-21,15,5,May,Tuesday,4.77,237.3,25.5,Office,40.54
2024-05-21 16:00:00,2024-05-21,16,5,May,Tuesday,4.41,228.6,40.5,Factory Floor,37.48
2024-05-21 17:00:00,2024-05-21,17,5,May,Tuesday,4.82,238.8,27.2,Office,40.97
2024-05-21 18:00:00,2024-05-21,18,5,May,Tuesday,9.33,220.7,33.5,Office,79.31
2024-05-21 19:00:00,2024-05-21,19,5,May,Tuesday,10.52,229.5,27.9,Factory Floor,89.42
2024-05-21 20:00:00,2024-05-21,20,5,May,Tuesday,10.76,229.4,29.3,Living Room,91.46
2024-05-21 21:00:00,2024-05-21,21,5,May,Tuesday,9.85,231.3,28.7,Factory Floor,83.72
2024-05-21 22:00:00,2024-05-21,22,5,May,Tuesday,9.79,221.0,31.3,AC Unit,83.21
2024-05-21 23:00:00,2024-05-21,23,5,May,Tuesday,4.25,227.1,20.2,Living Room,36.12
2024-05-22 00:00:00,2024-05-22,0,5,May,Wednesday,3.01,221.3,31.7,Office,25.58
2024-05-22 01:00:00,2024-05-22,1,5,May,Wednesday,2.76,242.0,35.0,AC Unit,23.46
2024-05-22 02:00:00,2024-05-22,2,5,May,Wednesday,3.25,228.4,30.9,Living Room,27.62
2024-05-22 03:00:00,2024-05-22,3,5,May,Wednesday,2.71,237.7,40.5,AC Unit,23.04
2024-05-22 04:00:00,2024-05-22,4,5,May,Wednesday,3.06,226.2,39.6,Office,26.01
2024-05-22 05:00:00,2024-05-22,5,5,May,Wednesday,4.22,241.2,24.2,Office,35.87
2024-05-22 06:00:00,2024-05-22,6,5,May,Wednesday,8.6,238.6,28.1,Factory Floor,73.1
2024-05-22 07:00:00,2024-05-22,7,5,May,Wednesday,11.05,222.4,29.2,AC Unit,93.93
2024-05-22 08:00:00,2024-05-22,8,5,May,Wednesday,7.29,232.6,25.0,Living Room,61.97
2024-05-22 09:00:00,2024-05-22,9,5,May,Wednesday,8.32,238.5,22.6,Kitchen,70.72
2024-05-22 10:00:00,2024-05-22,10,5,May,Wednesday,4.55,237.2,29.4,Factory Floor,38.67
2024-05-22 11:00:00,2024-05-22,11,5,May,Wednesday,4.86,227.6,36.8,Office,41.31
2024-05-22 12:00:00,2024-05-22,12,5,May,Wednesday,3.16,219.9,26.2,Living Room,26.86
2024-05-22 13:00:00,2024-05-22,13,5,May,Wednesday,4.1,238.4,37.9,AC Unit,34.85
2024-05-22 14:00:00,2024-05-22,14,5,May,Wednesday,4.58,227.3,21.3,Office,38.93
2024-05-22 15:00:00,2024-05-22,15,5,May,Wednesday,3.5,230.4,28.7,Factory Floor,29.75
2024-05-22 16:00:00,2024-05-22,16,5,May,Wednesday,5.11,239.0,23.8,Office,43.44
2024-05-22 17:00:00,2024-05-22,17,5,May,Wednesday,5.12,240.3,39.7,AC Unit,43.52
2024-05-22 18:00:00,2024-05-22,18,5,May,Wednesday,11.18,224.3,23.6,Factory Floor,95.03
2024-05-22 19:00:00,2024-05-22,19,5,May,Wednesday,9.68,219.3,31.6,Kitchen,82.28
2024-05-22 20:00:00,2024-05-22,20,5,May,Wednesday,12.05,228.3,35.3,Factory Floor,102.43
2024-05-22 21:00:00,2024-05-22,21,5,May,Wednesday,11.99,226.4,38.0,Kitchen,101.92
2024-05-22 22:00:00,2024-05-22,22,5,May,Wednesday,9.52,225.4,22.7,Office,80.92
2024-05-22 23:00:00,2024-05-22,23,5,May,Wednesday,4.62,225.8,25.6,AC Unit,39.27
2024-05-23 00:00:00,2024-05-23,0,5,May,Thursday,3.73,225.3,28.1,Factory Floor,31.7
2024-05-23 01:00:00,2024-05-23,1,5,May,Thursday,2.15,239.1,22.5,Kitchen,18.27
2024-05-23 02:00:00,2024-05-23,2,5,May,Thursday,3.72,236.5,33.5,Factory Floor,31.62
2024-05-23 03:00:00,2024-05-23,3,5,May,Thursday,3.38,220.0,29.6,Factory Floor,28.73
2024-05-23 04:00:00,2024-05-23,4,5,May,Thursday,2.02,233.4,36.3,Factory Floor,17.17
2024-05-23 05:00:00,2024-05-23,5,5,May,Thursday,3.05,230.9,35.1,Living Room,25.92
2024-05-23 06:00:00,2024-05-23,6,5,May,Thursday,9.41,231.0,37.6,Living Room,79.98
2024-05-23 07:00:00,2024-05-23,7,5,May,Thursday,8.84,219.0,27.2,Kitchen,75.14
2024-05-23 08:00:00,2024-05-23,8,5,May,Thursday,8.11,223.5,35.8,Office,68.94
2024-05-23 09:00:00,2024-05-23,9,5,May,Thursday,9.92,225.9,25.0,AC Unit,84.32
2024-05-23 10:00:00,2024-05-23,10,5,May,Thursday,3.88,238.7,37.3,Living Room,32.98
2024-05-23 11:00:00,2024-05-23,11,5,May,Thursday,4.74,227.5,30.4,AC Unit,40.29
2024-05-23 12:00:00,2024-05-23,12,5,May,Thursday,4.1,228.2,41.8,AC Unit,34.85
2024-05-23 13:00:00,2024-05-23,13,5,May,Thursday,4.42,240.9,25.8,Factory Floor,37.57
2024-05-23 14:00:00,2024-05-23,14,5,May,Thursday,3.64,237.7,39.3,Living Room,30.94
2024-05-23 15:00:00,2024-05-23,15,5,May,Thursday,4.57,228.8,37.3,Living Room,38.84
2024-05-23 16:00:00,2024-05-23,16,5,May,Thursday,3.72,236.1,37.6,AC Unit,31.62
2024-05-23 17:00:00,2024-05-23,17,5,May,Thursday,4.08,221.5,30.0,Office,34.68
2024-05-23 18:00:00,2024-05-23,18,5,May,Thursday,10.1,227.3,33.7,Office,85.85
2024-05-23 19:00:00,2024-05-23,19,5,May,Thursday,10.39,221.7,39.5,Office,88.31
2024-05-23 20:00:00,2024-05-23,20,5,May,Thursday,9.54,231.9,22.9,Factory Floor,81.09
2024-05-23 21:00:00,2024-05-23,21,5,May,Thursday,9.78,224.1,25.1,Living Room,83.13
2024-05-23 22:00:00,2024-05-23,22,5,May,Thursday,12.96,241.1,35.6,Kitchen,110.16
2024-05-23 23:00:00,2024-05-23,23,5,May,Thursday,4.44,238.0,34.3,Office,37.74
2024-05-24 00:00:00,2024-05-24,0,5,May,Friday,2.83,237.0,23.3,Living Room,24.05
2024-05-24 01:00:00,2024-05-24,1,5,May,Friday,2.83,227.4,38.0,Office,24.05
2024-05-24 02:00:00,2024-05-24,2,5,May,Friday,3.0,240.2,35.7,Office,25.5
2024-05-24 03:00:00,2024-05-24,3,5,May,Friday,1.53,237.6,20.3,Kitchen,13.01
2024-05-24 04:00:00,2024-05-24,4,5,May,Friday,1.89,230.5,30.1,Factory Floor,16.06
2024-05-24 05:00:00,2024-05-24,5,5,May,Friday,4.21,233.2,34.8,Office,35.78
2024-05-24 06:00:00,2024-05-24,6,5,May,Friday,10.83,220.9,32.1,AC Unit,92.06
2024-05-24 07:00:00,2024-05-24,7,5,May,Friday,7.43,219.5,35.9,Office,63.16
2024-05-24 08:00:00,2024-05-24,8,5,May,Friday,7.75,240.6,33.0,Living Room,65.88
2024-05-24 09:00:00,2024-05-24,9,5,May,Friday,9.69,236.4,32.1,Kitchen,82.36
2024-05-24 10:00:00,2024-05-24,10,5,May,Friday,3.7,238.8,33.0,Living Room,31.45
2024-05-24 11:00:00,2024-05-24,11,5,May,Friday,3.27,236.6,20.4,Factory Floor,27.8
2024-05-24 12:00:00,2024-05-24,12,5,May,Friday,4.84,237.6,26.1,AC Unit,41.14
2024-05-24 13:00:00,2024-05-24,13,5,May,Friday,5.49,228.5,21.6,Living Room,46.66
2024-05-24 14:00:00,2024-05-24,14,5,May,Friday,4.85,228.4,39.7,Factory Floor,41.22
2024-05-24 15:00:00,2024-05-24,15,5,May,Friday,3.94,218.3,34.2,AC Unit,33.49
2024-05-24 16:00:00,2024-05-24,16,5,May,Friday,3.68,220.2,38.5,Kitchen,31.28
2024-05-24 17:00:00,2024-05-24,17,5,May,Friday,4.98,228.7,27.1,Factory Floor,42.33
2024-05-24 18:00:00,2024-05-24,18,5,May,Friday,11.89,236.5,30.3,Office,101.06
2024-05-24 19:00:00,2024-05-24,19,5,May,Friday,10.76,222.7,29.2,Kitchen,91.46
2024-05-24 20:00:00,2024-05-24,20,5,May,Friday,8.99,231.6,33.7,Kitchen,76.42
2024-05-24 21:00:00,2024-05-24,21,5,May,Friday,9.49,223.6,29.5,Office,80.67
2024-05-24 22:00:00,2024-05-24,22,5,May,Friday,10.47,230.7,35.0,Factory Floor,89.0
2024-05-24 23:00:00,2024-05-24,23,5,May,Friday,4.64,218.7,37.7,Factory Floor,39.44
2024-05-25 00:00:00,2024-05-25,0,5,May,Saturday,2.8,228.9,28.3,Office,23.8
2024-05-25 01:00:00,2024-05-25,1,5,May,Saturday,1.89,228.4,35.4,AC Unit,16.06
2024-05-25 02:00:00,2024-05-25,2,5,May,Saturday,3.99,231.4,39.2,Factory Floor,33.91
2024-05-25 03:00:00,2024-05-25,3,5,May,Saturday,4.49,218.1,40.8,Office,38.16
2024-05-25 04:00:00,2024-05-25,4,5,May,Saturday,1.98,229.1,27.4,AC Unit,16.83
2024-05-25 05:00:00,2024-05-25,5,5,May,Saturday,1.75,225.0,22.0,Kitchen,14.88
2024-05-25 06:00:00,2024-05-25,6,5,May,Saturday,8.42,219.8,31.9,Office,71.57
2024-05-25 07:00:00,2024-05-25,7,5,May,Saturday,7.33,227.7,23.0,AC Unit,62.3
2024-05-25 08:00:00,2024-05-25,8,5,May,Saturday,7.76,226.0,32.9,Factory Floor,65.96
2024-05-25 09:00:00,2024-05-25,9,5,May,Saturday,8.57,239.2,35.9,AC Unit,72.84
2024-05-25 10:00:00,2024-05-25,10,5,May,Saturday,3.66,237.8,27.6,AC Unit,31.11
2024-05-25 11:00:00,2024-05-25,11,5,May,Saturday,4.58,219.1,29.6,Office,38.93
2024-05-25 12:00:00,2024-05-25,12,5,May,Saturday,4.1,221.4,38.6,AC Unit,34.85
2024-05-25 13:00:00,2024-05-25,13,5,May,Saturday,3.99,231.8,40.6,Living Room,33.91
2024-05-25 14:00:00,2024-05-25,14,5,May,Saturday,3.53,240.2,39.8,Factory Floor,30.0
2024-05-25 15:00:00,2024-05-25,15,5,May,Saturday,3.6,222.1,38.2,AC Unit,30.6
2024-05-25 16:00:00,2024-05-25,16,5,May,Saturday,5.17,222.3,23.6,Office,43.95
2024-05-25 17:00:00,2024-05-25,17,5,May,Saturday,5.11,239.3,26.2,Living Room,43.44
2024-05-25 18:00:00,2024-05-25,18,5,May,Saturday,9.34,237.6,24.0,AC Unit,79.39
2024-05-25 19:00:00,2024-05-25,19,5,May,Saturday,10.49,228.1,28.6,Office,89.17
2024-05-25 20:00:00,2024-05-25,20,5,May,Saturday,12.66,229.6,21.3,AC Unit,107.61
2024-05-25 21:00:00,2024-05-25,21,5,May,Saturday,12.81,219.4,22.6,AC Unit,108.89
2024-05-25 22:00:00,2024-05-25,22,5,May,Saturday,12.96,239.3,22.4,Living Room,110.16
2024-05-25 23:00:00,2024-05-25,23,5,May,Saturday,4.06,235.9,21.0,AC Unit,34.51
2024-05-26 00:00:00,2024-05-26,0,5,May,Sunday,4.2,219.3,32.5,Kitchen,35.7
2024-05-26 01:00:00,2024-05-26,1,5,May,Sunday,3.69,232.2,35.0,Living Room,31.36
2024-05-26 02:00:00,2024-05-26,2,5,May,Sunday,2.26,241.7,21.9,Office,19.21
2024-05-26 03:00:00,2024-05-26,3,5,May,Sunday,2.76,234.8,25.0,Kitchen,23.46
2024-05-26 04:00:00,2024-05-26,4,5,May,Sunday,2.66,231.3,24.7,Factory Floor,22.61
2024-05-26 05:00:00,2024-05-26,5,5,May,Sunday,3.12,229.3,22.5,Living Room,26.52
2024-05-26 06:00:00,2024-05-26,6,5,May,Sunday,10.98,221.4,30.4,AC Unit,93.33
2024-05-26 07:00:00,2024-05-26,7,5,May,Sunday,9.5,235.4,21.6,AC Unit,80.75
2024-05-26 08:00:00,2024-05-26,8,5,May,Sunday,8.08,233.9,28.9,Kitchen,68.68
2024-05-26 09:00:00,2024-05-26,9,5,May,Sunday,8.2,239.2,37.4,AC Unit,69.7
2024-05-26 10:00:00,2024-05-26,10,5,May,Sunday,4.4,239.2,25.3,Kitchen,37.4
2024-05-26 11:00:00,2024-05-26,11,5,May,Sunday,3.9,238.7,41.5,Factory Floor,33.15
2024-05-26 12:00:00,2024-05-26,12,5,May,Sunday,3.51,222.7,32.1,AC Unit,29.83
2024-05-26 13:00:00,2024-05-26,13,5,May,Sunday,5.71,230.1,32.0,Kitchen,48.53
2024-05-26 14:00:00,2024-05-26,14,5,May,Sunday,3.86,240.1,37.6,AC Unit,32.81
2024-05-26 15:00:00,2024-05-26,15,5,May,Sunday,3.95,219.1,27.3,Factory Floor,33.58
2024-05-26 16:00:00,2024-05-26,16,5,May,Sunday,5.56,234.9,28.7,Factory Floor,47.26
2024-05-26 17:00:00,2024-05-26,17,5,May,Sunday,4.59,226.7,28.7,Kitchen,39.02
2024-05-26 18:00:00,2024-05-26,18,5,May,Sunday,10.73,218.8,40.6,AC Unit,91.2
2024-05-26 19:00:00,2024-05-26,19,5,May,Sunday,9.12,235.5,34.7,Office,77.52
2024-05-26 20:00:00,2024-05-26,20,5,May,Sunday,8.83,241.9,30.2,Office,75.06
2024-05-26 21:00:00,2024-05-26,21,5,May,Sunday,11.94,218.5,27.2,AC Unit,101.49
2024-05-26 22:00:00,2024-05-26,22,5,May,Sunday,11.1,234.5,23.9,Living Room,94.35
2024-05-26 23:00:00,2024-05-26,23,5,May,Sunday,4.43,240.1,26.9,AC Unit,37.66
2024-05-27 00:00:00,2024-05-27,0,5,May,Monday,1.64,218.0,21.8,Kitchen,13.94
2024-05-27 01:00:00,2024-05-27,1,5,May,Monday,4.4,239.6,27.9,Living Room,37.4
2024-05-27 02:00:00,2024-05-27,2,5,May,Monday,4.47,234.8,21.1,AC Unit,37.99
2024-05-27 03:00:00,2024-05-27,3,5,May,Monday,3.04,222.4,39.3,Office,25.84
2024-05-27 04:00:00,2024-05-27,4,5,May,Monday,3.63,218.8,26.2,Factory Floor,30.86
2024-05-27 05:00:00,2024-05-27,5,5,May,Monday,2.98,221.1,33.1,Living Room,25.33
2024-05-27 06:00:00,2024-05-27,6,5,May,Monday,10.8,226.8,20.6,Kitchen,91.8
2024-05-27 07:00:00,2024-05-27,7,5,May,Monday,9.71,241.6,26.3,Office,82.54
2024-05-27 08:00:00,2024-05-27,8,5,May,Monday,7.98,222.9,39.7,Living Room,67.83
2024-05-27 09:00:00,2024-05-27,9,5,May,Monday,7.64,239.1,29.4,Office,64.94
2024-05-27 10:00:00,2024-05-27,10,5,May,Monday,5.2,224.8,21.6,AC Unit,44.2
2024-05-27 11:00:00,2024-05-27,11,5,May,Monday,5.16,240.9,41.8,AC Unit,43.86
2024-05-27 12:00:00,2024-05-27,12,5,May,Monday,5.38,222.2,32.0,AC Unit,45.73
2024-05-27 13:00:00,2024-05-27,13,5,May,Monday,4.76,227.0,32.5,Kitchen,40.46
2024-05-27 14:00:00,2024-05-27,14,5,May,Monday,3.48,218.8,29.0,Factory Floor,29.58
2024-05-27 15:00:00,2024-05-27,15,5,May,Monday,4.72,233.5,28.8,Factory Floor,40.12
2024-05-27 16:00:00,2024-05-27,16,5,May,Monday,5.79,231.1,21.6,Factory Floor,49.22
2024-05-27 17:00:00,2024-05-27,17,5,May,Monday,4.91,219.1,35.3,Kitchen,41.73
2024-05-27 18:00:00,2024-05-27,18,5,May,Monday,12.68,221.0,39.6,Kitchen,107.78
2024-05-27 19:00:00,2024-05-27,19,5,May,Monday,11.08,231.9,41.2,AC Unit,94.18
2024-05-27 20:00:00,2024-05-27,20,5,May,Monday,10.88,229.0,36.7,Kitchen,92.48
2024-05-27 21:00:00,2024-05-27,21,5,May,Monday,8.51,226.4,20.2,Factory Floor,72.33
2024-05-27 22:00:00,2024-05-27,22,5,May,Monday,8.86,239.6,24.0,Living Room,75.31
2024-05-27 23:00:00,2024-05-27,23,5,May,Monday,4.17,232.0,33.8,Office,35.45
2024-05-28 00:00:00,2024-05-28,0,5,May,Tuesday,2.39,225.4,38.8,Living Room,20.32
2024-05-28 01:00:00,2024-05-28,1,5,May,Tuesday,4.13,233.4,39.6,Living Room,35.1
2024-05-28 02:00:00,2024-05-28,2,5,May,Tuesday,2.42,231.0,40.1,Office,20.57
2024-05-28 03:00:00,2024-05-28,3,5,May,Tuesday,2.66,220.8,28.4,Factory Floor,22.61
2024-05-28 04:00:00,2024-05-28,4,5,May,Tuesday,2.98,224.8,34.9,Factory Floor,25.33
2024-05-28 05:00:00,2024-05-28,5,5,May,Tuesday,3.98,237.0,31.9,AC Unit,33.83
2024-05-28 06:00:00,2024-05-28,6,5,May,Tuesday,10.38,232.2,33.1,Factory Floor,88.23
2024-05-28 07:00:00,2024-05-28,7,5,May,Tuesday,7.96,238.2,29.2,Kitchen,67.66
2024-05-28 08:00:00,2024-05-28,8,5,May,Tuesday,10.3,226.9,31.5,Living Room,87.55
2024-05-28 09:00:00,2024-05-28,9,5,May,Tuesday,9.62,234.7,22.8,Factory Floor,81.77
2024-05-28 10:00:00,2024-05-28,10,5,May,Tuesday,4.03,238.2,25.0,Office,34.26
2024-05-28 11:00:00,2024-05-28,11,5,May,Tuesday,3.2,234.8,23.7,Office,27.2
2024-05-28 12:00:00,2024-05-28,12,5,May,Tuesday,4.62,226.5,40.0,Living Room,39.27
2024-05-28 13:00:00,2024-05-28,13,5,May,Tuesday,4.95,235.3,35.1,Office,42.08
2024-05-28 14:00:00,2024-05-28,14,5,May,Tuesday,3.3,220.7,29.6,Office,28.05
2024-05-28 15:00:00,2024-05-28,15,5,May,Tuesday,4.29,220.0,32.9,AC Unit,36.47
2024-05-28 16:00:00,2024-05-28,16,5,May,Tuesday,4.6,241.3,23.7,Living Room,39.1
2024-05-28 17:00:00,2024-05-28,17,5,May,Tuesday,4.28,235.0,36.5,AC Unit,36.38
2024-05-28 18:00:00,2024-05-28,18,5,May,Tuesday,12.39,234.8,38.9,Living Room,105.31
2024-05-28 19:00:00,2024-05-28,19,5,May,Tuesday,10.88,230.2,32.8,Kitchen,92.48
2024-05-28 20:00:00,2024-05-28,20,5,May,Tuesday,11.73,225.5,21.2,Living Room,99.7
2024-05-28 21:00:00,2024-05-28,21,5,May,Tuesday,11.98,229.4,20.0,Kitchen,101.83
2024-05-28 22:00:00,2024-05-28,22,5,May,Tuesday,10.97,233.0,38.5,Kitchen,93.25
2024-05-28 23:00:00,2024-05-28,23,5,May,Tuesday,4.22,219.4,22.0,AC Unit,35.87
2024-05-29 00:00:00,2024-05-29,0,5,May,Wednesday,2.28,221.2,36.5,Office,19.38
2024-05-29 01:00:00,2024-05-29,1,5,May,Wednesday,2.36,241.0,32.7,Kitchen,20.06
2024-05-29 02:00:00,2024-05-29,2,5,May,Wednesday,3.38,235.6,22.8,Kitchen,28.73
2024-05-29 03:00:00,2024-05-29,3,5,May,Wednesday,2.29,221.6,38.8,Kitchen,19.46
2024-05-29 04:00:00,2024-05-29,4,5,May,Wednesday,3.13,221.1,39.3,Kitchen,26.61
2024-05-29 05:00:00,2024-05-29,5,5,May,Wednesday,2.91,236.2,31.1,Factory Floor,24.73
2024-05-29 06:00:00,2024-05-29,6,5,May,Wednesday,7.35,222.7,35.0,Living Room,62.47
2024-05-29 07:00:00,2024-05-29,7,5,May,Wednesday,8.85,237.9,30.1,AC Unit,75.22
2024-05-29 08:00:00,2024-05-29,8,5,May,Wednesday,8.97,223.4,36.9,Living Room,76.25
2024-05-29 09:00:00,2024-05-29,9,5,May,Wednesday,10.03,234.4,37.9,Living Room,85.25
2024-05-29 10:00:00,2024-05-29,10,5,May,Wednesday,4.32,232.6,38.9,Kitchen,36.72
2024-05-29 11:00:00,2024-05-29,11,5,May,Wednesday,5.12,223.2,40.8,Living Room,43.52
2024-05-29 12:00:00,2024-05-29,12,5,May,Wednesday,4.37,235.8,38.1,Living Room,37.15
2024-05-29 13:00:00,2024-05-29,13,5,May,Wednesday,4.63,221.6,21.8,Kitchen,39.35
2024-05-29 14:00:00,2024-05-29,14,5,May,Wednesday,5.3,218.3,21.2,Factory Floor,45.05
2024-05-29 15:00:00,2024-05-29,15,5,May,Wednesday,4.48,238.2,38.5,Factory Floor,38.08
2024-05-29 16:00:00,2024-05-29,16,5,May,Wednesday,4.67,239.4,28.4,Factory Floor,39.7
2024-05-29 17:00:00,2024-05-29,17,5,May,Wednesday,4.94,230.3,28.7,AC Unit,41.99
2024-05-29 18:00:00,2024-05-29,18,5,May,Wednesday,9.18,236.8,26.6,Living Room,78.03
2024-05-29 19:00:00,2024-05-29,19,5,May,Wednesday,10.61,234.4,33.3,Kitchen,90.19
2024-05-29 20:00:00,2024-05-29,20,5,May,Wednesday,11.35,225.3,33.3,Kitchen,96.47
2024-05-29 21:00:00,2024-05-29,21,5,May,Wednesday,9.24,221.2,39.4,Living Room,78.54
2024-05-29 22:00:00,2024-05-29,22,5,May,Wednesday,9.55,236.9,34.6,AC Unit,81.18
2024-05-29 23:00:00,2024-05-29,23,5,May,Wednesday,5.44,225.7,34.8,Living Room,46.24
2024-05-30 00:00:00,2024-05-30,0,5,May,Thursday,3.66,240.9,31.7,Factory Floor,31.11
2024-05-30 01:00:00,2024-05-30,1,5,May,Thursday,2.93,220.4,33.7,Factory Floor,24.91
2024-05-30 02:00:00,2024-05-30,2,5,May,Thursday,2.64,237.7,21.9,Office,22.44
2024-05-30 03:00:00,2024-05-30,3,5,May,Thursday,2.41,231.4,37.7,Kitchen,20.48
2024-05-30 04:00:00,2024-05-30,4,5,May,Thursday,3.49,229.1,41.1,AC Unit,29.67
2024-05-30 05:00:00,2024-05-30,5,5,May,Thursday,2.3,223.9,40.9,Living Room,19.55
2024-05-30 06:00:00,2024-05-30,6,5,May,Thursday,8.99,238.0,38.7,Office,76.42
2024-05-30 07:00:00,2024-05-30,7,5,May,Thursday,8.53,224.4,39.0,Factory Floor,72.5
2024-05-30 08:00:00,2024-05-30,8,5,May,Thursday,10.14,225.9,30.0,Office,86.19
2024-05-30 09:00:00,2024-05-30,9,5,May,Thursday,10.57,235.3,40.7,AC Unit,89.84
2024-05-30 10:00:00,2024-05-30,10,5,May,Thursday,5.25,223.8,28.2,Factory Floor,44.62
2024-05-30 11:00:00,2024-05-30,11,5,May,Thursday,5.25,227.3,36.0,Office,44.62
2024-05-30 12:00:00,2024-05-30,12,5,May,Thursday,4.57,228.3,39.9,Kitchen,38.84
2024-05-30 13:00:00,2024-05-30,13,5,May,Thursday,3.5,226.9,31.8,Living Room,29.75
2024-05-30 14:00:00,2024-05-30,14,5,May,Thursday,5.07,240.5,40.2,AC Unit,43.09
2024-05-30 15:00:00,2024-05-30,15,5,May,Thursday,4.83,222.4,28.8,Kitchen,41.05
2024-05-30 16:00:00,2024-05-30,16,5,May,Thursday,4.59,231.8,28.7,Factory Floor,39.02
2024-05-30 17:00:00,2024-05-30,17,5,May,Thursday,4.22,223.7,30.0,AC Unit,35.87
2024-05-30 18:00:00,2024-05-30,18,5,May,Thursday,9.0,241.7,25.8,Factory Floor,76.5
2024-05-30 19:00:00,2024-05-30,19,5,May,Thursday,9.17,234.0,25.8,Office,77.94
2024-05-30 20:00:00,2024-05-30,20,5,May,Thursday,10.73,240.6,38.0,AC Unit,91.2
2024-05-30 21:00:00,2024-05-30,21,5,May,Thursday,12.09,237.4,30.0,Factory Floor,102.77
2024-05-30 22:00:00,2024-05-30,22,5,May,Thursday,9.65,241.1,35.0,Living Room,82.03
2024-05-30 23:00:00,2024-05-30,23,5,May,Thursday,3.71,235.5,30.9,Office,31.54
2024-05-31 00:00:00,2024-05-31,0,5,May,Friday,3.16,220.9,28.1,Office,26.86
2024-05-31 01:00:00,2024-05-31,1,5,May,Friday,3.94,225.6,24.6,AC Unit,33.49
2024-05-31 02:00:00,2024-05-31,2,5,May,Friday,2.5,230.1,30.1,AC Unit,21.25
2024-05-31 03:00:00,2024-05-31,3,5,May,Friday,3.14,219.2,30.9,Kitchen,26.69
2024-05-31 04:00:00,2024-05-31,4,5,May,Friday,3.67,234.6,29.0,AC Unit,31.2
2024-05-31 05:00:00,2024-05-31,5,5,May,Friday,2.99,228.7,30.0,Office,25.42
2024-05-31 06:00:00,2024-05-31,6,5,May,Friday,9.06,222.7,20.1,AC Unit,77.01
2024-05-31 07:00:00,2024-05-31,7,5,May,Friday,10.07,236.3,35.4,Kitchen,85.59
2024-05-31 08:00:00,2024-05-31,8,5,May,Friday,10.37,240.3,28.1,Office,88.14
2024-05-31 09:00:00,2024-05-31,9,5,May,Friday,8.09,221.6,38.8,Kitchen,68.77
2024-05-31 10:00:00,2024-05-31,10,5,May,Friday,4.52,222.5,30.2,Kitchen,38.42
2024-05-31 11:00:00,2024-05-31,11,5,May,Friday,3.27,225.2,41.3,Living Room,27.8
2024-05-31 12:00:00,2024-05-31,12,5,May,Friday,4.76,227.6,37.7,Living Room,40.46
2024-05-31 13:00:00,2024-05-31,13,5,May,Friday,4.15,218.8,22.7,Factory Floor,35.28
2024-05-31 14:00:00,2024-05-31,14,5,May,Friday,4.6,221.7,37.1,Kitchen,39.1
2024-05-31 15:00:00,2024-05-31,15,5,May,Friday,4.84,233.5,32.7,Factory Floor,41.14
2024-05-31 16:00:00,2024-05-31,16,5,May,Friday,4.91,235.3,41.3,AC Unit,41.73
2024-05-31 17:00:00,2024-05-31,17,5,May,Friday,5.51,234.4,40.0,Kitchen,46.84
2024-05-31 18:00:00,2024-05-31,18,5,May,Friday,9.73,228.6,35.4,Kitchen,82.7
2024-05-31 19:00:00,2024-05-31,19,5,May,Friday,11.96,224.9,38.8,Kitchen,101.66
2024-05-31 20:00:00,2024-05-31,20,5,May,Friday,10.81,228.2,31.2,Living Room,91.89
2024-05-31 21:00:00,2024-05-31,21,5,May,Friday,9.11,241.4,21.0,Kitchen,77.44
2024-05-31 22:00:00,2024-05-31,22,5,May,Friday,10.51,236.3,37.8,Kitchen,89.33
2024-05-31 23:00:00,2024-05-31,23,5,May,Friday,3.86,229.8,23.4,Living Room,32.81
2024-06-01 00:00:00,2024-06-01,0,6,June,Saturday,4.16,231.3,39.6,Office,35.36
2024-06-01 01:00:00,2024-06-01,1,6,June,Saturday,2.77,220.2,38.9,Factory Floor,23.55
2024-06-01 02:00:00,2024-06-01,2,6,June,Saturday,3.14,224.2,28.9,Kitchen,26.69
2024-06-01 03:00:00,2024-06-01,3,6,June,Saturday,3.31,223.0,41.3,Kitchen,28.14
2024-06-01 04:00:00,2024-06-01,4,6,June,Saturday,3.12,221.9,35.7,Living Room,26.52
2024-06-01 05:00:00,2024-06-01,5,6,June,Saturday,3.17,241.9,27.6,Office,26.95
2024-06-01 06:00:00,2024-06-01,6,6,June,Saturday,9.09,233.2,24.1,AC Unit,77.27
2024-06-01 07:00:00,2024-06-01,7,6,June,Saturday,8.79,232.8,41.8,Kitchen,74.71
2024-06-01 08:00:00,2024-06-01,8,6,June,Saturday,7.6,238.0,34.0,Factory Floor,64.6
2024-06-01 09:00:00,2024-06-01,9,6,June,Saturday,9.94,220.8,21.2,Factory Floor,84.49
2024-06-01 10:00:00,2024-06-01,10,6,June,Saturday,4.86,220.5,25.2,Factory Floor,41.31
2024-06-01 11:00:00,2024-06-01,11,6,June,Saturday,4.57,231.4,26.7,Living Room,38.84
2024-06-01 12:00:00,2024-06-01,12,6,June,Saturday,4.63,218.3,34.5,Kitchen,39.35
2024-06-01 13:00:00,2024-06-01,13,6,June,Saturday,4.72,233.9,31.2,AC Unit,40.12
2024-06-01 14:00:00,2024-06-01,14,6,June,Saturday,4.56,237.9,30.4,AC Unit,38.76
2024-06-01 15:00:00,2024-06-01,15,6,June,Saturday,4.09,224.6,30.5,AC Unit,34.77
2024-06-01 16:00:00,2024-06-01,16,6,June,Saturday,4.21,237.2,40.6,Living Room,35.78
2024-06-01 17:00:00,2024-06-01,17,6,June,Saturday,4.16,235.3,21.6,Office,35.36
2024-06-01 18:00:00,2024-06-01,18,6,June,Saturday,11.74,224.5,32.5,Living Room,99.79
2024-06-01 19:00:00,2024-06-01,19,6,June,Saturday,11.04,232.2,29.9,Factory Floor,93.84
2024-06-01 20:00:00,2024-06-01,20,6,June,Saturday,9.28,218.0,23.0,AC Unit,78.88
2024-06-01 21:00:00,2024-06-01,21,6,June,Saturday,10.29,219.7,39.1,Factory Floor,87.46
2024-06-01 22:00:00,2024-06-01,22,6,June,Saturday,8.93,225.4,40.7,Office,75.91
2024-06-01 23:00:00,2024-06-01,23,6,June,Saturday,4.2,239.7,33.6,Factory Floor,35.7
2024-06-02 00:00:00,2024-06-02,0,6,June,Sunday,3.17,231.6,31.5,Kitchen,26.95
2024-06-02 01:00:00,2024-06-02,1,6,June,Sunday,3.67,223.6,37.6,Kitchen,31.2
2024-06-02 02:00:00,2024-06-02,2,6,June,Sunday,3.85,218.7,41.1,Office,32.73
2024-06-02 03:00:00,2024-06-02,3,6,June,Sunday,2.58,231.1,27.8,Kitchen,21.93
2024-06-02 04:00:00,2024-06-02,4,6,June,Sunday,3.33,234.8,26.8,Living Room,28.3
2024-06-02 05:00:00,2024-06-02,5,6,June,Sunday,3.04,225.4,20.7,Office,25.84
2024-06-02 06:00:00,2024-06-02,6,6,June,Sunday,10.22,222.4,22.7,Living Room,86.87
2024-06-02 07:00:00,2024-06-02,7,6,June,Sunday,8.0,218.6,27.7,Factory Floor,68.0
2024-06-02 08:00:00,2024-06-02,8,6,June,Sunday,8.02,237.2,26.3,Living Room,68.17
2024-06-02 09:00:00,2024-06-02,9,6,June,Sunday,8.56,231.5,28.7,AC Unit,72.76
2024-06-02 10:00:00,2024-06-02,10,6,June,Sunday,4.85,229.9,26.6,Factory Floor,41.22
2024-06-02 11:00:00,2024-06-02,11,6,June,Sunday,5.11,239.2,22.0,Kitchen,43.44
2024-06-02 12:00:00,2024-06-02,12,6,June,Sunday,4.12,234.6,20.7,AC Unit,35.02
2024-06-02 13:00:00,2024-06-02,13,6,June,Sunday,3.47,226.5,35.4,Factory Floor,29.5
2024-06-02 14:00:00,2024-06-02,14,6,June,Sunday,3.99,227.3,26.0,Factory Floor,33.91
2024-06-02 15:00:00,2024-06-02,15,6,June,Sunday,5.2,228.6,22.4,Office,44.2
2024-06-02 16:00:00,2024-06-02,16,6,June,Sunday,4.44,234.7,24.9,Kitchen,37.74
2024-06-02 17:00:00,2024-06-02,17,6,June,Sunday,3.47,229.2,20.2,AC Unit,29.5
2024-06-02 18:00:00,2024-06-02,18,6,June,Sunday,8.88,227.9,24.5,AC Unit,75.48
2024-06-02 19:00:00,2024-06-02,19,6,June,Sunday,8.41,225.0,31.5,Office,71.48
2024-06-02 20:00:00,2024-06-02,20,6,June,Sunday,12.5,226.4,26.2,Factory Floor,106.25
2024-06-02 21:00:00,2024-06-02,21,6,June,Sunday,10.69,239.0,40.7,AC Unit,90.86
2024-06-02 22:00:00,2024-06-02,22,6,June,Sunday,10.85,219.8,39.7,Office,92.22
2024-06-02 23:00:00,2024-06-02,23,6,June,Sunday,3.81,232.5,25.4,Office,32.38
2024-06-03 00:00:00,2024-06-03,0,6,June,Monday,4.03,224.6,29.9,Kitchen,34.26
2024-06-03 01:00:00,2024-06-03,1,6,June,Monday,2.37,218.4,36.7,Office,20.14
2024-06-03 02:00:00,2024-06-03,2,6,June,Monday,2.87,230.0,22.8,Factory Floor,24.39
2024-06-03 03:00:00,2024-06-03,3,6,June,Monday,2.29,237.6,34.1,Office,19.46
2024-06-03 04:00:00,2024-06-03,4,6,June,Monday,3.38,221.8,41.3,Office,28.73
2024-06-03 05:00:00,2024-06-03,5,6,June,Monday,1.85,238.7,36.8,Factory Floor,15.73
2024-06-03 06:00:00,2024-06-03,6,6,June,Monday,9.3,222.6,33.9,Factory Floor,79.05
2024-06-03 07:00:00,2024-06-03,7,6,June,Monday,8.64,238.6,22.8,Kitchen,73.44
2024-06-03 08:00:00,2024-06-03,8,6,June,Monday,7.2,238.4,28.4,Living Room,61.2
2024-06-03 09:00:00,2024-06-03,9,6,June,Monday,8.23,237.8,23.1,AC Unit,69.95
2024-06-03 10:00:00,2024-06-03,10,6,June,Monday,3.99,222.9,39.0,AC Unit,33.91
2024-06-03 11:00:00,2024-06-03,11,6,June,Monday,5.58,230.7,33.1,Kitchen,47.43
2024-06-03 12:00:00,2024-06-03,12,6,June,Monday,4.0,234.3,30.4,Living Room,34.0
2024-06-03 13:00:00,2024-06-03,13,6,June,Monday,4.54,237.3,40.3,Office,38.59
2024-06-03 14:00:00,2024-06-03,14,6,June,Monday,3.51,234.9,32.2,Kitchen,29.83
2024-06-03 15:00:00,2024-06-03,15,6,June,Monday,3.85,227.3,21.9,Kitchen,32.73
2024-06-03 16:00:00,2024-06-03,16,6,June,Monday,5.42,219.2,24.5,Kitchen,46.07
2024-06-03 17:00:00,2024-06-03,17,6,June,Monday,3.79,240.4,36.3,Living Room,32.22
2024-06-03 18:00:00,2024-06-03,18,6,June,Monday,11.28,222.4,28.9,Living Room,95.88
2024-06-03 19:00:00,2024-06-03,19,6,June,Monday,7.99,231.9,31.1,Factory Floor,67.92
2024-06-03 20:00:00,2024-06-03,20,6,June,Monday,11.23,231.3,39.8,AC Unit,95.45
2024-06-03 21:00:00,2024-06-03,21,6,June,Monday,12.21,224.7,36.6,Living Room,103.79
2024-06-03 22:00:00,2024-06-03,22,6,June,Monday,9.31,233.9,30.7,AC Unit,79.14
2024-06-03 23:00:00,2024-06-03,23,6,June,Monday,3.39,241.8,26.6,AC Unit,28.82
2024-06-04 00:00:00,2024-06-04,0,6,June,Tuesday,3.19,238.0,40.8,Kitchen,27.11
2024-06-04 01:00:00,2024-06-04,1,6,June,Tuesday,3.9,228.1,27.4,Factory Floor,33.15
2024-06-04 02:00:00,2024-06-04,2,6,June,Tuesday,3.46,236.2,24.4,Kitchen,29.41
2024-06-04 03:00:00,2024-06-04,3,6,June,Tuesday,2.58,218.2,20.4,AC Unit,21.93
2024-06-04 04:00:00,2024-06-04,4,6,June,Tuesday,3.8,239.1,25.1,Kitchen,32.3
2024-06-04 05:00:00,2024-06-04,5,6,June,Tuesday,3.06,235.6,22.7,Factory Floor,26.01
2024-06-04 06:00:00,2024-06-04,6,6,June,Tuesday,9.9,228.5,29.4,Factory Floor,84.15
2024-06-04 07:00:00,2024-06-04,7,6,June,Tuesday,9.34,224.0,36.5,Kitchen,79.39
2024-06-04 08:00:00,2024-06-04,8,6,June,Tuesday,7.63,240.6,23.8,Kitchen,64.86
2024-06-04 09:00:00,2024-06-04,9,6,June,Tuesday,9.57,229.7,25.2,Kitchen,81.34
2024-06-04 10:00:00,2024-06-04,10,6,June,Tuesday,4.46,237.0,21.0,Office,37.91
2024-06-04 11:00:00,2024-06-04,11,6,June,Tuesday,3.66,241.3,32.8,Living Room,31.11
2024-06-04 12:00:00,2024-06-04,12,6,June,Tuesday,3.9,241.0,34.6,Kitchen,33.15
2024-06-04 13:00:00,2024-06-04,13,6,June,Tuesday,4.47,219.4,37.9,Factory Floor,37.99
2024-06-04 14:00:00,2024-06-04,14,6,June,Tuesday,5.09,239.2,30.2,Living Room,43.27
2024-06-04 15:00:00,2024-06-04,15,6,June,Tuesday,5.14,233.3,30.9,AC Unit,43.69
2024-06-04 16:00:00,2024-06-04,16,6,June,Tuesday,4.45,238.0,40.6,Kitchen,37.83
2024-06-04 17:00:00,2024-06-04,17,6,June,Tuesday,4.9,226.6,31.9,Office,41.65
2024-06-04 18:00:00,2024-06-04,18,6,June,Tuesday,12.16,229.3,23.3,Office,103.36
2024-06-04 19:00:00,2024-06-04,19,6,June,Tuesday,10.77,232.4,37.7,Office,91.55
2024-06-04 20:00:00,2024-06-04,20,6,June,Tuesday,11.21,230.8,35.7,Office,95.29
2024-06-04 21:00:00,2024-06-04,21,6,June,Tuesday,10.44,224.0,24.1,Office,88.74
2024-06-04 22:00:00,2024-06-04,22,6,June,Tuesday,10.42,221.1,21.9,Living Room,88.57
2024-06-04 23:00:00,2024-06-04,23,6,June,Tuesday,3.7,230.3,25.2,AC Unit,31.45
2024-06-05 00:00:00,2024-06-05,0,6,June,Wednesday,2.93,235.8,21.1,Living Room,24.91
2024-06-05 01:00:00,2024-06-05,1,6,June,Wednesday,2.47,225.0,20.8,Kitchen,21.0
2024-06-05 02:00:00,2024-06-05,2,6,June,Wednesday,2.69,232.9,25.5,AC Unit,22.86
2024-06-05 03:00:00,2024-06-05,3,6,June,Wednesday,3.34,236.3,30.9,Kitchen,28.39
2024-06-05 04:00:00,2024-06-05,4,6,June,Wednesday,4.58,236.0,25.5,Office,38.93
2024-06-05 05:00:00,2024-06-05,5,6,June,Wednesday,2.23,224.9,23.2,Factory Floor,18.95
2024-06-05 06:00:00,2024-06-05,6,6,June,Wednesday,8.57,224.3,39.3,Factory Floor,72.84
2024-06-05 07:00:00,2024-06-05,7,6,June,Wednesday,9.13,235.7,35.2,Kitchen,77.61
2024-06-05 08:00:00,2024-06-05,8,6,June,Wednesday,7.49,239.1,38.3,AC Unit,63.66
2024-06-05 09:00:00,2024-06-05,9,6,June,Wednesday,9.05,231.9,27.3,AC Unit,76.93
2024-06-05 10:00:00,2024-06-05,10,6,June,Wednesday,4.73,218.2,28.2,Factory Floor,40.21
2024-06-05 11:00:00,2024-06-05,11,6,June,Wednesday,5.22,219.7,36.9,AC Unit,44.37
2024-06-05 12:00:00,2024-06-05,12,6,June,Wednesday,4.06,229.9,33.7,Kitchen,34.51
2024-06-05 13:00:00,2024-06-05,13,6,June,Wednesday,4.43,223.0,40.8,Office,37.66
2024-06-05 14:00:00,2024-06-05,14,6,June,Wednesday,4.9,224.4,30.0,Factory Floor,41.65
2024-06-05 15:00:00,2024-06-05,15,6,June,Wednesday,4.74,221.8,27.9,Kitchen,40.29
2024-06-05 16:00:00,2024-06-05,16,6,June,Wednesday,3.12,227.6,31.9,Kitchen,26.52
2024-06-05 17:00:00,2024-06-05,17,6,June,Wednesday,4.75,233.7,32.6,Kitchen,40.38
2024-06-05 18:00:00,2024-06-05,18,6,June,Wednesday,8.25,240.2,41.0,Factory Floor,70.12
2024-06-05 19:00:00,2024-06-05,19,6,June,Wednesday,8.49,236.2,35.4,Factory Floor,72.17
2024-06-05 20:00:00,2024-06-05,20,6,June,Wednesday,9.09,237.5,34.2,Kitchen,77.27
2024-06-05 21:00:00,2024-06-05,21,6,June,Wednesday,12.42,240.9,20.9,Factory Floor,105.57
2024-06-05 22:00:00,2024-06-05,22,6,June,Wednesday,9.25,218.6,34.7,AC Unit,78.62
2024-06-05 23:00:00,2024-06-05,23,6,June,Wednesday,3.4,220.6,34.4,Living Room,28.9
2024-06-06 00:00:00,2024-06-06,0,6,June,Thursday,3.96,223.4,38.8,Living Room,33.66
2024-06-06 01:00:00,2024-06-06,1,6,June,Thursday,2.2,220.3,38.2,Living Room,18.7
2024-06-06 02:00:00,2024-06-06,2,6,June,Thursday,2.88,239.2,35.6,Office,24.48
2024-06-06 03:00:00,2024-06-06,3,6,June,Thursday,3.13,230.0,28.8,Living Room,26.61
2024-06-06 04:00:00,2024-06-06,4,6,June,Thursday,3.59,224.3,31.8,Factory Floor,30.52
2024-06-06 05:00:00,2024-06-06,5,6,June,Thursday,2.44,238.1,20.0,Factory Floor,20.74
2024-06-06 06:00:00,2024-06-06,6,6,June,Thursday,9.3,229.9,34.0,Factory Floor,79.05
2024-06-06 07:00:00,2024-06-06,7,6,June,Thursday,7.69,235.7,28.5,Factory Floor,65.37
2024-06-06 08:00:00,2024-06-06,8,6,June,Thursday,9.33,236.6,22.6,Factory Floor,79.31
2024-06-06 09:00:00,2024-06-06,9,6,June,Thursday,9.27,220.7,23.1,Factory Floor,78.8
2024-06-06 10:00:00,2024-06-06,10,6,June,Thursday,4.8,222.6,20.4,Living Room,40.8
2024-06-06 11:00:00,2024-06-06,11,6,June,Thursday,3.25,224.1,24.8,Living Room,27.62
2024-06-06 12:00:00,2024-06-06,12,6,June,Thursday,4.05,230.3,39.4,Living Room,34.42
2024-06-06 13:00:00,2024-06-06,13,6,June,Thursday,4.04,228.7,38.2,Factory Floor,34.34
2024-06-06 14:00:00,2024-06-06,14,6,June,Thursday,4.77,232.7,32.7,Office,40.54
2024-06-06 15:00:00,2024-06-06,15,6,June,Thursday,3.35,234.8,22.4,Office,28.48
2024-06-06 16:00:00,2024-06-06,16,6,June,Thursday,3.26,228.4,29.0,Kitchen,27.71
2024-06-06 17:00:00,2024-06-06,17,6,June,Thursday,4.47,226.3,24.3,Kitchen,37.99
2024-06-06 18:00:00,2024-06-06,18,6,June,Thursday,9.94,239.0,20.1,Living Room,84.49
2024-06-06 19:00:00,2024-06-06,19,6,June,Thursday,8.91,230.7,25.2,Living Room,75.73
2024-06-06 20:00:00,2024-06-06,20,6,June,Thursday,12.01,228.0,37.8,Kitchen,102.08
2024-06-06 21:00:00,2024-06-06,21,6,June,Thursday,11.38,219.4,28.8,Factory Floor,96.73
2024-06-06 22:00:00,2024-06-06,22,6,June,Thursday,9.01,223.9,25.0,Office,76.58
2024-06-06 23:00:00,2024-06-06,23,6,June,Thursday,5.19,238.9,33.4,Factory Floor,44.12
2024-06-07 00:00:00,2024-06-07,0,6,June,Friday,3.3,237.5,29.0,Living Room,28.05
2024-06-07 01:00:00,2024-06-07,1,6,June,Friday,3.65,241.1,40.1,Factory Floor,31.02
2024-06-07 02:00:00,2024-06-07,2,6,June,Friday,2.98,231.3,41.2,Living Room,25.33
2024-06-07 03:00:00,2024-06-07,3,6,June,Friday,2.3,230.1,23.5,Kitchen,19.55
2024-06-07 04:00:00,2024-06-07,4,6,June,Friday,2.26,238.4,36.1,Kitchen,19.21
2024-06-07 05:00:00,2024-06-07,5,6,June,Friday,2.76,235.5,21.4,Factory Floor,23.46
2024-06-07 06:00:00,2024-06-07,6,6,June,Friday,9.59,234.8,28.9,Factory Floor,81.52
2024-06-07 07:00:00,2024-06-07,7,6,June,Friday,7.71,236.1,35.9,Office,65.53
2024-06-07 08:00:00,2024-06-07,8,6,June,Friday,8.71,230.5,38.8,AC Unit,74.04
2024-06-07 09:00:00,2024-06-07,9,6,June,Friday,7.02,232.6,41.0,Living Room,59.67
2024-06-07 10:00:00,2024-06-07,10,6,June,Friday,4.42,220.7,41.3,Factory Floor,37.57
2024-06-07 11:00:00,2024-06-07,11,6,June,Friday,4.69,223.9,35.2,AC Unit,39.87
2024-06-07 12:00:00,2024-06-07,12,6,June,Friday,4.5,234.2,41.8,Kitchen,38.25
2024-06-07 13:00:00,2024-06-07,13,6,June,Friday,4.78,234.7,38.1,Office,40.63
2024-06-07 14:00:00,2024-06-07,14,6,June,Friday,3.94,238.9,32.6,Living Room,33.49
2024-06-07 15:00:00,2024-06-07,15,6,June,Friday,3.72,225.4,31.2,Office,31.62
2024-06-07 16:00:00,2024-06-07,16,6,June,Friday,4.94,225.8,33.3,Factory Floor,41.99
2024-06-07 17:00:00,2024-06-07,17,6,June,Friday,4.27,228.7,26.6,Kitchen,36.29
2024-06-07 18:00:00,2024-06-07,18,6,June,Friday,10.98,233.1,23.1,Office,93.33
2024-06-07 19:00:00,2024-06-07,19,6,June,Friday,10.83,219.5,29.6,Office,92.06
2024-06-07 20:00:00,2024-06-07,20,6,June,Friday,8.63,236.8,30.1,Factory Floor,73.36
2024-06-07 21:00:00,2024-06-07,21,6,June,Friday,9.34,231.7,28.9,Living Room,79.39
2024-06-07 22:00:00,2024-06-07,22,6,June,Friday,11.81,230.1,26.6,Factory Floor,100.39
2024-06-07 23:00:00,2024-06-07,23,6,June,Friday,4.21,229.0,40.8,AC Unit,35.78
2024-06-08 00:00:00,2024-06-08,0,6,June,Saturday,3.8,230.8,41.9,AC Unit,32.3
2024-06-08 01:00:00,2024-06-08,1,6,June,Saturday,2.56,225.6,37.4,Kitchen,21.76
2024-06-08 02:00:00,2024-06-08,2,6,June,Saturday,2.76,218.2,41.2,Living Room,23.46
2024-06-08 03:00:00,2024-06-08,3,6,June,Saturday,3.3,221.3,30.1,Factory Floor,28.05
2024-06-08 04:00:00,2024-06-08,4,6,June,Saturday,3.61,218.4,32.0,AC Unit,30.68
2024-06-08 05:00:00,2024-06-08,5,6,June,Saturday,2.49,236.5,20.0,Office,21.17
2024-06-08 06:00:00,2024-06-08,6,6,June,Saturday,8.77,219.0,30.6,Office,74.55
2024-06-08 07:00:00,2024-06-08,7,6,June,Saturday,9.63,224.3,38.8,Living Room,81.86
2024-06-08 08:00:00,2024-06-08,8,6,June,Saturday,9.36,218.3,40.4,Factory Floor,79.56
2024-06-08 09:00:00,2024-06-08,9,6,June,Saturday,10.24,223.1,35.0,Factory Floor,87.04
2024-06-08 10:00:00,2024-06-08,10,6,June,Saturday,4.92,232.2,39.1,Office,41.82
2024-06-08 11:00:00,2024-06-08,11,6,June,Saturday,3.92,239.9,40.9,Factory Floor,33.32
2024-06-08 12:00:00,2024-06-08,12,6,June,Saturday,4.14,236.4,24.2,Factory Floor,35.19
2024-06-08 13:00:00,2024-06-08,13,6,June,Saturday,5.62,239.5,26.5,Factory Floor,47.77
2024-06-08 14:00:00,2024-06-08,14,6,June,Saturday,4.64,229.5,35.9,Living Room,39.44
2024-06-08 15:00:00,2024-06-08,15,6,June,Saturday,4.84,221.9,39.3,Living Room,41.14
2024-06-08 16:00:00,2024-06-08,16,6,June,Saturday,3.69,222.9,28.2,Living Room,31.36
2024-06-08 17:00:00,2024-06-08,17,6,June,Saturday,3.37,225.1,40.9,AC Unit,28.64
2024-06-08 18:00:00,2024-06-08,18,6,June,Saturday,8.76,229.6,34.6,Factory Floor,74.46
2024-06-08 19:00:00,2024-06-08,19,6,June,Saturday,11.91,227.0,26.6,Living Room,101.23
2024-06-08 20:00:00,2024-06-08,20,6,June,Saturday,10.21,225.8,27.6,Office,86.79
2024-06-08 21:00:00,2024-06-08,21,6,June,Saturday,10.02,228.2,23.9,Kitchen,85.17
2024-06-08 22:00:00,2024-06-08,22,6,June,Saturday,7.75,240.4,34.2,AC Unit,65.88
2024-06-08 23:00:00,2024-06-08,23,6,June,Saturday,3.91,230.0,30.6,Factory Floor,33.23
2024-06-09 00:00:00,2024-06-09,0,6,June,Sunday,3.06,226.9,24.9,Factory Floor,26.01
2024-06-09 01:00:00,2024-06-09,1,6,June,Sunday,2.69,223.6,25.0,Living Room,22.86
2024-06-09 02:00:00,2024-06-09,2,6,June,Sunday,1.81,226.0,27.6,Living Room,15.38
2024-06-09 03:00:00,2024-06-09,3,6,June,Sunday,4.39,219.4,36.3,Factory Floor,37.31
2024-06-09 04:00:00,2024-06-09,4,6,June,Sunday,2.33,238.9,40.4,Factory Floor,19.8
2024-06-09 05:00:00,2024-06-09,5,6,June,Sunday,3.46,241.3,30.9,Factory Floor,29.41
2024-06-09 06:00:00,2024-06-09,6,6,June,Sunday,9.93,223.9,27.6,AC Unit,84.41
2024-06-09 07:00:00,2024-06-09,7,6,June,Sunday,9.1,222.3,34.7,Kitchen,77.35
2024-06-09 08:00:00,2024-06-09,8,6,June,Sunday,9.45,225.5,28.9,Office,80.32
2024-06-09 09:00:00,2024-06-09,9,6,June,Sunday,7.8,219.6,27.4,Living Room,66.3
2024-06-09 10:00:00,2024-06-09,10,6,June,Sunday,4.69,226.7,33.2,AC Unit,39.87
2024-06-09 11:00:00,2024-06-09,11,6,June,Sunday,4.2,229.3,36.8,Kitchen,35.7
2024-06-09 12:00:00,2024-06-09,12,6,June,Sunday,3.85,228.5,31.6,AC Unit,32.73
2024-06-09 13:00:00,2024-06-09,13,6,June,Sunday,4.01,229.1,27.8,AC Unit,34.09
2024-06-09 14:00:00,2024-06-09,14,6,June,Sunday,5.38,229.0,25.7,Office,45.73
2024-06-09 15:00:00,2024-06-09,15,6,June,Sunday,3.74,229.7,31.8,Kitchen,31.79
2024-06-09 16:00:00,2024-06-09,16,6,June,Sunday,3.92,228.1,39.2,Living Room,33.32
2024-06-09 17:00:00,2024-06-09,17,6,June,Sunday,4.62,233.5,40.2,Kitchen,39.27
2024-06-09 18:00:00,2024-06-09,18,6,June,Sunday,9.26,230.8,23.9,Office,78.71
2024-06-09 19:00:00,2024-06-09,19,6,June,Sunday,9.34,229.4,20.2,Office,79.39
2024-06-09 20:00:00,2024-06-09,20,6,June,Sunday,9.43,222.4,29.8,AC Unit,80.16
2024-06-09 21:00:00,2024-06-09,21,6,June,Sunday,10.51,225.9,25.0,Office,89.33
2024-06-09 22:00:00,2024-06-09,22,6,June,Sunday,9.09,226.5,35.1,Kitchen,77.27
2024-06-09 23:00:00,2024-06-09,23,6,June,Sunday,4.45,229.9,36.2,Factory Floor,37.83
2024-06-10 00:00:00,2024-06-10,0,6,June,Monday,3.72,227.5,40.5,AC Unit,31.62
2024-06-10 01:00:00,2024-06-10,1,6,June,Monday,3.54,232.5,25.7,Factory Floor,30.09
2024-06-10 02:00:00,2024-06-10,2,6,June,Monday,3.2,226.2,33.4,Office,27.2
2024-06-10 03:00:00,2024-06-10,3,6,June,Monday,1.51,219.2,33.1,AC Unit,12.84
2024-06-10 04:00:00,2024-06-10,4,6,June,Monday,3.21,223.6,40.5,AC Unit,27.29
2024-06-10 05:00:00,2024-06-10,5,6,June,Monday,3.79,227.8,31.5,AC Unit,32.22
2024-06-10 06:00:00,2024-06-10,6,6,June,Monday,7.38,240.5,37.1,AC Unit,62.73
2024-06-10 07:00:00,2024-06-10,7,6,June,Monday,10.58,232.8,30.1,AC Unit,89.93
2024-06-10 08:00:00,2024-06-10,8,6,June,Monday,9.31,237.8,39.6,AC Unit,79.14
2024-06-10 09:00:00,2024-06-10,9,6,June,Monday,9.8,221.0,31.4,Living Room,83.3
2024-06-10 10:00:00,2024-06-10,10,6,June,Monday,4.74,221.4,29.7,Office,40.29
2024-06-10 11:00:00,2024-06-10,11,6,June,Monday,4.46,233.8,34.6,Living Room,37.91
2024-06-10 12:00:00,2024-06-10,12,6,June,Monday,4.94,231.0,34.1,Factory Floor,41.99
2024-06-10 13:00:00,2024-06-10,13,6,June,Monday,5.26,240.2,36.5,Office,44.71
2024-06-10 14:00:00,2024-06-10,14,6,June,Monday,4.56,240.2,37.8,AC Unit,38.76
2024-06-10 15:00:00,2024-06-10,15,6,June,Monday,4.8,229.9,39.2,Office,40.8
2024-06-10 16:00:00,2024-06-10,16,6,June,Monday,5.97,220.5,24.0,Kitchen,50.74
2024-06-10 17:00:00,2024-06-10,17,6,June,Monday,4.49,230.1,36.5,Office,38.16
2024-06-10 18:00:00,2024-06-10,18,6,June,Monday,7.87,241.7,30.8,Office,66.89
2024-06-10 19:00:00,2024-06-10,19,6,June,Monday,9.55,218.3,38.1,Office,81.18
2024-06-10 20:00:00,2024-06-10,20,6,June,Monday,12.2,231.7,38.6,Living Room,103.7
2024-06-10 21:00:00,2024-06-10,21,6,June,Monday,10.31,221.5,39.0,Factory Floor,87.64
2024-06-10 22:00:00,2024-06-10,22,6,June,Monday,10.57,220.1,38.2,AC Unit,89.84
2024-06-10 23:00:00,2024-06-10,23,6,June,Monday,5.03,218.5,35.9,Living Room,42.76
2024-06-11 00:00:00,2024-06-11,0,6,June,Tuesday,2.76,234.2,20.4,Living Room,23.46
2024-06-11 01:00:00,2024-06-11,1,6,June,Tuesday,2.94,218.3,41.1,Office,24.99
2024-06-11 02:00:00,2024-06-11,2,6,June,Tuesday,3.5,221.2,39.1,AC Unit,29.75
2024-06-11 03:00:00,2024-06-11,3,6,June,Tuesday,3.37,219.4,31.7,Office,28.64
2024-06-11 04:00:00,2024-06-11,4,6,June,Tuesday,3.63,219.0,27.2,Kitchen,30.86
2024-06-11 05:00:00,2024-06-11,5,6,June,Tuesday,3.34,219.7,27.6,Office,28.39
2024-06-11 06:00:00,2024-06-11,6,6,June,Tuesday,8.65,240.0,21.7,AC Unit,73.53
2024-06-11 07:00:00,2024-06-11,7,6,June,Tuesday,9.3,223.0,25.3,Office,79.05
2024-06-11 08:00:00,2024-06-11,8,6,June,Tuesday,6.53,225.7,39.2,Factory Floor,55.51
2024-06-11 09:00:00,2024-06-11,9,6,June,Tuesday,7.83,234.0,21.9,AC Unit,66.56
2024-06-11 10:00:00,2024-06-11,10,6,June,Tuesday,5.54,223.7,30.7,Kitchen,47.09
2024-06-11 11:00:00,2024-06-11,11,6,June,Tuesday,4.5,220.8,28.4,Kitchen,38.25
2024-06-11 12:00:00,2024-06-11,12,6,June,Tuesday,4.46,219.0,22.9,Office,37.91
2024-06-11 13:00:00,2024-06-11,13,6,June,Tuesday,5.29,222.4,20.6,Kitchen,44.97
2024-06-11 14:00:00,2024-06-11,14,6,June,Tuesday,4.51,236.4,28.3,Living Room,38.34
2024-06-11 15:00:00,2024-06-11,15,6,June,Tuesday,3.94,222.3,21.8,AC Unit,33.49
2024-06-11 16:00:00,2024-06-11,16,6,June,Tuesday,4.33,234.4,21.7,Living Room,36.8
2024-06-11 17:00:00,2024-06-11,17,6,June,Tuesday,4.94,241.0,27.1,Kitchen,41.99
2024-06-11 18:00:00,2024-06-11,18,6,June,Tuesday,10.72,225.2,38.2,Living Room,91.12
2024-06-11 19:00:00,2024-06-11,19,6,June,Tuesday,12.87,234.1,32.0,Kitchen,109.39
2024-06-11 20:00:00,2024-06-11,20,6,June,Tuesday,9.65,229.7,24.6,Kitchen,82.03
2024-06-11 21:00:00,2024-06-11,21,6,June,Tuesday,11.86,233.2,34.9,Factory Floor,100.81
2024-06-11 22:00:00,2024-06-11,22,6,June,Tuesday,9.2,225.6,24.7,Living Room,78.2
2024-06-11 23:00:00,2024-06-11,23,6,June,Tuesday,4.73,219.1,30.9,AC Unit,40.21
2024-06-12 00:00:00,2024-06-12,0,6,June,Wednesday,3.69,232.6,41.2,Living Room,31.36
2024-06-12 01:00:00,2024-06-12,1,6,June,Wednesday,2.31,238.6,40.6,Office,19.64
2024-06-12 02:00:00,2024-06-12,2,6,June,Wednesday,2.4,241.1,22.5,Kitchen,20.4
2024-06-12 03:00:00,2024-06-12,3,6,June,Wednesday,3.24,239.4,23.0,Factory Floor,27.54
2024-06-12 04:00:00,2024-06-12,4,6,June,Wednesday,2.61,233.4,29.3,Office,22.18
2024-06-12 05:00:00,2024-06-12,5,6,June,Wednesday,3.8,236.2,38.5,AC Unit,32.3
2024-06-12 06:00:00,2024-06-12,6,6,June,Wednesday,9.89,225.3,24.6,Office,84.06
2024-06-12 07:00:00,2024-06-12,7,6,June,Wednesday,10.59,222.9,30.3,AC Unit,90.02
2024-06-12 08:00:00,2024-06-12,8,6,June,Wednesday,9.56,227.7,36.7,Factory Floor,81.26
2024-06-12 09:00:00,2024-06-12,9,6,June,Wednesday,6.78,218.2,20.3,Living Room,57.63
2024-06-12 10:00:00,2024-06-12,10,6,June,Wednesday,5.23,230.3,34.0,Factory Floor,44.46
2024-06-12 11:00:00,2024-06-12,11,6,June,Wednesday,5.12,221.1,22.9,AC Unit,43.52
2024-06-12 12:00:00,2024-06-12,12,6,June,Wednesday,5.54,240.2,21.5,Kitchen,47.09
2024-06-12 13:00:00,2024-06-12,13,6,June,Wednesday,4.96,220.0,20.8,AC Unit,42.16
2024-06-12 14:00:00,2024-06-12,14,6,June,Wednesday,4.03,224.4,26.1,Living Room,34.26
2024-06-12 15:00:00,2024-06-12,15,6,June,Wednesday,3.8,234.5,38.5,AC Unit,32.3
2024-06-12 16:00:00,2024-06-12,16,6,June,Wednesday,3.41,224.5,42.0,Kitchen,28.98
2024-06-12 17:00:00,2024-06-12,17,6,June,Wednesday,5.32,219.4,30.6,Office,45.22
2024-06-12 18:00:00,2024-06-12,18,6,June,Wednesday,11.07,221.5,26.1,Factory Floor,94.09
2024-06-12 19:00:00,2024-06-12,19,6,June,Wednesday,9.13,221.6,28.6,AC Unit,77.61
2024-06-12 20:00:00,2024-06-12,20,6,June,Wednesday,11.82,222.3,21.7,Factory Floor,100.47
2024-06-12 21:00:00,2024-06-12,21,6,June,Wednesday,12.14,218.3,38.3,Kitchen,103.19
2024-06-12 22:00:00,2024-06-12,22,6,June,Wednesday,8.42,232.9,20.8,AC Unit,71.57
2024-06-12 23:00:00,2024-06-12,23,6,June,Wednesday,4.2,234.5,24.7,Factory Floor,35.7
2024-06-13 00:00:00,2024-06-13,0,6,June,Thursday,3.53,233.7,21.2,Kitchen,30.0
2024-06-13 01:00:00,2024-06-13,1,6,June,Thursday,1.62,237.0,28.6,Factory Floor,13.77
2024-06-13 02:00:00,2024-06-13,2,6,June,Thursday,1.78,227.8,32.0,Living Room,15.13
2024-06-13 03:00:00,2024-06-13,3,6,June,Thursday,3.52,218.7,22.1,Kitchen,29.92
2024-06-13 04:00:00,2024-06-13,4,6,June,Thursday,4.34,218.3,37.6,Kitchen,36.89
2024-06-13 05:00:00,2024-06-13,5,6,June,Thursday,2.32,218.8,29.9,Kitchen,19.72
2024-06-13 06:00:00,2024-06-13,6,6,June,Thursday,7.5,231.6,36.4,Factory Floor,63.75
2024-06-13 07:00:00,2024-06-13,7,6,June,Thursday,10.46,222.5,20.5,AC Unit,88.91
2024-06-13 08:00:00,2024-06-13,8,6,June,Thursday,9.57,235.8,37.4,Factory Floor,81.34
2024-06-13 09:00:00,2024-06-13,9,6,June,Thursday,7.47,241.1,30.4,Living Room,63.49
2024-06-13 10:00:00,2024-06-13,10,6,June,Thursday,4.22,227.8,41.6,Kitchen,35.87
2024-06-13 11:00:00,2024-06-13,11,6,June,Thursday,5.41,225.0,37.3,Kitchen,45.98
2024-06-13 12:00:00,2024-06-13,12,6,June,Thursday,3.51,233.6,20.3,AC Unit,29.83
2024-06-13 13:00:00,2024-06-13,13,6,June,Thursday,4.27,224.5,21.8,Living Room,36.29
2024-06-13 14:00:00,2024-06-13,14,6,June,Thursday,4.47,237.8,37.6,Factory Floor,37.99
2024-06-13 15:00:00,2024-06-13,15,6,June,Thursday,5.14,218.5,34.8,Factory Floor,43.69
2024-06-13 16:00:00,2024-06-13,16,6,June,Thursday,4.64,220.3,40.3,Factory Floor,39.44
2024-06-13 17:00:00,2024-06-13,17,6,June,Thursday,4.47,232.5,26.6,Office,37.99
2024-06-13 18:00:00,2024-06-13,18,6,June,Thursday,9.17,240.8,38.2,AC Unit,77.94
2024-06-13 19:00:00,2024-06-13,19,6,June,Thursday,10.42,221.2,22.3,Living Room,88.57
2024-06-13 20:00:00,2024-06-13,20,6,June,Thursday,10.72,238.2,23.8,Factory Floor,91.12
2024-06-13 21:00:00,2024-06-13,21,6,June,Thursday,10.73,224.9,33.3,Office,91.2
2024-06-13 22:00:00,2024-06-13,22,6,June,Thursday,11.61,237.0,40.0,Office,98.69
2024-06-13 23:00:00,2024-06-13,23,6,June,Thursday,4.48,229.1,42.0,Living Room,38.08
2024-06-14 00:00:00,2024-06-14,0,6,June,Friday,2.49,218.6,36.5,Factory Floor,21.17
2024-06-14 01:00:00,2024-06-14,1,6,June,Friday,2.38,231.5,32.6,Factory Floor,20.23
2024-06-14 02:00:00,2024-06-14,2,6,June,Friday,3.53,228.5,21.0,Factory Floor,30.0
2024-06-14 03:00:00,2024-06-14,3,6,June,Friday,3.41,237.8,39.7,Kitchen,28.98
2024-06-14 04:00:00,2024-06-14,4,6,June,Friday,4.16,238.0,37.3,Kitchen,35.36
2024-06-14 05:00:00,2024-06-14,5,6,June,Friday,2.7,228.8,40.9,Office,22.95
2024-06-14 06:00:00,2024-06-14,6,6,June,Friday,7.89,227.8,26.0,Kitchen,67.06
2024-06-14 07:00:00,2024-06-14,7,6,June,Friday,8.32,241.9,24.4,Factory Floor,70.72
2024-06-14 08:00:00,2024-06-14,8,6,June,Friday,10.41,226.6,27.2,Kitchen,88.48
2024-06-14 09:00:00,2024-06-14,9,6,June,Friday,8.31,231.2,28.3,AC Unit,70.64
2024-06-14 10:00:00,2024-06-14,10,6,June,Friday,5.48,228.9,33.1,Office,46.58
2024-06-14 11:00:00,2024-06-14,11,6,June,Friday,3.53,231.7,37.1,Living Room,30.0
2024-06-14 12:00:00,2024-06-14,12,6,June,Friday,3.36,237.2,20.5,Living Room,28.56
2024-06-14 13:00:00,2024-06-14,13,6,June,Friday,4.52,233.1,38.0,Kitchen,38.42
2024-06-14 14:00:00,2024-06-14,14,6,June,Friday,4.57,229.0,38.3,Office,38.84
2024-06-14 15:00:00,2024-06-14,15,6,June,Friday,5.47,229.0,35.8,Living Room,46.49
2024-06-14 16:00:00,2024-06-14,16,6,June,Friday,4.32,235.6,26.6,Living Room,36.72
2024-06-14 17:00:00,2024-06-14,17,6,June,Friday,5.75,231.1,30.6,AC Unit,48.88
2024-06-14 18:00:00,2024-06-14,18,6,June,Friday,8.66,232.3,38.5,Office,73.61
2024-06-14 19:00:00,2024-06-14,19,6,June,Friday,10.68,220.8,22.1,Kitchen,90.78
2024-06-14 20:00:00,2024-06-14,20,6,June,Friday,11.07,239.2,27.0,Office,94.09
2024-06-14 21:00:00,2024-06-14,21,6,June,Friday,10.22,230.0,36.7,AC Unit,86.87
2024-06-14 22:00:00,2024-06-14,22,6,June,Friday,8.27,237.3,34.6,Living Room,70.3
2024-06-14 23:00:00,2024-06-14,23,6,June,Friday,4.05,223.7,29.1,Living Room,34.42
2024-06-15 00:00:00,2024-06-15,0,6,June,Saturday,2.88,232.3,26.2,AC Unit,24.48
2024-06-15 01:00:00,2024-06-15,1,6,June,Saturday,2.15,219.3,21.3,Kitchen,18.27
2024-06-15 02:00:00,2024-06-15,2,6,June,Saturday,3.04,221.3,36.9,Living Room,25.84
2024-06-15 03:00:00,2024-06-15,3,6,June,Saturday,1.75,223.3,29.8,AC Unit,14.88
2024-06-15 04:00:00,2024-06-15,4,6,June,Saturday,2.22,221.4,31.7,Office,18.87
2024-06-15 05:00:00,2024-06-15,5,6,June,Saturday,2.8,239.7,30.3,AC Unit,23.8
2024-06-15 06:00:00,2024-06-15,6,6,June,Saturday,8.61,240.8,24.9,Factory Floor,73.19
2024-06-15 07:00:00,2024-06-15,7,6,June,Saturday,6.8,220.3,37.0,Kitchen,57.8
2024-06-15 08:00:00,2024-06-15,8,6,June,Saturday,8.87,234.5,40.6,Kitchen,75.39
2024-06-15 09:00:00,2024-06-15,9,6,June,Saturday,10.65,218.4,34.6,Factory Floor,90.53
2024-06-15 10:00:00,2024-06-15,10,6,June,Saturday,3.26,229.2,23.8,Living Room,27.71
2024-06-15 11:00:00,2024-06-15,11,6,June,Saturday,3.94,219.3,22.8,Kitchen,33.49
2024-06-15 12:00:00,2024-06-15,12,6,June,Saturday,4.5,218.7,35.9,Kitchen,38.25
2024-06-15 13:00:00,2024-06-15,13,6,June,Saturday,4.31,231.6,41.8,Factory Floor,36.63
2024-06-15 14:00:00,2024-06-15,14,6,June,Saturday,3.23,218.7,39.9,Office,27.45
2024-06-15 15:00:00,2024-06-15,15,6,June,Saturday,4.44,235.7,29.6,AC Unit,37.74
2024-06-15 16:00:00,2024-06-15,16,6,June,Saturday,4.26,239.4,40.1,AC Unit,36.21
2024-06-15 17:00:00,2024-06-15,17,6,June,Saturday,4.35,241.3,26.7,Kitchen,36.97
2024-06-15 18:00:00,2024-06-15,18,6,June,Saturday,12.95,223.3,33.9,Factory Floor,110.07
2024-06-15 19:00:00,2024-06-15,19,6,June,Saturday,10.97,226.0,20.2,Factory Floor,93.25
2024-06-15 20:00:00,2024-06-15,20,6,June,Saturday,12.46,241.1,26.8,Kitchen,105.91
2024-06-15 21:00:00,2024-06-15,21,6,June,Saturday,9.7,220.0,42.0,Office,82.45
2024-06-15 22:00:00,2024-06-15,22,6,June,Saturday,10.31,236.0,22.8,Factory Floor,87.64
2024-06-15 23:00:00,2024-06-15,23,6,June,Saturday,4.52,228.9,20.1,Factory Floor,38.42
2024-06-16 00:00:00,2024-06-16,0,6,June,Sunday,2.95,226.4,35.4,Factory Floor,25.08
2024-06-16 01:00:00,2024-06-16,1,6,June,Sunday,3.04,219.8,40.4,Factory Floor,25.84
2024-06-16 02:00:00,2024-06-16,2,6,June,Sunday,2.48,230.3,38.6,Office,21.08
2024-06-16 03:00:00,2024-06-16,3,6,June,Sunday,2.72,221.8,21.3,Kitchen,23.12
2024-06-16 04:00:00,2024-06-16,4,6,June,Sunday,2.69,220.6,31.2,Office,22.86
2024-06-16 05:00:00,2024-06-16,5,6,June,Sunday,4.39,221.0,26.9,AC Unit,37.31
2024-06-16 06:00:00,2024-06-16,6,6,June,Sunday,9.36,228.1,36.3,Factory Floor,79.56
2024-06-16 07:00:00,2024-06-16,7,6,June,Sunday,9.69,226.1,34.0,AC Unit,82.36
2024-06-16 08:00:00,2024-06-16,8,6,June,Sunday,9.48,224.2,37.3,Living Room,80.58
2024-06-16 09:00:00,2024-06-16,9,6,June,Sunday,10.51,224.8,38.0,Living Room,89.33
2024-06-16 10:00:00,2024-06-16,10,6,June,Sunday,3.91,229.8,24.3,Office,33.23
2024-06-16 11:00:00,2024-06-16,11,6,June,Sunday,3.31,224.0,38.9,Factory Floor,28.14
2024-06-16 12:00:00,2024-06-16,12,6,June,Sunday,3.69,234.3,37.4,Office,31.36
2024-06-16 13:00:00,2024-06-16,13,6,June,Sunday,5.25,222.3,21.4,Office,44.62
2024-06-16 14:00:00,2024-06-16,14,6,June,Sunday,4.36,230.9,41.8,Factory Floor,37.06
2024-06-16 15:00:00,2024-06-16,15,6,June,Sunday,4.29,226.3,22.2,Living Room,36.47
2024-06-16 16:00:00,2024-06-16,16,6,June,Sunday,5.17,221.9,39.3,AC Unit,43.95
2024-06-16 17:00:00,2024-06-16,17,6,June,Sunday,4.14,220.0,36.0,Kitchen,35.19
2024-06-16 18:00:00,2024-06-16,18,6,June,Sunday,11.09,225.5,36.4,Office,94.27
2024-06-16 19:00:00,2024-06-16,19,6,June,Sunday,10.58,221.4,35.7,Office,89.93
2024-06-16 20:00:00,2024-06-16,20,6,June,Sunday,10.72,219.5,35.4,Living Room,91.12
2024-06-16 21:00:00,2024-06-16,21,6,June,Sunday,11.07,232.5,41.1,Living Room,94.09
2024-06-16 22:00:00,2024-06-16,22,6,June,Sunday,8.85,223.0,40.2,Factory Floor,75.22
2024-06-16 23:00:00,2024-06-16,23,6,June,Sunday,4.87,236.0,30.9,Living Room,41.4
2024-06-17 00:00:00,2024-06-17,0,6,June,Monday,3.0,228.0,37.2,Living Room,25.5
2024-06-17 01:00:00,2024-06-17,1,6,June,Monday,3.51,221.7,41.7,AC Unit,29.83
2024-06-17 02:00:00,2024-06-17,2,6,June,Monday,3.3,219.2,31.2,Living Room,28.05
2024-06-17 03:00:00,2024-06-17,3,6,June,Monday,2.97,229.2,31.5,AC Unit,25.25
2024-06-17 04:00:00,2024-06-17,4,6,June,Monday,2.41,241.0,27.5,AC Unit,20.48
2024-06-17 05:00:00,2024-06-17,5,6,June,Monday,2.9,240.1,32.3,Factory Floor,24.65
2024-06-17 06:00:00,2024-06-17,6,6,June,Monday,7.71,229.2,36.7,Kitchen,65.53
2024-06-17 07:00:00,2024-06-17,7,6,June,Monday,9.4,218.7,35.2,Living Room,79.9
2024-06-17 08:00:00,2024-06-17,8,6,June,Monday,10.11,221.1,24.5,Office,85.94
2024-06-17 09:00:00,2024-06-17,9,6,June,Monday,10.8,224.0,30.8,Living Room,91.8
2024-06-17 10:00:00,2024-06-17,10,6,June,Monday,4.56,238.1,20.9,Factory Floor,38.76
2024-06-17 11:00:00,2024-06-17,11,6,June,Monday,4.23,239.7,24.0,AC Unit,35.96
2024-06-17 12:00:00,2024-06-17,12,6,June,Monday,4.77,235.2,28.1,AC Unit,40.54
2024-06-17 13:00:00,2024-06-17,13,6,June,Monday,4.9,218.8,23.7,AC Unit,41.65
2024-06-17 14:00:00,2024-06-17,14,6,June,Monday,4.63,237.2,23.0,Factory Floor,39.35
2024-06-17 15:00:00,2024-06-17,15,6,June,Monday,5.09,237.8,28.6,Living Room,43.27
2024-06-17 16:00:00,2024-06-17,16,6,June,Monday,4.96,234.1,28.4,AC Unit,42.16
2024-06-17 17:00:00,2024-06-17,17,6,June,Monday,4.95,234.0,20.4,Factory Floor,42.08
2024-06-17 18:00:00,2024-06-17,18,6,June,Monday,10.88,234.6,25.4,AC Unit,92.48
2024-06-17 19:00:00,2024-06-17,19,6,June,Monday,12.61,220.1,21.2,Living Room,107.19
2024-06-17 20:00:00,2024-06-17,20,6,June,Monday,12.97,227.3,20.1,Living Room,110.25
2024-06-17 21:00:00,2024-06-17,21,6,June,Monday,9.58,240.9,34.3,AC Unit,81.43
2024-06-17 22:00:00,2024-06-17,22,6,June,Monday,11.73,234.9,35.3,Office,99.7
2024-06-17 23:00:00,2024-06-17,23,6,June,Monday,4.3,221.3,31.9,AC Unit,36.55
2024-06-18 00:00:00,2024-06-18,0,6,June,Tuesday,1.95,239.9,36.2,Office,16.57
2024-06-18 01:00:00,2024-06-18,1,6,June,Tuesday,1.36,238.6,21.0,Living Room,11.56
2024-06-18 02:00:00,2024-06-18,2,6,June,Tuesday,2.25,226.8,37.8,Office,19.12
2024-06-18 03:00:00,2024-06-18,3,6,June,Tuesday,2.81,237.1,25.1,Office,23.89
2024-06-18 04:00:00,2024-06-18,4,6,June,Tuesday,2.15,220.2,27.2,Living Room,18.27
2024-06-18 05:00:00,2024-06-18,5,6,June,Tuesday,2.17,224.2,41.9,Factory Floor,18.45
2024-06-18 06:00:00,2024-06-18,6,6,June,Tuesday,9.92,238.5,22.7,Factory Floor,84.32
2024-06-18 07:00:00,2024-06-18,7,6,June,Tuesday,8.16,239.9,22.4,Office,69.36
2024-06-18 08:00:00,2024-06-18,8,6,June,Tuesday,11.03,225.9,22.2,Kitchen,93.75
2024-06-18 09:00:00,2024-06-18,9,6,June,Tuesday,9.8,220.4,28.0,Kitchen,83.3
2024-06-18 10:00:00,2024-06-18,10,6,June,Tuesday,4.69,219.1,34.8,Office,39.87
2024-06-18 11:00:00,2024-06-18,11,6,June,Tuesday,4.15,227.2,23.4,AC Unit,35.28
2024-06-18 12:00:00,2024-06-18,12,6,June,Tuesday,4.61,241.8,37.0,Factory Floor,39.19
2024-06-18 13:00:00,2024-06-18,13,6,June,Tuesday,5.01,218.9,21.4,Living Room,42.59
2024-06-18 14:00:00,2024-06-18,14,6,June,Tuesday,3.26,237.8,30.2,AC Unit,27.71
2024-06-18 15:00:00,2024-06-18,15,6,June,Tuesday,4.03,233.7,31.7,Kitchen,34.26
2024-06-18 16:00:00,2024-06-18,16,6,June,Tuesday,4.68,223.2,30.7,AC Unit,39.78
2024-06-18 17:00:00,2024-06-18,17,6,June,Tuesday,5.49,236.6,39.6,AC Unit,46.66
2024-06-18 18:00:00,2024-06-18,18,6,June,Tuesday,12.47,225.8,30.1,Kitchen,106.0
2024-06-18 19:00:00,2024-06-18,19,6,June,Tuesday,9.03,224.2,36.5,Office,76.75
2024-06-18 20:00:00,2024-06-18,20,6,June,Tuesday,9.36,231.3,38.3,Living Room,79.56
2024-06-18 21:00:00,2024-06-18,21,6,June,Tuesday,9.79,228.7,39.6,Kitchen,83.21
2024-06-18 22:00:00,2024-06-18,22,6,June,Tuesday,10.33,235.0,40.7,Kitchen,87.81
2024-06-18 23:00:00,2024-06-18,23,6,June,Tuesday,5.42,227.6,29.2,Kitchen,46.07
2024-06-19 00:00:00,2024-06-19,0,6,June,Wednesday,2.79,228.3,31.1,Factory Floor,23.71
2024-06-19 01:00:00,2024-06-19,1,6,June,Wednesday,2.88,218.7,25.8,Office,24.48
2024-06-19 02:00:00,2024-06-19,2,6,June,Wednesday,2.42,219.4,27.4,AC Unit,20.57
2024-06-19 03:00:00,2024-06-19,3,6,June,Wednesday,2.09,218.6,31.5,Office,17.77
2024-06-19 04:00:00,2024-06-19,4,6,June,Wednesday,2.75,235.8,41.1,AC Unit,23.38
2024-06-19 05:00:00,2024-06-19,5,6,June,Wednesday,3.25,236.6,26.9,AC Unit,27.62
2024-06-19 06:00:00,2024-06-19,6,6,June,Wednesday,7.82,232.3,30.2,AC Unit,66.47
2024-06-19 07:00:00,2024-06-19,7,6,June,Wednesday,8.2,232.1,39.0,Kitchen,69.7
2024-06-19 08:00:00,2024-06-19,8,6,June,Wednesday,9.69,222.3,24.6,Factory Floor,82.36
2024-06-19 09:00:00,2024-06-19,9,6,June,Wednesday,9.24,222.3,35.5,Kitchen,78.54
2024-06-19 10:00:00,2024-06-19,10,6,June,Wednesday,5.03,220.5,36.8,Factory Floor,42.76
2024-06-19 11:00:00,2024-06-19,11,6,June,Wednesday,5.31,229.8,33.3,Factory Floor,45.13
2024-06-19 12:00:00,2024-06-19,12,6,June,Wednesday,3.38,236.7,23.5,Office,28.73
2024-06-19 13:00:00,2024-06-19,13,6,June,Wednesday,4.03,238.1,28.9,Office,34.26
2024-06-19 14:00:00,2024-06-19,14,6,June,Wednesday,3.84,240.6,38.4,Office,32.64
2024-06-19 15:00:00,2024-06-19,15,6,June,Wednesday,3.6,237.4,24.1,Kitchen,30.6
2024-06-19 16:00:00,2024-06-19,16,6,June,Wednesday,5.49,241.6,37.5,Living Room,46.66
2024-06-19 17:00:00,2024-06-19,17,6,June,Wednesday,4.17,224.4,34.9,AC Unit,35.45
2024-06-19 18:00:00,2024-06-19,18,6,June,Wednesday,9.56,218.6,21.6,Factory Floor,81.26
2024-06-19 19:00:00,2024-06-19,19,6,June,Wednesday,12.97,237.3,21.8,Kitchen,110.25
2024-06-19 20:00:00,2024-06-19,20,6,June,Wednesday,11.23,234.4,40.7,AC Unit,95.45
2024-06-19 21:00:00,2024-06-19,21,6,June,Wednesday,10.16,229.0,25.6,AC Unit,86.36
2024-06-19 22:00:00,2024-06-19,22,6,June,Wednesday,9.07,237.4,23.5,AC Unit,77.09
2024-06-19 23:00:00,2024-06-19,23,6,June,Wednesday,5.0,223.8,32.2,Office,42.5
2024-06-20 00:00:00,2024-06-20,0,6,June,Thursday,3.64,236.1,27.2,Living Room,30.94
2024-06-20 01:00:00,2024-06-20,1,6,June,Thursday,3.27,237.6,32.1,Living Room,27.8
2024-06-20 02:00:00,2024-06-20,2,6,June,Thursday,2.34,221.1,35.4,Factory Floor,19.89
2024-06-20 03:00:00,2024-06-20,3,6,June,Thursday,3.7,231.7,38.1,Kitchen,31.45
2024-06-20 04:00:00,2024-06-20,4,6,June,Thursday,2.72,231.5,29.4,Kitchen,23.12
2024-06-20 05:00:00,2024-06-20,5,6,June,Thursday,3.06,233.5,38.1,Factory Floor,26.01
2024-06-20 06:00:00,2024-06-20,6,6,June,Thursday,10.0,241.5,32.9,AC Unit,85.0
2024-06-20 07:00:00,2024-06-20,7,6,June,Thursday,9.5,228.9,20.0,Office,80.75
2024-06-20 08:00:00,2024-06-20,8,6,June,Thursday,9.36,229.9,28.0,Factory Floor,79.56
2024-06-20 09:00:00,2024-06-20,9,6,June,Thursday,8.63,218.2,35.7,Living Room,73.36
2024-06-20 10:00:00,2024-06-20,10,6,June,Thursday,4.97,222.1,21.0,Kitchen,42.24
2024-06-20 11:00:00,2024-06-20,11,6,June,Thursday,5.45,236.6,40.8,Kitchen,46.33
2024-06-20 12:00:00,2024-06-20,12,6,June,Thursday,4.52,231.0,40.1,Office,38.42
2024-06-20 13:00:00,2024-06-20,13,6,June,Thursday,4.35,226.4,24.2,Kitchen,36.97
2024-06-20 14:00:00,2024-06-20,14,6,June,Thursday,4.3,223.9,21.5,Kitchen,36.55
2024-06-20 15:00:00,2024-06-20,15,6,June,Thursday,5.53,237.3,27.6,Living Room,47.01
2024-06-20 16:00:00,2024-06-20,16,6,June,Thursday,4.11,223.4,27.4,AC Unit,34.94
2024-06-20 17:00:00,2024-06-20,17,6,June,Thursday,5.28,218.8,38.8,Office,44.88
2024-06-20 18:00:00,2024-06-20,18,6,June,Thursday,10.69,234.7,24.6,Kitchen,90.86
2024-06-20 19:00:00,2024-06-20,19,6,June,Thursday,11.39,225.1,25.4,Kitchen,96.81
2024-06-20 20:00:00,2024-06-20,20,6,June,Thursday,10.44,218.6,32.4,Office,88.74
2024-06-20 21:00:00,2024-06-20,21,6,June,Thursday,11.59,241.2,25.9,AC Unit,98.52
2024-06-20 22:00:00,2024-06-20,22,6,June,Thursday,9.18,236.7,36.5,Factory Floor,78.03
2024-06-20 23:00:00,2024-06-20,23,6,June,Thursday,4.5,232.4,22.9,Living Room,38.25
2024-06-21 00:00:00,2024-06-21,0,6,June,Friday,2.86,222.8,30.6,AC Unit,24.31
2024-06-21 01:00:00,2024-06-21,1,6,June,Friday,2.03,218.4,24.0,AC Unit,17.25
2024-06-21 02:00:00,2024-06-21,2,6,June,Friday,3.39,226.2,41.7,Living Room,28.82
2024-06-21 03:00:00,2024-06-21,3,6,June,Friday,2.22,234.9,22.2,AC Unit,18.87
2024-06-21 04:00:00,2024-06-21,4,6,June,Friday,3.51,238.5,26.0,AC Unit,29.83
2024-06-21 05:00:00,2024-06-21,5,6,June,Friday,4.18,227.6,28.4,Kitchen,35.53
2024-06-21 06:00:00,2024-06-21,6,6,June,Friday,10.31,228.8,36.9,Living Room,87.64
2024-06-21 07:00:00,2024-06-21,7,6,June,Friday,7.86,239.1,39.9,AC Unit,66.81
2024-06-21 08:00:00,2024-06-21,8,6,June,Friday,9.36,234.9,21.4,Kitchen,79.56
2024-06-21 09:00:00,2024-06-21,9,6,June,Friday,9.61,224.5,35.8,Kitchen,81.69
2024-06-21 10:00:00,2024-06-21,10,6,June,Friday,3.84,225.2,34.7,Living Room,32.64
2024-06-21 11:00:00,2024-06-21,11,6,June,Friday,4.48,240.0,30.1,Kitchen,38.08
2024-06-21 12:00:00,2024-06-21,12,6,June,Friday,4.13,221.0,35.2,AC Unit,35.1
2024-06-21 13:00:00,2024-06-21,13,6,June,Friday,4.87,220.2,32.0,AC Unit,41.4
2024-06-21 14:00:00,2024-06-21,14,6,June,Friday,4.93,234.8,31.9,Living Room,41.91
2024-06-21 15:00:00,2024-06-21,15,6,June,Friday,4.92,241.3,26.7,Office,41.82
2024-06-21 16:00:00,2024-06-21,16,6,June,Friday,4.01,229.8,28.4,Office,34.09
2024-06-21 17:00:00,2024-06-21,17,6,June,Friday,3.61,223.6,23.7,Office,30.68
2024-06-21 18:00:00,2024-06-21,18,6,June,Friday,11.9,238.9,40.7,Kitchen,101.15
2024-06-21 19:00:00,2024-06-21,19,6,June,Friday,10.46,241.0,26.0,Office,88.91
2024-06-21 20:00:00,2024-06-21,20,6,June,Friday,10.13,235.6,31.7,Office,86.11
2024-06-21 21:00:00,2024-06-21,21,6,June,Friday,9.94,235.1,30.5,Factory Floor,84.49
2024-06-21 22:00:00,2024-06-21,22,6,June,Friday,10.7,227.5,22.8,Office,90.95
2024-06-21 23:00:00,2024-06-21,23,6,June,Friday,4.92,240.2,39.0,AC Unit,41.82
2024-06-22 00:00:00,2024-06-22,0,6,June,Saturday,2.01,222.1,23.5,Kitchen,17.08
2024-06-22 01:00:00,2024-06-22,1,6,June,Saturday,1.25,222.4,36.0,Factory Floor,10.62
2024-06-22 02:00:00,2024-06-22,2,6,June,Saturday,3.9,222.1,29.0,Office,33.15
2024-06-22 03:00:00,2024-06-22,3,6,June,Saturday,3.65,220.2,40.8,Kitchen,31.02
2024-06-22 04:00:00,2024-06-22,4,6,June,Saturday,2.59,231.8,33.1,Living Room,22.02
2024-06-22 05:00:00,2024-06-22,5,6,June,Saturday,3.1,238.0,29.8,Kitchen,26.35
2024-06-22 06:00:00,2024-06-22,6,6,June,Saturday,8.15,239.4,38.2,Living Room,69.28
2024-06-22 07:00:00,2024-06-22,7,6,June,Saturday,9.81,219.6,38.4,Living Room,83.39
2024-06-22 08:00:00,2024-06-22,8,6,June,Saturday,6.59,235.7,21.9,Kitchen,56.02
2024-06-22 09:00:00,2024-06-22,9,6,June,Saturday,8.8,222.3,23.5,Factory Floor,74.8
2024-06-22 10:00:00,2024-06-22,10,6,June,Saturday,4.14,223.3,38.7,Living Room,35.19
2024-06-22 11:00:00,2024-06-22,11,6,June,Saturday,3.86,230.7,30.2,Living Room,32.81
2024-06-22 12:00:00,2024-06-22,12,6,June,Saturday,3.92,220.7,35.1,Factory Floor,33.32
2024-06-22 13:00:00,2024-06-22,13,6,June,Saturday,4.72,241.4,39.1,Factory Floor,40.12
2024-06-22 14:00:00,2024-06-22,14,6,June,Saturday,4.27,235.1,27.8,Living Room,36.29
2024-06-22 15:00:00,2024-06-22,15,6,June,Saturday,4.37,222.2,26.0,Living Room,37.15
2024-06-22 16:00:00,2024-06-22,16,6,June,Saturday,4.31,221.5,24.9,Living Room,36.63
2024-06-22 17:00:00,2024-06-22,17,6,June,Saturday,4.28,222.8,29.0,Living Room,36.38
2024-06-22 18:00:00,2024-06-22,18,6,June,Saturday,11.42,235.1,41.2,AC Unit,97.07
2024-06-22 19:00:00,2024-06-22,19,6,June,Saturday,8.05,226.4,39.8,AC Unit,68.43
2024-06-22 20:00:00,2024-06-22,20,6,June,Saturday,9.42,229.1,34.5,Factory Floor,80.07
2024-06-22 21:00:00,2024-06-22,21,6,June,Saturday,10.47,240.0,20.7,Kitchen,89.0
2024-06-22 22:00:00,2024-06-22,22,6,June,Saturday,11.55,241.4,38.0,Factory Floor,98.18
2024-06-22 23:00:00,2024-06-22,23,6,June,Saturday,5.09,238.6,22.2,Office,43.27
2024-06-23 00:00:00,2024-06-23,0,6,June,Sunday,4.39,229.9,33.5,Kitchen,37.31
2024-06-23 01:00:00,2024-06-23,1,6,June,Sunday,3.26,222.0,32.3,Factory Floor,27.71
2024-06-23 02:00:00,2024-06-23,2,6,June,Sunday,3.31,229.9,24.8,AC Unit,28.14
2024-06-23 03:00:00,2024-06-23,3,6,June,Sunday,2.44,237.8,32.6,Factory Floor,20.74
2024-06-23 04:00:00,2024-06-23,4,6,June,Sunday,3.59,239.0,37.0,AC Unit,30.52
2024-06-23 05:00:00,2024-06-23,5,6,June,Sunday,2.77,228.0,32.5,AC Unit,23.55
2024-06-23 06:00:00,2024-06-23,6,6,June,Sunday,8.93,235.6,25.9,Living Room,75.91
2024-06-23 07:00:00,2024-06-23,7,6,June,Sunday,9.28,230.0,27.4,AC Unit,78.88
2024-06-23 08:00:00,2024-06-23,8,6,June,Sunday,9.51,227.4,26.1,AC Unit,80.83
2024-06-23 09:00:00,2024-06-23,9,6,June,Sunday,10.38,218.8,37.2,Factory Floor,88.23
2024-06-23 10:00:00,2024-06-23,10,6,June,Sunday,4.33,228.3,26.7,Factory Floor,36.8
2024-06-23 11:00:00,2024-06-23,11,6,June,Sunday,4.77,228.9,41.0,Office,40.54
2024-06-23 12:00:00,2024-06-23,12,6,June,Sunday,3.74,219.2,36.0,Living Room,31.79
2024-06-23 13:00:00,2024-06-23,13,6,June,Sunday,4.54,233.6,38.8,Factory Floor,38.59
2024-06-23 14:00:00,2024-06-23,14,6,June,Sunday,3.93,229.2,34.9,Factory Floor,33.41
2024-06-23 15:00:00,2024-06-23,15,6,June,Sunday,4.91,240.2,39.8,Living Room,41.73
2024-06-23 16:00:00,2024-06-23,16,6,June,Sunday,4.03,234.7,31.4,Office,34.26
2024-06-23 17:00:00,2024-06-23,17,6,June,Sunday,5.06,240.5,23.3,Factory Floor,43.01
2024-06-23 18:00:00,2024-06-23,18,6,June,Sunday,11.88,218.3,31.4,AC Unit,100.98
2024-06-23 19:00:00,2024-06-23,19,6,June,Sunday,8.91,231.5,20.4,Kitchen,75.73
2024-06-23 20:00:00,2024-06-23,20,6,June,Sunday,10.39,226.1,20.8,Kitchen,88.31
2024-06-23 21:00:00,2024-06-23,21,6,June,Sunday,11.2,223.9,20.6,Factory Floor,95.2
2024-06-23 22:00:00,2024-06-23,22,6,June,Sunday,10.93,227.7,35.4,Living Room,92.91
2024-06-23 23:00:00,2024-06-23,23,6,June,Sunday,4.23,235.6,29.3,Factory Floor,35.96
2024-06-24 00:00:00,2024-06-24,0,6,June,Monday,3.15,232.7,37.0,Factory Floor,26.77
2024-06-24 01:00:00,2024-06-24,1,6,June,Monday,2.84,230.1,27.2,Office,24.14
2024-06-24 02:00:00,2024-06-24,2,6,June,Monday,1.76,222.9,29.1,AC Unit,14.96
2024-06-24 03:00:00,2024-06-24,3,6,June,Monday,2.17,232.8,38.7,Factory Floor,18.45
2024-06-24 04:00:00,2024-06-24,4,6,June,Monday,1.9,237.2,34.0,Living Room,16.15
2024-06-24 05:00:00,2024-06-24,5,6,June,Monday,3.0,221.3,22.6,Factory Floor,25.5
2024-06-24 06:00:00,2024-06-24,6,6,June,Monday,8.03,236.4,36.8,Office,68.25
2024-06-24 07:00:00,2024-06-24,7,6,June,Monday,10.4,227.8,24.5,Living Room,88.4
2024-06-24 08:00:00,2024-06-24,8,6,June,Monday,9.25,240.3,34.9,Living Room,78.62
2024-06-24 09:00:00,2024-06-24,9,6,June,Monday,9.89,222.3,38.4,Office,84.06
2024-06-24 10:00:00,2024-06-24,10,6,June,Monday,4.16,237.6,40.5,Factory Floor,35.36
2024-06-24 11:00:00,2024-06-24,11,6,June,Monday,3.39,234.9,41.2,Kitchen,28.82
2024-06-24 12:00:00,2024-06-24,12,6,June,Monday,4.78,220.2,36.2,Living Room,40.63
2024-06-24 13:00:00,2024-06-24,13,6,June,Monday,4.89,225.4,25.8,Factory Floor,41.56
2024-06-24 14:00:00,2024-06-24,14,6,June,Monday,4.33,222.9,35.3,Office,36.8
2024-06-24 15:00:00,2024-06-24,15,6,June,Monday,5.04,241.3,21.9,Kitchen,42.84
2024-06-24 16:00:00,2024-06-24,16,6,June,Monday,5.22,241.7,33.2,Living Room,44.37
2024-06-24 17:00:00,2024-06-24,17,6,June,Monday,3.58,231.6,41.5,Factory Floor,30.43
2024-06-24 18:00:00,2024-06-24,18,6,June,Monday,8.05,232.8,38.0,Factory Floor,68.43
2024-06-24 19:00:00,2024-06-24,19,6,June,Monday,9.49,230.7,41.1,AC Unit,80.67
2024-06-24 20:00:00,2024-06-24,20,6,June,Monday,10.5,224.7,37.3,Living Room,89.25
2024-06-24 21:00:00,2024-06-24,21,6,June,Monday,12.05,237.7,21.7,Office,102.43
2024-06-24 22:00:00,2024-06-24,22,6,June,Monday,9.25,218.1,33.9,AC Unit,78.62
2024-06-24 23:00:00,2024-06-24,23,6,June,Monday,5.0,226.2,34.2,Office,42.5
2024-06-25 00:00:00,2024-06-25,0,6,June,Tuesday,3.57,220.5,34.3,AC Unit,30.34
2024-06-25 01:00:00,2024-06-25,1,6,June,Tuesday,3.0,221.4,38.7,Office,25.5
2024-06-25 02:00:00,2024-06-25,2,6,June,Tuesday,2.85,236.6,22.5,Living Room,24.23
2024-06-25 03:00:00,2024-06-25,3,6,June,Tuesday,3.43,225.2,29.8,Living Room,29.16
2024-06-25 04:00:00,2024-06-25,4,6,June,Tuesday,3.36,230.4,39.8,Living Room,28.56
2024-06-25 05:00:00,2024-06-25,5,6,June,Tuesday,2.88,232.4,29.1,Kitchen,24.48
2024-06-25 06:00:00,2024-06-25,6,6,June,Tuesday,10.33,238.2,27.2,Living Room,87.81
2024-06-25 07:00:00,2024-06-25,7,6,June,Tuesday,8.17,230.2,32.7,AC Unit,69.44
2024-06-25 08:00:00,2024-06-25,8,6,June,Tuesday,9.87,233.2,22.0,Factory Floor,83.89
2024-06-25 09:00:00,2024-06-25,9,6,June,Tuesday,9.06,220.7,33.2,Factory Floor,77.01
2024-06-25 10:00:00,2024-06-25,10,6,June,Tuesday,4.89,229.3,28.6,Living Room,41.56
2024-06-25 11:00:00,2024-06-25,11,6,June,Tuesday,4.65,238.2,25.3,Living Room,39.53
2024-06-25 12:00:00,2024-06-25,12,6,June,Tuesday,4.55,237.3,41.9,Factory Floor,38.67
2024-06-25 13:00:00,2024-06-25,13,6,June,Tuesday,4.29,224.3,25.9,AC Unit,36.47
2024-06-25 14:00:00,2024-06-25,14,6,June,Tuesday,4.99,233.6,34.1,AC Unit,42.41
2024-06-25 15:00:00,2024-06-25,15,6,June,Tuesday,5.68,239.0,39.8,Living Room,48.28
2024-06-25 16:00:00,2024-06-25,16,6,June,Tuesday,4.09,225.1,34.6,Kitchen,34.77
2024-06-25 17:00:00,2024-06-25,17,6,June,Tuesday,4.25,227.0,29.0,Living Room,36.12
2024-06-25 18:00:00,2024-06-25,18,6,June,Tuesday,11.38,223.3,28.0,Living Room,96.73
2024-06-25 19:00:00,2024-06-25,19,6,June,Tuesday,10.12,227.7,38.0,Living Room,86.02
2024-06-25 20:00:00,2024-06-25,20,6,June,Tuesday,9.51,218.0,40.2,AC Unit,80.83
2024-06-25 21:00:00,2024-06-25,21,6,June,Tuesday,9.45,239.4,26.8,AC Unit,80.32
2024-06-25 22:00:00,2024-06-25,22,6,June,Tuesday,10.24,230.0,21.7,Office,87.04
2024-06-25 23:00:00,2024-06-25,23,6,June,Tuesday,5.42,236.7,26.1,Living Room,46.07
2024-06-26 00:00:00,2024-06-26,0,6,June,Wednesday,3.6,224.5,39.3,Office,30.6
2024-06-26 01:00:00,2024-06-26,1,6,June,Wednesday,2.57,231.7,42.0,Kitchen,21.84
2024-06-26 02:00:00,2024-06-26,2,6,June,Wednesday,2.75,227.9,42.0,Kitchen,23.38
2024-06-26 03:00:00,2024-06-26,3,6,June,Wednesday,2.25,229.1,37.1,Office,19.12
2024-06-26 04:00:00,2024-06-26,4,6,June,Wednesday,2.89,232.0,32.5,Factory Floor,24.57
2024-06-26 05:00:00,2024-06-26,5,6,June,Wednesday,3.41,222.2,36.5,AC Unit,28.98
2024-06-26 06:00:00,2024-06-26,6,6,June,Wednesday,7.79,241.1,32.4,Kitchen,66.22
2024-06-26 07:00:00,2024-06-26,7,6,June,Wednesday,6.94,228.9,40.5,Office,58.99
2024-06-26 08:00:00,2024-06-26,8,6,June,Wednesday,7.95,232.6,33.0,Office,67.58
2024-06-26 09:00:00,2024-06-26,9,6,June,Wednesday,9.2,232.5,40.9,Office,78.2
2024-06-26 10:00:00,2024-06-26,10,6,June,Wednesday,3.82,231.3,30.5,Factory Floor,32.47
2024-06-26 11:00:00,2024-06-26,11,6,June,Wednesday,4.58,229.9,33.4,AC Unit,38.93
2024-06-26 12:00:00,2024-06-26,12,6,June,Wednesday,5.27,225.2,25.4,Office,44.79
2024-06-26 13:00:00,2024-06-26,13,6,June,Wednesday,3.87,238.8,25.5,Office,32.9
2024-06-26 14:00:00,2024-06-26,14,6,June,Wednesday,4.72,222.8,31.6,Kitchen,40.12
2024-06-26 15:00:00,2024-06-26,15,6,June,Wednesday,5.55,221.7,22.8,Living Room,47.17
2024-06-26 16:00:00,2024-06-26,16,6,June,Wednesday,3.96,225.0,21.1,Factory Floor,33.66
2024-06-26 17:00:00,2024-06-26,17,6,June,Wednesday,5.01,232.8,36.4,Living Room,42.59
2024-06-26 18:00:00,2024-06-26,18,6,June,Wednesday,12.09,223.4,20.7,AC Unit,102.77
2024-06-26 19:00:00,2024-06-26,19,6,June,Wednesday,11.27,220.8,24.5,Office,95.8
2024-06-26 20:00:00,2024-06-26,20,6,June,Wednesday,9.92,231.0,22.9,Office,84.32
2024-06-26 21:00:00,2024-06-26,21,6,June,Wednesday,10.65,234.1,26.5,Kitchen,90.53
2024-06-26 22:00:00,2024-06-26,22,6,June,Wednesday,8.83,235.0,23.3,Office,75.06
2024-06-26 23:00:00,2024-06-26,23,6,June,Wednesday,3.7,223.6,32.5,Factory Floor,31.45
2024-06-27 00:00:00,2024-06-27,0,6,June,Thursday,2.81,220.5,40.8,Office,23.89
2024-06-27 01:00:00,2024-06-27,1,6,June,Thursday,2.81,231.6,41.5,Office,23.89
2024-06-27 02:00:00,2024-06-27,2,6,June,Thursday,3.07,241.7,28.1,Office,26.09
2024-06-27 03:00:00,2024-06-27,3,6,June,Thursday,2.35,226.7,33.8,Living Room,19.98
2024-06-27 04:00:00,2024-06-27,4,6,June,Thursday,2.47,230.6,32.6,Factory Floor,21.0
2024-06-27 05:00:00,2024-06-27,5,6,June,Thursday,4.29,233.4,37.0,Living Room,36.47
2024-06-27 06:00:00,2024-06-27,6,6,June,Thursday,8.83,224.2,35.6,AC Unit,75.06
2024-06-27 07:00:00,2024-06-27,7,6,June,Thursday,7.02,233.9,26.9,Factory Floor,59.67
2024-06-27 08:00:00,2024-06-27,8,6,June,Thursday,6.88,222.7,23.7,Factory Floor,58.48
2024-06-27 09:00:00,2024-06-27,9,6,June,Thursday,9.9,220.1,32.7,Kitchen,84.15
2024-06-27 10:00:00,2024-06-27,10,6,June,Thursday,5.08,226.0,33.7,Office,43.18
2024-06-27 11:00:00,2024-06-27,11,6,June,Thursday,4.27,222.8,30.7,Kitchen,36.29
2024-06-27 12:00:00,2024-06-27,12,6,June,Thursday,4.11,235.6,37.8,AC Unit,34.94
2024-06-27 13:00:00,2024-06-27,13,6,June,Thursday,4.0,231.2,20.0,AC Unit,34.0
2024-06-27 14:00:00,2024-06-27,14,6,June,Thursday,4.01,236.0,31.8,Kitchen,34.09
2024-06-27 15:00:00,2024-06-27,15,6,June,Thursday,4.86,219.6,41.3,Living Room,41.31
2024-06-27 16:00:00,2024-06-27,16,6,June,Thursday,4.85,225.7,37.1,Office,41.22
2024-06-27 17:00:00,2024-06-27,17,6,June,Thursday,3.61,218.8,40.2,Office,30.68
2024-06-27 18:00:00,2024-06-27,18,6,June,Thursday,12.45,234.7,41.1,Kitchen,105.82
2024-06-27 19:00:00,2024-06-27,19,6,June,Thursday,11.72,226.4,24.2,AC Unit,99.62
2024-06-27 20:00:00,2024-06-27,20,6,June,Thursday,9.33,226.5,20.0,AC Unit,79.31
2024-06-27 21:00:00,2024-06-27,21,6,June,Thursday,10.07,220.3,39.7,Factory Floor,85.59
2024-06-27 22:00:00,2024-06-27,22,6,June,Thursday,10.1,234.1,25.5,Living Room,85.85
2024-06-27 23:00:00,2024-06-27,23,6,June,Thursday,4.89,229.8,30.4,Living Room,41.56
2024-06-28 00:00:00,2024-06-28,0,6,June,Friday,3.78,237.2,35.8,AC Unit,32.13
2024-06-28 01:00:00,2024-06-28,1,6,June,Friday,1.62,218.4,36.7,Office,13.77
2024-06-28 02:00:00,2024-06-28,2,6,June,Friday,2.65,220.0,31.9,Kitchen,22.52
2024-06-28 03:00:00,2024-06-28,3,6,June,Friday,2.36,240.6,36.1,Kitchen,20.06
2024-06-28 04:00:00,2024-06-28,4,6,June,Friday,3.86,227.6,40.9,Living Room,32.81
2024-06-28 05:00:00,2024-06-28,5,6,June,Friday,2.42,227.4,23.5,AC Unit,20.57
2024-06-28 06:00:00,2024-06-28,6,6,June,Friday,8.36,228.5,33.2,Kitchen,71.06
2024-06-28 07:00:00,2024-06-28,7,6,June,Friday,9.27,222.8,40.5,Office,78.8
2024-06-28 08:00:00,2024-06-28,8,6,June,Friday,10.41,230.1,31.2,Living Room,88.48
2024-06-28 09:00:00,2024-06-28,9,6,June,Friday,10.45,230.1,41.2,Office,88.82
2024-06-28 10:00:00,2024-06-28,10,6,June,Friday,4.93,232.3,20.9,Living Room,41.91
2024-06-28 11:00:00,2024-06-28,11,6,June,Friday,4.81,231.0,35.9,AC Unit,40.88
2024-06-28 12:00:00,2024-06-28,12,6,June,Friday,4.81,222.8,38.8,Kitchen,40.88
2024-06-28 13:00:00,2024-06-28,13,6,June,Friday,5.0,220.3,31.8,Office,42.5
2024-06-28 14:00:00,2024-06-28,14,6,June,Friday,3.72,221.9,28.8,Kitchen,31.62
2024-06-28 15:00:00,2024-06-28,15,6,June,Friday,4.43,233.7,20.7,Factory Floor,37.66
2024-06-28 16:00:00,2024-06-28,16,6,June,Friday,5.27,221.8,20.4,Kitchen,44.79
2024-06-28 17:00:00,2024-06-28,17,6,June,Friday,4.67,218.2,30.5,AC Unit,39.7
2024-06-28 18:00:00,2024-06-28,18,6,June,Friday,9.49,234.8,37.4,Office,80.67
2024-06-28 19:00:00,2024-06-28,19,6,June,Friday,11.21,233.4,24.3,Factory Floor,95.29
2024-06-28 20:00:00,2024-06-28,20,6,June,Friday,11.33,237.7,32.6,Kitchen,96.31
2024-06-28 21:00:00,2024-06-28,21,6,June,Friday,10.94,237.3,42.0,Kitchen,92.99
2024-06-28 22:00:00,2024-06-28,22,6,June,Friday,11.18,236.2,28.3,Living Room,95.03
2024-06-28 23:00:00,2024-06-28,23,6,June,Friday,4.7,221.3,28.5,Office,39.95
2024-06-29 00:00:00,2024-06-29,0,6,June,Saturday,2.44,231.3,29.9,Kitchen,20.74
2024-06-29 01:00:00,2024-06-29,1,6,June,Saturday,2.18,240.3,21.1,Kitchen,18.53
2024-06-29 02:00:00,2024-06-29,2,6,June,Saturday,3.18,218.2,21.0,Office,27.03
2024-06-29 03:00:00,2024-06-29,3,6,June,Saturday,1.92,224.4,20.2,Office,16.32
2024-06-29 04:00:00,2024-06-29,4,6,June,Saturday,1.65,219.1,22.6,Kitchen,14.02
2024-06-29 05:00:00,2024-06-29,5,6,June,Saturday,4.06,221.4,23.0,Office,34.51
2024-06-29 06:00:00,2024-06-29,6,6,June,Saturday,7.3,240.6,36.7,Office,62.05
2024-06-29 07:00:00,2024-06-29,7,6,June,Saturday,8.83,220.7,34.3,Kitchen,75.06
2024-06-29 08:00:00,2024-06-29,8,6,June,Saturday,9.61,230.8,20.9,Factory Floor,81.69
2024-06-29 09:00:00,2024-06-29,9,6,June,Saturday,9.17,225.1,27.1,AC Unit,77.94
2024-06-29 10:00:00,2024-06-29,10,6,June,Saturday,5.55,221.3,27.0,Office,47.17
2024-06-29 11:00:00,2024-06-29,11,6,June,Saturday,5.21,224.8,27.2,Office,44.28
2024-06-29 12:00:00,2024-06-29,12,6,June,Saturday,3.74,233.1,22.7,Office,31.79
2024-06-29 13:00:00,2024-06-29,13,6,June,Saturday,4.54,226.4,24.6,AC Unit,38.59
2024-06-29 14:00:00,2024-06-29,14,6,June,Saturday,4.92,227.7,39.1,Office,41.82
2024-06-29 15:00:00,2024-06-29,15,6,June,Saturday,4.96,221.0,33.6,Living Room,42.16
2024-06-29 16:00:00,2024-06-29,16,6,June,Saturday,4.04,218.3,41.3,Factory Floor,34.34
2024-06-29 17:00:00,2024-06-29,17,6,June,Saturday,3.63,221.3,31.9,Living Room,30.86
2024-06-29 18:00:00,2024-06-29,18,6,June,Saturday,10.25,221.7,29.3,Factory Floor,87.12
2024-06-29 19:00:00,2024-06-29,19,6,June,Saturday,8.26,219.5,31.1,Living Room,70.21
2024-06-29 20:00:00,2024-06-29,20,6,June,Saturday,9.87,219.6,25.1,Living Room,83.89
2024-06-29 21:00:00,2024-06-29,21,6,June,Saturday,10.63,219.3,31.6,Office,90.36
2024-06-29 22:00:00,2024-06-29,22,6,June,Saturday,7.76,219.8,25.4,AC Unit,65.96
2024-06-29 23:00:00,2024-06-29,23,6,June,Saturday,4.18,219.4,28.3,AC Unit,35.53
2024-06-30 00:00:00,2024-06-30,0,6,June,Sunday,2.1,237.5,35.3,Factory Floor,17.85
2024-06-30 01:00:00,2024-06-30,1,6,June,Sunday,2.52,231.7,36.2,Office,21.42
2024-06-30 02:00:00,2024-06-30,2,6,June,Sunday,2.86,235.8,26.6,Factory Floor,24.31
2024-06-30 03:00:00,2024-06-30,3,6,June,Sunday,2.67,221.0,25.2,AC Unit,22.7
2024-06-30 04:00:00,2024-06-30,4,6,June,Sunday,2.9,231.4,28.7,Living Room,24.65
2024-06-30 05:00:00,2024-06-30,5,6,June,Sunday,3.34,241.3,41.9,Factory Floor,28.39
2024-06-30 06:00:00,2024-06-30,6,6,June,Sunday,10.23,224.4,38.8,Living Room,86.95
2024-06-30 07:00:00,2024-06-30,7,6,June,Sunday,8.62,228.4,25.3,Kitchen,73.27
2024-06-30 08:00:00,2024-06-30,8,6,June,Sunday,9.54,234.8,24.7,Kitchen,81.09
2024-06-30 09:00:00,2024-06-30,9,6,June,Sunday,9.03,224.2,24.1,Office,76.75
2024-06-30 10:00:00,2024-06-30,10,6,June,Sunday,5.17,236.3,37.9,Factory Floor,43.95
2024-06-30 11:00:00,2024-06-30,11,6,June,Sunday,4.61,233.7,25.7,Factory Floor,39.19
2024-06-30 12:00:00,2024-06-30,12,6,June,Sunday,4.18,240.4,23.5,Office,35.53
2024-06-30 13:00:00,2024-06-30,13,6,June,Sunday,5.39,219.1,25.2,Kitchen,45.81
2024-06-30 14:00:00,2024-06-30,14,6,June,Sunday,3.14,234.5,20.0,Factory Floor,26.69
2024-06-30 15:00:00,2024-06-30,15,6,June,Sunday,4.46,237.2,31.4,AC Unit,37.91
2024-06-30 16:00:00,2024-06-30,16,6,June,Sunday,4.24,229.9,21.6,Office,36.04
2024-06-30 17:00:00,2024-06-30,17,6,June,Sunday,4.94,218.2,34.8,AC Unit,41.99
2024-06-30 18:00:00,2024-06-30,18,6,June,Sunday,12.33,224.4,27.5,Factory Floor,104.81
2024-06-30 19:00:00,2024-06-30,19,6,June,Sunday,9.41,231.6,33.4,Living Room,79.98
2024-06-30 20:00:00,2024-06-30,20,6,June,Sunday,9.85,218.1,38.3,AC Unit,83.72
2024-06-30 21:00:00,2024-06-30,21,6,June,Sunday,11.52,236.6,29.5,Kitchen,97.92
2024-06-30 22:00:00,2024-06-30,22,6,June,Sunday,12.11,223.2,40.7,Factory Floor,102.94
2024-06-30 23:00:00,2024-06-30,23,6,June,Sunday,5.28,241.0,41.0,Factory Floor,44.88
2024-07-01 00:00:00,2024-07-01,0,7,July,Monday,2.56,237.3,20.1,Office,21.76
2024-07-01 01:00:00,2024-07-01,1,7,July,Monday,2.91,226.0,26.9,Office,24.73
2024-07-01 02:00:00,2024-07-01,2,7,July,Monday,2.74,220.0,38.1,Factory Floor,23.29
2024-07-01 03:00:00,2024-07-01,3,7,July,Monday,1.86,239.5,25.9,Factory Floor,15.81
2024-07-01 04:00:00,2024-07-01,4,7,July,Monday,3.55,228.3,29.2,AC Unit,30.17
2024-07-01 05:00:00,2024-07-01,5,7,July,Monday,2.36,237.9,20.3,Living Room,20.06
2024-07-01 06:00:00,2024-07-01,6,7,July,Monday,8.35,233.9,27.9,Factory Floor,70.97
2024-07-01 07:00:00,2024-07-01,7,7,July,Monday,11.19,235.5,26.2,Factory Floor,95.11
2024-07-01 08:00:00,2024-07-01,8,7,July,Monday,8.64,223.0,31.5,Kitchen,73.44
2024-07-01 09:00:00,2024-07-01,9,7,July,Monday,10.91,229.6,32.6,Office,92.73
2024-07-01 10:00:00,2024-07-01,10,7,July,Monday,5.26,232.4,21.7,Office,44.71
2024-07-01 11:00:00,2024-07-01,11,7,July,Monday,5.33,218.8,36.3,AC Unit,45.3
2024-07-01 12:00:00,2024-07-01,12,7,July,Monday,4.64,224.8,35.4,Kitchen,39.44
2024-07-01 13:00:00,2024-07-01,13,7,July,Monday,3.7,238.9,26.5,Kitchen,31.45
2024-07-01 14:00:00,2024-07-01,14,7,July,Monday,3.49,232.2,39.7,Living Room,29.67
2024-07-01 15:00:00,2024-07-01,15,7,July,Monday,3.42,231.2,35.5,Office,29.07
2024-07-01 16:00:00,2024-07-01,16,7,July,Monday,4.69,238.8,22.3,Office,39.87
2024-07-01 17:00:00,2024-07-01,17,7,July,Monday,4.51,223.5,20.4,Living Room,38.34
2024-07-01 18:00:00,2024-07-01,18,7,July,Monday,9.37,241.7,39.3,Kitchen,79.64
2024-07-01 19:00:00,2024-07-01,19,7,July,Monday,13.24,234.9,26.7,Factory Floor,112.54
2024-07-01 20:00:00,2024-07-01,20,7,July,Monday,10.78,221.9,28.7,Factory Floor,91.63
2024-07-01 21:00:00,2024-07-01,21,7,July,Monday,11.44,230.3,31.0,Kitchen,97.24
2024-07-01 22:00:00,2024-07-01,22,7,July,Monday,11.34,233.4,34.3,Living Room,96.39
2024-07-01 23:00:00,2024-07-01,23,7,July,Monday,4.21,238.3,21.5,Office,35.78
2024-07-02 00:00:00,2024-07-02,0,7,July,Tuesday,4.33,222.8,35.9,Office,36.8
2024-07-02 01:00:00,2024-07-02,1,7,July,Tuesday,2.63,241.5,33.2,AC Unit,22.36
2024-07-02 02:00:00,2024-07-02,2,7,July,Tuesday,3.44,228.3,29.8,AC Unit,29.24
2024-07-02 03:00:00,2024-07-02,3,7,July,Tuesday,3.22,234.3,25.3,Living Room,27.37
2024-07-02 04:00:00,2024-07-02,4,7,July,Tuesday,3.3,222.8,37.7,Living Room,28.05
2024-07-02 05:00:00,2024-07-02,5,7,July,Tuesday,2.16,228.0,28.5,Kitchen,18.36
2024-07-02 06:00:00,2024-07-02,6,7,July,Tuesday,7.22,225.6,29.9,Office,61.37
2024-07-02 07:00:00,2024-07-02,7,7,July,Tuesday,8.27,240.2,40.8,AC Unit,70.3
2024-07-02 08:00:00,2024-07-02,8,7,July,Tuesday,9.39,226.4,41.8,Kitchen,79.81
2024-07-02 09:00:00,2024-07-02,9,7,July,Tuesday,7.63,219.3,31.5,AC Unit,64.86
2024-07-02 10:00:00,2024-07-02,10,7,July,Tuesday,4.85,237.4,38.8,AC Unit,41.22
2024-07-02 11:00:00,2024-07-02,11,7,July,Tuesday,4.72,228.0,27.8,AC Unit,40.12
2024-07-02 12:00:00,2024-07-02,12,7,July,Tuesday,3.39,224.2,26.7,Living Room,28.82
2024-07-02 13:00:00,2024-07-02,13,7,July,Tuesday,5.13,229.3,26.5,Kitchen,43.6
2024-07-02 14:00:00,2024-07-02,14,7,July,Tuesday,5.44,222.8,28.9,Office,46.24
2024-07-02 15:00:00,2024-07-02,15,7,July,Tuesday,5.01,236.6,38.4,Factory Floor,42.59
2024-07-02 16:00:00,2024-07-02,16,7,July,Tuesday,5.46,228.9,41.1,Factory Floor,46.41
2024-07-02 17:00:00,2024-07-02,17,7,July,Tuesday,4.27,225.2,40.6,Kitchen,36.29
2024-07-02 18:00:00,2024-07-02,18,7,July,Tuesday,12.1,222.2,37.5,AC Unit,102.85
2024-07-02 19:00:00,2024-07-02,19,7,July,Tuesday,11.74,223.4,41.6,AC Unit,99.79
2024-07-02 20:00:00,2024-07-02,20,7,July,Tuesday,11.08,218.3,36.9,Living Room,94.18
2024-07-02 21:00:00,2024-07-02,21,7,July,Tuesday,11.73,238.3,38.1,Office,99.7
2024-07-02 22:00:00,2024-07-02,22,7,July,Tuesday,11.05,241.8,32.2,Living Room,93.93
2024-07-02 23:00:00,2024-07-02,23,7,July,Tuesday,3.81,224.5,20.3,AC Unit,32.38
2024-07-03 00:00:00,2024-07-03,0,7,July,Wednesday,2.37,236.5,36.5,Factory Floor,20.14
2024-07-03 01:00:00,2024-07-03,1,7,July,Wednesday,3.7,231.8,31.0,Kitchen,31.45
2024-07-03 02:00:00,2024-07-03,2,7,July,Wednesday,3.67,232.0,33.8,Office,31.2
2024-07-03 03:00:00,2024-07-03,3,7,July,Wednesday,3.7,222.0,33.6,AC Unit,31.45
2024-07-03 04:00:00,2024-07-03,4,7,July,Wednesday,4.45,237.2,41.3,AC Unit,37.83
2024-07-03 05:00:00,2024-07-03,5,7,July,Wednesday,3.05,226.0,26.2,Living Room,25.92
2024-07-03 06:00:00,2024-07-03,6,7,July,Wednesday,9.25,223.5,32.4,Factory Floor,78.62
2024-07-03 07:00:00,2024-07-03,7,7,July,Wednesday,9.47,229.0,33.4,Living Room,80.5
2024-07-03 08:00:00,2024-07-03,8,7,July,Wednesday,9.0,235.7,41.9,Office,76.5
2024-07-03 09:00:00,2024-07-03,9,7,July,Wednesday,9.07,236.1,22.8,Office,77.09
2024-07-03 10:00:00,2024-07-03,10,7,July,Wednesday,4.28,239.0,35.3,AC Unit,36.38
2024-07-03 11:00:00,2024-07-03,11,7,July,Wednesday,3.63,223.9,36.9,Kitchen,30.86
2024-07-03 12:00:00,2024-07-03,12,7,July,Wednesday,5.37,235.7,27.9,Office,45.65
2024-07-03 13:00:00,2024-07-03,13,7,July,Wednesday,4.38,224.7,30.1,Factory Floor,37.23
2024-07-03 14:00:00,2024-07-03,14,7,July,Wednesday,4.1,220.4,41.6,Kitchen,34.85
2024-07-03 15:00:00,2024-07-03,15,7,July,Wednesday,4.78,222.4,33.0,Living Room,40.63
2024-07-03 16:00:00,2024-07-03,16,7,July,Wednesday,4.72,230.7,39.7,Living Room,40.12
2024-07-03 17:00:00,2024-07-03,17,7,July,Wednesday,4.44,225.1,23.2,Factory Floor,37.74
2024-07-03 18:00:00,2024-07-03,18,7,July,Wednesday,12.5,227.9,32.1,Living Room,106.25
2024-07-03 19:00:00,2024-07-03,19,7,July,Wednesday,12.83,229.0,23.2,Factory Floor,109.06
2024-07-03 20:00:00,2024-07-03,20,7,July,Wednesday,9.67,218.6,23.3,Kitchen,82.19
2024-07-03 21:00:00,2024-07-03,21,7,July,Wednesday,9.84,218.9,37.9,Factory Floor,83.64
2024-07-03 22:00:00,2024-07-03,22,7,July,Wednesday,9.61,231.0,34.0,Living Room,81.69
2024-07-03 23:00:00,2024-07-03,23,7,July,Wednesday,4.89,237.4,41.7,Office,41.56
2024-07-04 00:00:00,2024-07-04,0,7,July,Thursday,2.82,228.7,30.9,AC Unit,23.97
2024-07-04 01:00:00,2024-07-04,1,7,July,Thursday,3.84,239.1,32.0,Office,32.64
2024-07-04 02:00:00,2024-07-04,2,7,July,Thursday,3.75,229.1,21.5,Office,31.88
2024-07-04 03:00:00,2024-07-04,3,7,July,Thursday,2.98,231.9,28.1,Office,25.33
2024-07-04 04:00:00,2024-07-04,4,7,July,Thursday,2.66,237.8,24.6,AC Unit,22.61
2024-07-04 05:00:00,2024-07-04,5,7,July,Thursday,2.54,218.5,23.4,Living Room,21.59
2024-07-04 06:00:00,2024-07-04,6,7,July,Thursday,9.0,232.2,35.0,Kitchen,76.5
2024-07-04 07:00:00,2024-07-04,7,7,July,Thursday,8.27,218.7,38.7,Living Room,70.3
2024-07-04 08:00:00,2024-07-04,8,7,July,Thursday,9.36,240.3,34.2,Office,79.56
2024-07-04 09:00:00,2024-07-04,9,7,July,Thursday,9.0,236.3,31.2,Kitchen,76.5
2024-07-04 10:00:00,2024-07-04,10,7,July,Thursday,4.66,237.9,20.2,Factory Floor,39.61
2024-07-04 11:00:00,2024-07-04,11,7,July,Thursday,4.54,241.2,20.8,Living Room,38.59
2024-07-04 12:00:00,2024-07-04,12,7,July,Thursday,3.68,223.3,37.1,Office,31.28
2024-07-04 13:00:00,2024-07-04,13,7,July,Thursday,4.5,232.6,25.1,AC Unit,38.25
2024-07-04 14:00:00,2024-07-04,14,7,July,Thursday,5.32,240.3,29.6,AC Unit,45.22
2024-07-04 15:00:00,2024-07-04,15,7,July,Thursday,4.67,219.1,35.7,Living Room,39.7
2024-07-04 16:00:00,2024-07-04,16,7,July,Thursday,4.17,230.3,29.1,Office,35.45
2024-07-04 17:00:00,2024-07-04,17,7,July,Thursday,5.43,241.9,24.2,AC Unit,46.16
2024-07-04 18:00:00,2024-07-04,18,7,July,Thursday,10.28,223.7,22.2,Kitchen,87.38
2024-07-04 19:00:00,2024-07-04,19,7,July,Thursday,12.56,220.4,27.2,Living Room,106.76
2024-07-04 20:00:00,2024-07-04,20,7,July,Thursday,11.7,239.7,27.9,Living Room,99.45
2024-07-04 21:00:00,2024-07-04,21,7,July,Thursday,11.01,235.7,31.4,AC Unit,93.58
2024-07-04 22:00:00,2024-07-04,22,7,July,Thursday,9.66,230.9,22.3,Living Room,82.11
2024-07-04 23:00:00,2024-07-04,23,7,July,Thursday,3.93,229.6,21.1,Living Room,33.41
2024-07-05 00:00:00,2024-07-05,0,7,July,Friday,4.1,237.0,38.7,Kitchen,34.85
2024-07-05 01:00:00,2024-07-05,1,7,July,Friday,3.69,233.1,28.7,Office,31.36
2024-07-05 02:00:00,2024-07-05,2,7,July,Friday,3.47,228.5,39.2,Office,29.5
2024-07-05 03:00:00,2024-07-05,3,7,July,Friday,2.54,223.6,41.4,AC Unit,21.59
2024-07-05 04:00:00,2024-07-05,4,7,July,Friday,2.93,241.4,32.6,AC Unit,24.91
2024-07-05 05:00:00,2024-07-05,5,7,July,Friday,3.73,236.5,36.0,Factory Floor,31.7
2024-07-05 06:00:00,2024-07-05,6,7,July,Friday,10.56,223.2,23.0,AC Unit,89.76
2024-07-05 07:00:00,2024-07-05,7,7,July,Friday,9.46,223.0,22.6,Office,80.41
2024-07-05 08:00:00,2024-07-05,8,7,July,Friday,10.27,221.8,40.0,Kitchen,87.3
2024-07-05 09:00:00,2024-07-05,9,7,July,Friday,8.96,241.1,37.0,Kitchen,76.16
2024-07-05 10:00:00,2024-07-05,10,7,July,Friday,4.56,237.9,27.3,AC Unit,38.76
2024-07-05 11:00:00,2024-07-05,11,7,July,Friday,5.51,233.4,41.9,Kitchen,46.84
2024-07-05 12:00:00,2024-07-05,12,7,July,Friday,3.75,227.0,41.8,AC Unit,31.88
2024-07-05 13:00:00,2024-07-05,13,7,July,Friday,3.48,235.7,31.8,Office,29.58
2024-07-05 14:00:00,2024-07-05,14,7,July,Friday,4.25,240.7,40.0,AC Unit,36.12
2024-07-05 15:00:00,2024-07-05,15,7,July,Friday,3.97,229.3,25.6,Kitchen,33.75
2024-07-05 16:00:00,2024-07-05,16,7,July,Friday,4.8,233.2,27.8,AC Unit,40.8
2024-07-05 17:00:00,2024-07-05,17,7,July,Friday,5.22,229.7,36.3,Office,44.37
2024-07-05 18:00:00,2024-07-05,18,7,July,Friday,7.59,218.3,23.6,Kitchen,64.52
2024-07-05 19:00:00,2024-07-05,19,7,July,Friday,9.04,231.2,34.2,AC Unit,76.84
2024-07-05 20:00:00,2024-07-05,20,7,July,Friday,11.55,225.2,26.0,Factory Floor,98.18
2024-07-05 21:00:00,2024-07-05,21,7,July,Friday,11.03,224.1,32.4,Factory Floor,93.75
2024-07-05 22:00:00,2024-07-05,22,7,July,Friday,11.55,221.1,37.8,Kitchen,98.18
2024-07-05 23:00:00,2024-07-05,23,7,July,Friday,4.36,233.3,25.3,Kitchen,37.06
2024-07-06 00:00:00,2024-07-06,0,7,July,Saturday,1.44,241.1,34.0,Living Room,12.24
2024-07-06 01:00:00,2024-07-06,1,7,July,Saturday,3.1,237.7,22.6,Kitchen,26.35
2024-07-06 02:00:00,2024-07-06,2,7,July,Saturday,2.61,235.9,41.8,Factory Floor,22.18
2024-07-06 03:00:00,2024-07-06,3,7,July,Saturday,1.86,225.5,28.7,Kitchen,15.81
2024-07-06 04:00:00,2024-07-06,4,7,July,Saturday,4.27,221.2,38.7,Kitchen,36.29
2024-07-06 05:00:00,2024-07-06,5,7,July,Saturday,3.48,232.7,32.0,Living Room,29.58
2024-07-06 06:00:00,2024-07-06,6,7,July,Saturday,9.55,228.2,24.9,Factory Floor,81.18
2024-07-06 07:00:00,2024-07-06,7,7,July,Saturday,8.72,229.4,30.0,Living Room,74.12
2024-07-06 08:00:00,2024-07-06,8,7,July,Saturday,8.53,227.7,26.0,Living Room,72.5
2024-07-06 09:00:00,2024-07-06,9,7,July,Saturday,9.05,226.4,30.1,Factory Floor,76.93
2024-07-06 10:00:00,2024-07-06,10,7,July,Saturday,5.25,225.4,39.1,Factory Floor,44.62
2024-07-06 11:00:00,2024-07-06,11,7,July,Saturday,4.74,227.2,30.8,Kitchen,40.29
2024-07-06 12:00:00,2024-07-06,12,7,July,Saturday,3.83,232.0,36.5,Factory Floor,32.55
2024-07-06 13:00:00,2024-07-06,13,7,July,Saturday,5.42,226.5,36.7,Kitchen,46.07
2024-07-06 14:00:00,2024-07-06,14,7,July,Saturday,4.41,238.4,25.8,Living Room,37.48
2024-07-06 15:00:00,2024-07-06,15,7,July,Saturday,3.64,223.2,38.9,Office,30.94
2024-07-06 16:00:00,2024-07-06,16,7,July,Saturday,4.62,235.8,27.4,Living Room,39.27
2024-07-06 17:00:00,2024-07-06,17,7,July,Saturday,5.44,238.0,37.2,AC Unit,46.24
2024-07-06 18:00:00,2024-07-06,18,7,July,Saturday,12.22,231.2,30.6,Kitchen,103.87
2024-07-06 19:00:00,2024-07-06,19,7,July,Saturday,10.78,225.2,36.6,Kitchen,91.63
2024-07-06 20:00:00,2024-07-06,20,7,July,Saturday,9.39,235.5,35.3,AC Unit,79.81
2024-07-06 21:00:00,2024-07-06,21,7,July,Saturday,11.16,221.6,22.0,AC Unit,94.86
2024-07-06 22:00:00,2024-07-06,22,7,July,Saturday,11.49,229.2,38.1,Kitchen,97.67
2024-07-06 23:00:00,2024-07-06,23,7,July,Saturday,4.0,218.2,20.3,AC Unit,34.0
2024-07-07 00:00:00,2024-07-07,0,7,July,Sunday,3.25,228.2,31.3,Living Room,27.62
2024-07-07 01:00:00,2024-07-07,1,7,July,Sunday,3.41,219.4,35.9,Office,28.98
2024-07-07 02:00:00,2024-07-07,2,7,July,Sunday,2.32,232.0,27.1,Living Room,19.72
2024-07-07 03:00:00,2024-07-07,3,7,July,Sunday,3.15,222.1,22.3,Living Room,26.77
2024-07-07 04:00:00,2024-07-07,4,7,July,Sunday,3.16,220.3,33.5,Factory Floor,26.86
2024-07-07 05:00:00,2024-07-07,5,7,July,Sunday,2.31,225.9,30.0,Living Room,19.64
2024-07-07 06:00:00,2024-07-07,6,7,July,Sunday,9.15,221.4,29.4,Office,77.78
2024-07-07 07:00:00,2024-07-07,7,7,July,Sunday,9.27,219.7,40.7,Kitchen,78.8
2024-07-07 08:00:00,2024-07-07,8,7,July,Sunday,8.92,219.3,24.3,Kitchen,75.82
2024-07-07 09:00:00,2024-07-07,9,7,July,Sunday,10.08,233.5,40.7,Living Room,85.68
2024-07-07 10:00:00,2024-07-07,10,7,July,Sunday,5.27,221.3,26.3,Living Room,44.79
2024-07-07 11:00:00,2024-07-07,11,7,July,Sunday,3.98,218.7,29.0,Living Room,33.83
2024-07-07 12:00:00,2024-07-07,12,7,July,Sunday,3.28,225.7,33.0,Kitchen,27.88
2024-07-07 13:00:00,2024-07-07,13,7,July,Sunday,4.02,227.6,39.6,Kitchen,34.17
2024-07-07 14:00:00,2024-07-07,14,7,July,Sunday,5.22,221.1,38.8,AC Unit,44.37
2024-07-07 15:00:00,2024-07-07,15,7,July,Sunday,4.07,223.6,41.5,Kitchen,34.59
2024-07-07 16:00:00,2024-07-07,16,7,July,Sunday,3.54,226.9,23.1,Living Room,30.09
2024-07-07 17:00:00,2024-07-07,17,7,July,Sunday,3.85,232.7,21.0,Living Room,32.73
2024-07-07 18:00:00,2024-07-07,18,7,July,Sunday,8.41,223.0,32.7,Kitchen,71.48
2024-07-07 19:00:00,2024-07-07,19,7,July,Sunday,8.44,227.1,41.4,Kitchen,71.74
2024-07-07 20:00:00,2024-07-07,20,7,July,Sunday,9.35,238.0,29.1,AC Unit,79.47
2024-07-07 21:00:00,2024-07-07,21,7,July,Sunday,8.95,227.6,37.0,AC Unit,76.07
2024-07-07 22:00:00,2024-07-07,22,7,July,Sunday,10.3,224.3,31.3,Factory Floor,87.55
2024-07-07 23:00:00,2024-07-07,23,7,July,Sunday,3.56,219.3,37.8,AC Unit,30.26
2024-07-08 00:00:00,2024-07-08,0,7,July,Monday,3.89,229.4,39.9,Kitchen,33.06
2024-07-08 01:00:00,2024-07-08,1,7,July,Monday,3.51,226.7,33.7,Kitchen,29.83
2024-07-08 02:00:00,2024-07-08,2,7,July,Monday,3.41,234.5,41.9,Factory Floor,28.98
2024-07-08 03:00:00,2024-07-08,3,7,July,Monday,3.14,224.4,36.8,Factory Floor,26.69
2024-07-08 04:00:00,2024-07-08,4,7,July,Monday,2.03,233.3,21.3,Factory Floor,17.25
2024-07-08 05:00:00,2024-07-08,5,7,July,Monday,2.27,241.8,24.8,Factory Floor,19.3
2024-07-08 06:00:00,2024-07-08,6,7,July,Monday,10.1,239.1,37.1,AC Unit,85.85
2024-07-08 07:00:00,2024-07-08,7,7,July,Monday,10.28,234.0,27.4,Office,87.38
2024-07-08 08:00:00,2024-07-08,8,7,July,Monday,10.05,221.1,33.9,Office,85.43
2024-07-08 09:00:00,2024-07-08,9,7,July,Monday,8.58,225.0,39.3,Factory Floor,72.93
2024-07-08 10:00:00,2024-07-08,10,7,July,Monday,4.58,225.1,27.5,Living Room,38.93
2024-07-08 11:00:00,2024-07-08,11,7,July,Monday,3.77,233.5,40.5,Kitchen,32.05
2024-07-08 12:00:00,2024-07-08,12,7,July,Monday,5.04,223.4,26.0,AC Unit,42.84
2024-07-08 13:00:00,2024-07-08,13,7,July,Monday,4.15,236.0,25.4,Office,35.28
2024-07-08 14:00:00,2024-07-08,14,7,July,Monday,3.84,227.4,31.8,AC Unit,32.64
2024-07-08 15:00:00,2024-07-08,15,7,July,Monday,4.72,223.7,33.4,Office,40.12
2024-07-08 16:00:00,2024-07-08,16,7,July,Monday,4.65,220.3,38.9,Office,39.53
2024-07-08 17:00:00,2024-07-08,17,7,July,Monday,3.56,236.8,34.4,Factory Floor,30.26
2024-07-08 18:00:00,2024-07-08,18,7,July,Monday,8.34,223.0,22.9,Living Room,70.89
2024-07-08 19:00:00,2024-07-08,19,7,July,Monday,10.05,218.1,22.1,Office,85.43
2024-07-08 20:00:00,2024-07-08,20,7,July,Monday,12.04,239.7,20.4,Kitchen,102.34
2024-07-08 21:00:00,2024-07-08,21,7,July,Monday,9.3,221.2,22.7,AC Unit,79.05
2024-07-08 22:00:00,2024-07-08,22,7,July,Monday,9.75,236.8,29.7,Kitchen,82.88
2024-07-08 23:00:00,2024-07-08,23,7,July,Monday,3.92,221.5,32.7,Kitchen,33.32
2024-07-09 00:00:00,2024-07-09,0,7,July,Tuesday,3.36,227.7,40.2,Kitchen,28.56
2024-07-09 01:00:00,2024-07-09,1,7,July,Tuesday,3.07,232.0,37.7,AC Unit,26.09
2024-07-09 02:00:00,2024-07-09,2,7,July,Tuesday,3.35,230.1,34.6,Living Room,28.48
2024-07-09 03:00:00,2024-07-09,3,7,July,Tuesday,3.56,235.2,32.5,Living Room,30.26
2024-07-09 04:00:00,2024-07-09,4,7,July,Tuesday,2.95,227.9,39.6,Kitchen,25.08
2024-07-09 05:00:00,2024-07-09,5,7,July,Tuesday,2.33,220.5,28.6,Kitchen,19.8
2024-07-09 06:00:00,2024-07-09,6,7,July,Tuesday,8.62,227.6,35.8,Office,73.27
2024-07-09 07:00:00,2024-07-09,7,7,July,Tuesday,9.3,236.1,24.3,Kitchen,79.05
2024-07-09 08:00:00,2024-07-09,8,7,July,Tuesday,7.84,234.0,38.3,Kitchen,66.64
2024-07-09 09:00:00,2024-07-09,9,7,July,Tuesday,10.21,224.8,38.2,Office,86.79
2024-07-09 10:00:00,2024-07-09,10,7,July,Tuesday,4.86,235.5,41.0,Factory Floor,41.31
2024-07-09 11:00:00,2024-07-09,11,7,July,Tuesday,4.2,219.8,25.5,Office,35.7
2024-07-09 12:00:00,2024-07-09,12,7,July,Tuesday,3.58,241.4,32.7,Office,30.43
2024-07-09 13:00:00,2024-07-09,13,7,July,Tuesday,4.41,218.6,38.7,Kitchen,37.48
2024-07-09 14:00:00,2024-07-09,14,7,July,Tuesday,4.83,230.7,38.3,Factory Floor,41.05
2024-07-09 15:00:00,2024-07-09,15,7,July,Tuesday,5.63,227.7,32.0,Living Room,47.85
2024-07-09 16:00:00,2024-07-09,16,7,July,Tuesday,4.57,232.9,20.9,AC Unit,38.84
2024-07-09 17:00:00,2024-07-09,17,7,July,Tuesday,4.24,236.5,25.7,AC Unit,36.04
2024-07-09 18:00:00,2024-07-09,18,7,July,Tuesday,8.89,219.4,27.0,Living Room,75.56
2024-07-09 19:00:00,2024-07-09,19,7,July,Tuesday,10.66,234.1,30.7,Office,90.61
2024-07-09 20:00:00,2024-07-09,20,7,July,Tuesday,9.62,219.9,37.3,Living Room,81.77
2024-07-09 21:00:00,2024-07-09,21,7,July,Tuesday,12.98,220.8,39.3,Living Room,110.33
2024-07-09 22:00:00,2024-07-09,22,7,July,Tuesday,10.8,218.4,23.0,Factory Floor,91.8
2024-07-09 23:00:00,2024-07-09,23,7,July,Tuesday,4.34,241.3,31.5,Living Room,36.89
2024-07-10 00:00:00,2024-07-10,0,7,July,Wednesday,2.79,229.0,33.9,AC Unit,23.71
2024-07-10 01:00:00,2024-07-10,1,7,July,Wednesday,3.53,236.5,33.4,Factory Floor,30.0
2024-07-10 02:00:00,2024-07-10,2,7,July,Wednesday,3.03,225.1,29.4,Office,25.75
2024-07-10 03:00:00,2024-07-10,3,7,July,Wednesday,4.0,218.9,34.0,AC Unit,34.0
2024-07-10 04:00:00,2024-07-10,4,7,July,Wednesday,2.59,220.9,32.7,AC Unit,22.02
2024-07-10 05:00:00,2024-07-10,5,7,July,Wednesday,3.23,224.8,21.1,Kitchen,27.45
2024-07-10 06:00:00,2024-07-10,6,7,July,Wednesday,7.25,227.9,34.6,Kitchen,61.62
2024-07-10 07:00:00,2024-07-10,7,7,July,Wednesday,8.23,226.3,23.7,AC Unit,69.95
2024-07-10 08:00:00,2024-07-10,8,7,July,Wednesday,8.58,239.4,20.0,AC Unit,72.93
2024-07-10 09:00:00,2024-07-10,9,7,July,Wednesday,8.36,235.0,32.8,Office,71.06
2024-07-10 10:00:00,2024-07-10,10,7,July,Wednesday,4.69,230.6,40.0,Factory Floor,39.87
2024-07-10 11:00:00,2024-07-10,11,7,July,Wednesday,4.06,231.7,40.9,Kitchen,34.51
2024-07-10 12:00:00,2024-07-10,12,7,July,Wednesday,4.99,220.5,41.8,AC Unit,42.41
2024-07-10 13:00:00,2024-07-10,13,7,July,Wednesday,4.21,233.9,28.8,AC Unit,35.78
2024-07-10 14:00:00,2024-07-10,14,7,July,Wednesday,4.23,239.3,38.7,Kitchen,35.96
2024-07-10 15:00:00,2024-07-10,15,7,July,Wednesday,4.62,228.9,28.6,Kitchen,39.27
2024-07-10 16:00:00,2024-07-10,16,7,July,Wednesday,4.88,226.8,25.7,Living Room,41.48
2024-07-10 17:00:00,2024-07-10,17,7,July,Wednesday,4.62,220.0,38.9,AC Unit,39.27
2024-07-10 18:00:00,2024-07-10,18,7,July,Wednesday,8.88,227.1,34.3,Factory Floor,75.48
2024-07-10 19:00:00,2024-07-10,19,7,July,Wednesday,11.75,230.3,37.1,Living Room,99.88
2024-07-10 20:00:00,2024-07-10,20,7,July,Wednesday,11.15,237.5,29.0,Office,94.78
2024-07-10 21:00:00,2024-07-10,21,7,July,Wednesday,8.75,236.2,30.7,Office,74.38
2024-07-10 22:00:00,2024-07-10,22,7,July,Wednesday,8.67,230.0,22.4,AC Unit,73.69
2024-07-10 23:00:00,2024-07-10,23,7,July,Wednesday,5.4,221.4,23.1,Kitchen,45.9
2024-07-11 00:00:00,2024-07-11,0,7,July,Thursday,3.22,230.9,30.4,Kitchen,27.37
2024-07-11 01:00:00,2024-07-11,1,7,July,Thursday,2.8,232.3,20.7,AC Unit,23.8
2024-07-11 02:00:00,2024-07-11,2,7,July,Thursday,3.91,228.9,37.7,Kitchen,33.23
2024-07-11 03:00:00,2024-07-11,3,7,July,Thursday,3.9,240.5,27.6,Living Room,33.15
2024-07-11 04:00:00,2024-07-11,4,7,July,Thursday,3.38,225.6,37.2,Factory Floor,28.73
2024-07-11 05:00:00,2024-07-11,5,7,July,Thursday,2.04,232.2,40.3,Living Room,17.34
2024-07-11 06:00:00,2024-07-11,6,7,July,Thursday,9.37,234.8,34.6,Factory Floor,79.64
2024-07-11 07:00:00,2024-07-11,7,7,July,Thursday,8.51,230.6,20.6,Office,72.33
2024-07-11 08:00:00,2024-07-11,8,7,July,Thursday,7.09,220.5,26.3,AC Unit,60.27
2024-07-11 09:00:00,2024-07-11,9,7,July,Thursday,7.22,236.2,37.3,Office,61.37
2024-07-11 10:00:00,2024-07-11,10,7,July,Thursday,4.62,233.7,26.3,Office,39.27
2024-07-11 11:00:00,2024-07-11,11,7,July,Thursday,4.27,235.6,33.8,Office,36.29
2024-07-11 12:00:00,2024-07-11,12,7,July,Thursday,3.16,230.2,32.2,Office,26.86
2024-07-11 13:00:00,2024-07-11,13,7,July,Thursday,3.83,236.1,30.9,Office,32.55
2024-07-11 14:00:00,2024-07-11,14,7,July,Thursday,5.25,234.2,25.0,Office,44.62
2024-07-11 15:00:00,2024-07-11,15,7,July,Thursday,4.29,221.5,24.9,Office,36.47
2024-07-11 16:00:00,2024-07-11,16,7,July,Thursday,5.17,224.0,40.2,Kitchen,43.95
2024-07-11 17:00:00,2024-07-11,17,7,July,Thursday,5.05,231.8,27.0,AC Unit,42.92
2024-07-11 18:00:00,2024-07-11,18,7,July,Thursday,12.04,236.8,33.0,AC Unit,102.34
2024-07-11 19:00:00,2024-07-11,19,7,July,Thursday,10.59,222.5,39.7,Living Room,90.02
2024-07-11 20:00:00,2024-07-11,20,7,July,Thursday,11.97,233.3,35.2,AC Unit,101.75
2024-07-11 21:00:00,2024-07-11,21,7,July,Thursday,12.42,228.3,28.3,Living Room,105.57
2024-07-11 22:00:00,2024-07-11,22,7,July,Thursday,9.64,228.9,26.0,Factory Floor,81.94
2024-07-11 23:00:00,2024-07-11,23,7,July,Thursday,4.87,225.6,29.8,Living Room,41.4
2024-07-12 00:00:00,2024-07-12,0,7,July,Friday,2.47,225.2,39.8,Living Room,21.0
2024-07-12 01:00:00,2024-07-12,1,7,July,Friday,2.32,224.7,30.5,Factory Floor,19.72
2024-07-12 02:00:00,2024-07-12,2,7,July,Friday,2.32,227.5,25.9,Factory Floor,19.72
2024-07-12 03:00:00,2024-07-12,3,7,July,Friday,3.13,225.8,39.3,Living Room,26.61
2024-07-12 04:00:00,2024-07-12,4,7,July,Friday,3.06,221.4,25.5,Kitchen,26.01
2024-07-12 05:00:00,2024-07-12,5,7,July,Friday,1.74,219.9,35.6,AC Unit,14.79
2024-07-12 06:00:00,2024-07-12,6,7,July,Friday,7.24,239.0,33.2,AC Unit,61.54
2024-07-12 07:00:00,2024-07-12,7,7,July,Friday,8.52,241.0,40.4,Factory Floor,72.42
2024-07-12 08:00:00,2024-07-12,8,7,July,Friday,8.33,218.4,26.1,AC Unit,70.81
2024-07-12 09:00:00,2024-07-12,9,7,July,Friday,8.6,223.3,23.2,AC Unit,73.1
2024-07-12 10:00:00,2024-07-12,10,7,July,Friday,4.64,222.4,24.9,Living Room,39.44
2024-07-12 11:00:00,2024-07-12,11,7,July,Friday,4.18,237.5,31.6,Kitchen,35.53
2024-07-12 12:00:00,2024-07-12,12,7,July,Friday,3.11,237.9,33.3,Factory Floor,26.43
2024-07-12 13:00:00,2024-07-12,13,7,July,Friday,4.25,232.8,22.0,Kitchen,36.12
2024-07-12 14:00:00,2024-07-12,14,7,July,Friday,3.49,221.8,23.1,Kitchen,29.67
2024-07-12 15:00:00,2024-07-12,15,7,July,Friday,3.14,229.1,40.4,Kitchen,26.69
2024-07-12 16:00:00,2024-07-12,16,7,July,Friday,5.17,223.8,23.9,Factory Floor,43.95
2024-07-12 17:00:00,2024-07-12,17,7,July,Friday,3.97,238.6,38.4,Factory Floor,33.75
2024-07-12 18:00:00,2024-07-12,18,7,July,Friday,8.49,218.8,24.7,Kitchen,72.17
2024-07-12 19:00:00,2024-07-12,19,7,July,Friday,10.65,236.7,38.1,Living Room,90.53
2024-07-12 20:00:00,2024-07-12,20,7,July,Friday,7.93,232.0,22.3,Kitchen,67.41
2024-07-12 21:00:00,2024-07-12,21,7,July,Friday,10.61,229.7,30.7,Office,90.19
2024-07-12 22:00:00,2024-07-12,22,7,July,Friday,7.39,235.0,34.3,Factory Floor,62.81
2024-07-12 23:00:00,2024-07-12,23,7,July,Friday,3.35,238.2,28.3,AC Unit,28.48
2024-07-13 00:00:00,2024-07-13,0,7,July,Saturday,2.17,226.5,33.2,Living Room,18.45
2024-07-13 01:00:00,2024-07-13,1,7,July,Saturday,3.05,239.6,25.0,AC Unit,25.92
2024-07-13 02:00:00,2024-07-13,2,7,July,Saturday,2.7,223.2,36.3,Living Room,22.95
2024-07-13 03:00:00,2024-07-13,3,7,July,Saturday,2.81,240.0,31.8,Living Room,23.89
2024-07-13 04:00:00,2024-07-13,4,7,July,Saturday,2.91,224.9,25.4,Living Room,24.73
2024-07-13 05:00:00,2024-07-13,5,7,July,Saturday,1.75,236.2,24.3,Office,14.88
2024-07-13 06:00:00,2024-07-13,6,7,July,Saturday,8.39,228.8,31.0,Factory Floor,71.31
2024-07-13 07:00:00,2024-07-13,7,7,July,Saturday,9.16,233.8,34.3,Factory Floor,77.86
2024-07-13 08:00:00,2024-07-13,8,7,July,Saturday,6.83,231.3,38.1,AC Unit,58.05
2024-07-13 09:00:00,2024-07-13,9,7,July,Saturday,8.2,237.1,33.7,Kitchen,69.7
2024-07-13 10:00:00,2024-07-13,10,7,July,Saturday,3.33,220.7,30.5,Office,28.3
2024-07-13 11:00:00,2024-07-13,11,7,July,Saturday,4.8,227.3,38.2,Factory Floor,40.8
2024-07-13 12:00:00,2024-07-13,12,7,July,Saturday,3.66,221.6,35.0,Living Room,31.11
2024-07-13 13:00:00,2024-07-13,13,7,July,Saturday,4.66,219.7,23.0,Office,39.61
2024-07-13 14:00:00,2024-07-13,14,7,July,Saturday,5.09,226.8,24.9,Factory Floor,43.27
2024-07-13 15:00:00,2024-07-13,15,7,July,Saturday,3.45,221.7,26.9,Living Room,29.33
2024-07-13 16:00:00,2024-07-13,16,7,July,Saturday,4.02,223.9,38.3,Kitchen,34.17
2024-07-13 17:00:00,2024-07-13,17,7,July,Saturday,4.68,239.8,23.3,Kitchen,39.78
2024-07-13 18:00:00,2024-07-13,18,7,July,Saturday,10.1,228.5,33.2,Office,85.85
2024-07-13 19:00:00,2024-07-13,19,7,July,Saturday,11.37,241.3,36.6,Office,96.64
2024-07-13 20:00:00,2024-07-13,20,7,July,Saturday,10.72,222.8,35.0,Factory Floor,91.12
2024-07-13 21:00:00,2024-07-13,21,7,July,Saturday,9.5,239.5,40.2,Kitchen,80.75
2024-07-13 22:00:00,2024-07-13,22,7,July,Saturday,7.64,238.9,37.9,AC Unit,64.94
2024-07-13 23:00:00,2024-07-13,23,7,July,Saturday,3.76,225.0,29.5,Kitchen,31.96
2024-07-14 00:00:00,2024-07-14,0,7,July,Sunday,2.67,229.7,41.9,AC Unit,22.7
2024-07-14 01:00:00,2024-07-14,1,7,July,Sunday,2.31,224.0,40.9,AC Unit,19.64
2024-07-14 02:00:00,2024-07-14,2,7,July,Sunday,2.71,232.7,41.5,AC Unit,23.04
2024-07-14 03:00:00,2024-07-14,3,7,July,Sunday,3.08,221.8,26.1,Office,26.18
2024-07-14 04:00:00,2024-07-14,4,7,July,Sunday,2.57,225.4,33.8,AC Unit,21.84
2024-07-14 05:00:00,2024-07-14,5,7,July,Sunday,2.95,231.6,27.2,Office,25.08
2024-07-14 06:00:00,2024-07-14,6,7,July,Sunday,10.65,234.1,39.1,Kitchen,90.53
2024-07-14 07:00:00,2024-07-14,7,7,July,Sunday,10.71,222.3,40.8,AC Unit,91.04
2024-07-14 08:00:00,2024-07-14,8,7,July,Sunday,9.92,223.2,35.1,AC Unit,84.32
2024-07-14 09:00:00,2024-07-14,9,7,July,Sunday,9.32,225.2,39.1,AC Unit,79.22
2024-07-14 10:00:00,2024-07-14,10,7,July,Sunday,4.99,236.9,26.4,Factory Floor,42.41
2024-07-14 11:00:00,2024-07-14,11,7,July,Sunday,4.91,234.5,38.8,Living Room,41.73
2024-07-14 12:00:00,2024-07-14,12,7,July,Sunday,3.92,229.8,32.5,Kitchen,33.32
2024-07-14 13:00:00,2024-07-14,13,7,July,Sunday,4.61,225.0,34.4,Factory Floor,39.19
2024-07-14 14:00:00,2024-07-14,14,7,July,Sunday,3.28,232.7,22.9,AC Unit,27.88
2024-07-14 15:00:00,2024-07-14,15,7,July,Sunday,4.59,240.7,41.7,Kitchen,39.02
2024-07-14 16:00:00,2024-07-14,16,7,July,Sunday,4.74,233.5,39.4,Living Room,40.29
2024-07-14 17:00:00,2024-07-14,17,7,July,Sunday,5.55,224.5,21.4,Factory Floor,47.17
2024-07-14 18:00:00,2024-07-14,18,7,July,Sunday,10.93,227.5,29.0,Kitchen,92.91
2024-07-14 19:00:00,2024-07-14,19,7,July,Sunday,12.16,237.4,29.4,Living Room,103.36
2024-07-14 20:00:00,2024-07-14,20,7,July,Sunday,10.31,237.8,20.6,Living Room,87.64
2024-07-14 21:00:00,2024-07-14,21,7,July,Sunday,12.52,230.1,25.9,Factory Floor,106.42
2024-07-14 22:00:00,2024-07-14,22,7,July,Sunday,12.68,222.9,41.8,Kitchen,107.78
2024-07-14 23:00:00,2024-07-14,23,7,July,Sunday,4.3,231.8,20.5,Office,36.55
2024-07-15 00:00:00,2024-07-15,0,7,July,Monday,4.33,227.7,35.9,Living Room,36.8
2024-07-15 01:00:00,2024-07-15,1,7,July,Monday,2.92,233.4,25.6,AC Unit,24.82
2024-07-15 02:00:00,2024-07-15,2,7,July,Monday,3.46,218.6,41.7,Factory Floor,29.41
2024-07-15 03:00:00,2024-07-15,3,7,July,Monday,3.2,238.8,23.2,Office,27.2
2024-07-15 04:00:00,2024-07-15,4,7,July,Monday,4.27,240.3,28.2,Living Room,36.29
2024-07-15 05:00:00,2024-07-15,5,7,July,Monday,4.01,220.6,27.6,Office,34.09
2024-07-15 06:00:00,2024-07-15,6,7,July,Monday,10.58,231.0,21.1,Office,89.93
2024-07-15 07:00:00,2024-07-15,7,7,July,Monday,10.11,235.6,26.3,Living Room,85.94
2024-07-15 08:00:00,2024-07-15,8,7,July,Monday,6.55,226.4,28.5,Office,55.67
2024-07-15 09:00:00,2024-07-15,9,7,July,Monday,9.23,222.6,34.0,Living Room,78.45
2024-07-15 10:00:00,2024-07-15,10,7,July,Monday,4.19,229.5,30.1,AC Unit,35.62
2024-07-15 11:00:00,2024-07-15,11,7,July,Monday,4.21,233.0,20.3,Factory Floor,35.78
2024-07-15 12:00:00,2024-07-15,12,7,July,Monday,4.35,224.8,22.4,Factory Floor,36.97
2024-07-15 13:00:00,2024-07-15,13,7,July,Monday,4.13,241.1,33.4,Kitchen,35.1
2024-07-15 14:00:00,2024-07-15,14,7,July,Monday,5.57,233.8,28.9,Office,47.34
2024-07-15 15:00:00,2024-07-15,15,7,July,Monday,4.61,234.9,30.6,Living Room,39.19
2024-07-15 16:00:00,2024-07-15,16,7,July,Monday,3.98,230.4,28.6,Office,33.83
2024-07-15 17:00:00,2024-07-15,17,7,July,Monday,5.07,231.7,30.3,Factory Floor,43.09
2024-07-15 18:00:00,2024-07-15,18,7,July,Monday,10.63,222.8,24.4,Factory Floor,90.36
2024-07-15 19:00:00,2024-07-15,19,7,July,Monday,9.72,238.8,27.3,Office,82.62
2024-07-15 20:00:00,2024-07-15,20,7,July,Monday,8.57,230.9,32.9,Factory Floor,72.84
2024-07-15 21:00:00,2024-07-15,21,7,July,Monday,10.27,223.9,40.9,Kitchen,87.3
2024-07-15 22:00:00,2024-07-15,22,7,July,Monday,11.26,221.9,23.5,Factory Floor,95.71
2024-07-15 23:00:00,2024-07-15,23,7,July,Monday,4.41,239.7,35.4,AC Unit,37.48
2024-07-16 00:00:00,2024-07-16,0,7,July,Tuesday,1.9,237.5,40.4,Factory Floor,16.15
2024-07-16 01:00:00,2024-07-16,1,7,July,Tuesday,2.87,237.6,37.1,Living Room,24.39
2024-07-16 02:00:00,2024-07-16,2,7,July,Tuesday,3.08,239.6,30.2,Factory Floor,26.18
2024-07-16 03:00:00,2024-07-16,3,7,July,Tuesday,2.67,233.5,25.6,Living Room,22.7
2024-07-16 04:00:00,2024-07-16,4,7,July,Tuesday,3.69,222.0,22.8,Office,31.36
2024-07-16 05:00:00,2024-07-16,5,7,July,Tuesday,2.34,223.7,37.7,Factory Floor,19.89
2024-07-16 06:00:00,2024-07-16,6,7,July,Tuesday,10.34,240.0,40.3,Kitchen,87.89
2024-07-16 07:00:00,2024-07-16,7,7,July,Tuesday,10.98,236.4,24.9,Kitchen,93.33
2024-07-16 08:00:00,2024-07-16,8,7,July,Tuesday,10.91,240.1,40.9,Living Room,92.73
2024-07-16 09:00:00,2024-07-16,9,7,July,Tuesday,8.18,225.7,35.3,Factory Floor,69.53
2024-07-16 10:00:00,2024-07-16,10,7,July,Tuesday,5.23,222.8,37.2,Living Room,44.46
2024-07-16 11:00:00,2024-07-16,11,7,July,Tuesday,3.92,221.5,21.1,Kitchen,33.32
2024-07-16 12:00:00,2024-07-16,12,7,July,Tuesday,4.71,222.6,34.9,Factory Floor,40.03
2024-07-16 13:00:00,2024-07-16,13,7,July,Tuesday,4.11,219.2,36.3,Factory Floor,34.94
2024-07-16 14:00:00,2024-07-16,14,7,July,Tuesday,5.39,228.7,30.3,Office,45.81
2024-07-16 15:00:00,2024-07-16,15,7,July,Tuesday,5.45,239.7,40.6,Office,46.33
2024-07-16 16:00:00,2024-07-16,16,7,July,Tuesday,4.64,227.0,35.6,Factory Floor,39.44
2024-07-16 17:00:00,2024-07-16,17,7,July,Tuesday,4.1,236.5,28.9,Living Room,34.85
2024-07-16 18:00:00,2024-07-16,18,7,July,Tuesday,11.25,238.5,24.3,AC Unit,95.62
2024-07-16 19:00:00,2024-07-16,19,7,July,Tuesday,8.66,221.9,38.1,AC Unit,73.61
2024-07-16 20:00:00,2024-07-16,20,7,July,Tuesday,13.13,235.1,24.3,Factory Floor,111.61
2024-07-16 21:00:00,2024-07-16,21,7,July,Tuesday,11.59,238.1,32.7,AC Unit,98.52
2024-07-16 22:00:00,2024-07-16,22,7,July,Tuesday,9.24,218.5,35.3,Factory Floor,78.54
2024-07-16 23:00:00,2024-07-16,23,7,July,Tuesday,4.76,236.3,27.4,Office,40.46
2024-07-17 00:00:00,2024-07-17,0,7,July,Wednesday,4.03,235.9,22.1,Living Room,34.26
2024-07-17 01:00:00,2024-07-17,1,7,July,Wednesday,3.41,218.2,31.1,Kitchen,28.98
2024-07-17 02:00:00,2024-07-17,2,7,July,Wednesday,3.44,234.1,38.6,AC Unit,29.24
2024-07-17 03:00:00,2024-07-17,3,7,July,Wednesday,4.05,222.9,27.0,Office,34.42
2024-07-17 04:00:00,2024-07-17,4,7,July,Wednesday,2.41,220.1,24.1,AC Unit,20.48
2024-07-17 05:00:00,2024-07-17,5,7,July,Wednesday,2.46,224.1,25.3,Office,20.91
2024-07-17 06:00:00,2024-07-17,6,7,July,Wednesday,11.13,224.8,38.3,Kitchen,94.61
2024-07-17 07:00:00,2024-07-17,7,7,July,Wednesday,7.43,240.8,35.2,Factory Floor,63.16
2024-07-17 08:00:00,2024-07-17,8,7,July,Wednesday,8.08,225.4,31.9,AC Unit,68.68
2024-07-17 09:00:00,2024-07-17,9,7,July,Wednesday,9.93,235.3,34.7,AC Unit,84.41
2024-07-17 10:00:00,2024-07-17,10,7,July,Wednesday,3.82,234.5,36.2,Kitchen,32.47
2024-07-17 11:00:00,2024-07-17,11,7,July,Wednesday,3.43,219.2,26.7,Factory Floor,29.16
2024-07-17 12:00:00,2024-07-17,12,7,July,Wednesday,4.9,232.1,32.3,AC Unit,41.65
2024-07-17 13:00:00,2024-07-17,13,7,July,Wednesday,4.38,229.9,22.5,Kitchen,37.23
2024-07-17 14:00:00,2024-07-17,14,7,July,Wednesday,5.34,234.7,24.4,Kitchen,45.39
2024-07-17 15:00:00,2024-07-17,15,7,July,Wednesday,4.06,233.7,24.8,Office,34.51
2024-07-17 16:00:00,2024-07-17,16,7,July,Wednesday,5.26,222.8,20.3,Living Room,44.71
2024-07-17 17:00:00,2024-07-17,17,7,July,Wednesday,3.15,219.3,38.1,Office,26.77
2024-07-17 18:00:00,2024-07-17,18,7,July,Wednesday,9.57,235.5,37.8,AC Unit,81.34
2024-07-17 19:00:00,2024-07-17,19,7,July,Wednesday,11.52,230.6,41.6,Kitchen,97.92
2024-07-17 20:00:00,2024-07-17,20,7,July,Wednesday,10.31,231.1,40.8,Kitchen,87.64
2024-07-17 21:00:00,2024-07-17,21,7,July,Wednesday,10.34,219.2,25.8,Kitchen,87.89
2024-07-17 22:00:00,2024-07-17,22,7,July,Wednesday,10.46,236.5,28.7,Office,88.91
2024-07-17 23:00:00,2024-07-17,23,7,July,Wednesday,4.86,236.9,21.8,Kitchen,41.31
2024-07-18 00:00:00,2024-07-18,0,7,July,Thursday,2.25,238.5,39.0,Office,19.12
2024-07-18 01:00:00,2024-07-18,1,7,July,Thursday,3.31,224.2,30.1,Living Room,28.14
2024-07-18 02:00:00,2024-07-18,2,7,July,Thursday,3.17,241.8,39.0,Living Room,26.95
2024-07-18 03:00:00,2024-07-18,3,7,July,Thursday,3.21,223.1,37.2,Kitchen,27.29
2024-07-18 04:00:00,2024-07-18,4,7,July,Thursday,3.71,222.9,29.9,Office,31.54
2024-07-18 05:00:00,2024-07-18,5,7,July,Thursday,2.55,241.7,36.4,Kitchen,21.67
2024-07-18 06:00:00,2024-07-18,6,7,July,Thursday,9.69,227.8,39.0,Living Room,82.36
2024-07-18 07:00:00,2024-07-18,7,7,July,Thursday,9.29,228.3,35.2,Living Room,78.96
2024-07-18 08:00:00,2024-07-18,8,7,July,Thursday,9.35,221.0,31.7,Kitchen,79.47
2024-07-18 09:00:00,2024-07-18,9,7,July,Thursday,8.24,239.7,34.7,Living Room,70.04
2024-07-18 10:00:00,2024-07-18,10,7,July,Thursday,3.83,239.1,37.2,Kitchen,32.55
2024-07-18 11:00:00,2024-07-18,11,7,July,Thursday,4.32,232.2,24.0,Factory Floor,36.72
2024-07-18 12:00:00,2024-07-18,12,7,July,Thursday,4.38,234.6,20.2,Kitchen,37.23
2024-07-18 13:00:00,2024-07-18,13,7,July,Thursday,4.29,240.8,41.8,AC Unit,36.47
2024-07-18 14:00:00,2024-07-18,14,7,July,Thursday,3.89,233.4,34.9,Office,33.06
2024-07-18 15:00:00,2024-07-18,15,7,July,Thursday,4.94,225.0,32.8,AC Unit,41.99
2024-07-18 16:00:00,2024-07-18,16,7,July,Thursday,4.24,225.8,33.7,Factory Floor,36.04
2024-07-18 17:00:00,2024-07-18,17,7,July,Thursday,4.36,241.4,38.4,Factory Floor,37.06
2024-07-18 18:00:00,2024-07-18,18,7,July,Thursday,9.47,231.4,41.1,Office,80.5
2024-07-18 19:00:00,2024-07-18,19,7,July,Thursday,7.23,235.1,40.6,Living Room,61.46
2024-07-18 20:00:00,2024-07-18,20,7,July,Thursday,11.26,227.3,30.6,Office,95.71
2024-07-18 21:00:00,2024-07-18,21,7,July,Thursday,8.72,232.2,40.9,AC Unit,74.12
2024-07-18 22:00:00,2024-07-18,22,7,July,Thursday,11.26,230.8,21.8,Living Room,95.71
2024-07-18 23:00:00,2024-07-18,23,7,July,Thursday,4.99,228.3,21.2,AC Unit,42.41
2024-07-19 00:00:00,2024-07-19,0,7,July,Friday,1.84,224.3,33.1,Kitchen,15.64
2024-07-19 01:00:00,2024-07-19,1,7,July,Friday,3.21,229.8,34.1,Living Room,27.29
2024-07-19 02:00:00,2024-07-19,2,7,July,Friday,3.43,232.2,20.4,Living Room,29.16
2024-07-19 03:00:00,2024-07-19,3,7,July,Friday,2.2,219.5,31.2,Living Room,18.7
2024-07-19 04:00:00,2024-07-19,4,7,July,Friday,2.6,218.6,34.6,Office,22.1
2024-07-19 05:00:00,2024-07-19,5,7,July,Friday,3.81,238.4,29.0,Kitchen,32.38
2024-07-19 06:00:00,2024-07-19,6,7,July,Friday,9.75,222.0,20.9,Factory Floor,82.88
2024-07-19 07:00:00,2024-07-19,7,7,July,Friday,8.09,224.3,23.8,Factory Floor,68.77
2024-07-19 08:00:00,2024-07-19,8,7,July,Friday,9.06,237.3,29.9,Kitchen,77.01
2024-07-19 09:00:00,2024-07-19,9,7,July,Friday,9.63,241.9,35.3,AC Unit,81.86
2024-07-19 10:00:00,2024-07-19,10,7,July,Friday,4.77,220.2,34.1,AC Unit,40.54
2024-07-19 11:00:00,2024-07-19,11,7,July,Friday,4.56,241.1,28.1,Factory Floor,38.76
2024-07-19 12:00:00,2024-07-19,12,7,July,Friday,5.26,224.1,35.8,Office,44.71
2024-07-19 13:00:00,2024-07-19,13,7,July,Friday,5.6,226.7,26.7,AC Unit,47.6
2024-07-19 14:00:00,2024-07-19,14,7,July,Friday,3.77,219.6,28.4,Factory Floor,32.05
2024-07-19 15:00:00,2024-07-19,15,7,July,Friday,5.77,233.9,29.2,Office,49.04
2024-07-19 16:00:00,2024-07-19,16,7,July,Friday,4.14,224.4,24.4,AC Unit,35.19
2024-07-19 17:00:00,2024-07-19,17,7,July,Friday,4.98,233.9,40.4,Office,42.33
2024-07-19 18:00:00,2024-07-19,18,7,July,Friday,12.89,238.0,24.7,Factory Floor,109.56
2024-07-19 19:00:00,2024-07-19,19,7,July,Friday,11.59,218.7,34.6,Factory Floor,98.52
2024-07-19 20:00:00,2024-07-19,20,7,July,Friday,9.94,230.2,33.4,Kitchen,84.49
2024-07-19 21:00:00,2024-07-19,21,7,July,Friday,9.81,237.3,32.3,AC Unit,83.39
2024-07-19 22:00:00,2024-07-19,22,7,July,Friday,10.67,241.9,35.2,Office,90.69
2024-07-19 23:00:00,2024-07-19,23,7,July,Friday,3.09,235.4,26.7,Living Room,26.27
2024-07-20 00:00:00,2024-07-20,0,7,July,Saturday,3.68,230.8,28.8,Kitchen,31.28
2024-07-20 01:00:00,2024-07-20,1,7,July,Saturday,1.74,224.7,40.2,Office,14.79
2024-07-20 02:00:00,2024-07-20,2,7,July,Saturday,3.07,228.7,40.1,Factory Floor,26.09
2024-07-20 03:00:00,2024-07-20,3,7,July,Saturday,3.37,224.5,37.3,AC Unit,28.64
2024-07-20 04:00:00,2024-07-20,4,7,July,Saturday,3.28,231.5,20.6,Factory Floor,27.88
2024-07-20 05:00:00,2024-07-20,5,7,July,Saturday,3.33,226.5,34.9,Living Room,28.3
2024-07-20 06:00:00,2024-07-20,6,7,July,Saturday,8.24,241.0,22.1,Kitchen,70.04
2024-07-20 07:00:00,2024-07-20,7,7,July,Saturday,8.94,229.1,25.8,Kitchen,75.99
2024-07-20 08:00:00,2024-07-20,8,7,July,Saturday,10.59,238.0,27.3,Living Room,90.02
2024-07-20 09:00:00,2024-07-20,9,7,July,Saturday,9.94,221.4,34.5,Office,84.49
2024-07-20 10:00:00,2024-07-20,10,7,July,Saturday,4.05,222.0,27.9,Factory Floor,34.42
2024-07-20 11:00:00,2024-07-20,11,7,July,Saturday,4.78,228.4,34.9,Kitchen,40.63
2024-07-20 12:00:00,2024-07-20,12,7,July,Saturday,4.96,234.6,31.5,Factory Floor,42.16
2024-07-20 13:00:00,2024-07-20,13,7,July,Saturday,3.64,235.2,27.7,AC Unit,30.94
2024-07-20 14:00:00,2024-07-20,14,7,July,Saturday,3.76,233.2,29.5,Living Room,31.96
2024-07-20 15:00:00,2024-07-20,15,7,July,Saturday,5.42,233.0,32.9,AC Unit,46.07
2024-07-20 16:00:00,2024-07-20,16,7,July,Saturday,3.66,239.6,26.7,AC Unit,31.11
2024-07-20 17:00:00,2024-07-20,17,7,July,Saturday,4.31,234.5,35.4,Factory Floor,36.63
2024-07-20 18:00:00,2024-07-20,18,7,July,Saturday,8.76,228.0,24.4,Factory Floor,74.46
2024-07-20 19:00:00,2024-07-20,19,7,July,Saturday,9.04,238.3,34.7,Factory Floor,76.84
2024-07-20 20:00:00,2024-07-20,20,7,July,Saturday,10.07,238.9,23.7,Factory Floor,85.59
2024-07-20 21:00:00,2024-07-20,21,7,July,Saturday,8.99,218.7,25.7,Living Room,76.42
2024-07-20 22:00:00,2024-07-20,22,7,July,Saturday,11.05,221.8,33.0,Living Room,93.93
2024-07-20 23:00:00,2024-07-20,23,7,July,Saturday,4.08,232.5,29.5,Living Room,34.68
2024-07-21 00:00:00,2024-07-21,0,7,July,Sunday,2.3,226.1,21.6,Factory Floor,19.55
2024-07-21 01:00:00,2024-07-21,1,7,July,Sunday,1.71,225.9,33.5,Office,14.54
2024-07-21 02:00:00,2024-07-21,2,7,July,Sunday,3.42,234.3,35.9,Factory Floor,29.07
2024-07-21 03:00:00,2024-07-21,3,7,July,Sunday,4.33,240.9,24.7,Kitchen,36.8
2024-07-21 04:00:00,2024-07-21,4,7,July,Sunday,2.79,241.0,26.8,AC Unit,23.71
2024-07-21 05:00:00,2024-07-21,5,7,July,Sunday,1.62,221.7,23.2,Office,13.77
2024-07-21 06:00:00,2024-07-21,6,7,July,Sunday,9.62,238.6,23.2,Kitchen,81.77
2024-07-21 07:00:00,2024-07-21,7,7,July,Sunday,9.08,221.2,28.0,AC Unit,77.18
2024-07-21 08:00:00,2024-07-21,8,7,July,Sunday,8.86,219.5,35.8,AC Unit,75.31
2024-07-21 09:00:00,2024-07-21,9,7,July,Sunday,9.9,222.7,21.9,Kitchen,84.15
2024-07-21 10:00:00,2024-07-21,10,7,July,Sunday,4.54,239.2,28.2,Living Room,38.59
2024-07-21 11:00:00,2024-07-21,11,7,July,Sunday,5.46,238.5,34.6,Office,46.41
2024-07-21 12:00:00,2024-07-21,12,7,July,Sunday,4.09,233.4,27.1,Factory Floor,34.77
2024-07-21 13:00:00,2024-07-21,13,7,July,Sunday,3.88,240.8,40.6,Office,32.98
2024-07-21 14:00:00,2024-07-21,14,7,July,Sunday,4.16,241.0,37.8,Factory Floor,35.36
2024-07-21 15:00:00,2024-07-21,15,7,July,Sunday,3.59,220.7,29.4,Office,30.52
2024-07-21 16:00:00,2024-07-21,16,7,July,Sunday,3.22,230.1,25.0,Office,27.37
2024-07-21 17:00:00,2024-07-21,17,7,July,Sunday,3.41,231.2,28.7,Living Room,28.98
2024-07-21 18:00:00,2024-07-21,18,7,July,Sunday,11.71,228.4,30.6,Living Room,99.54
2024-07-21 19:00:00,2024-07-21,19,7,July,Sunday,10.25,229.7,29.7,AC Unit,87.12
2024-07-21 20:00:00,2024-07-21,20,7,July,Sunday,10.19,235.5,28.2,Kitchen,86.61
2024-07-21 21:00:00,2024-07-21,21,7,July,Sunday,7.83,237.4,23.9,Kitchen,66.56
2024-07-21 22:00:00,2024-07-21,22,7,July,Sunday,11.67,223.9,30.9,Office,99.19
2024-07-21 23:00:00,2024-07-21,23,7,July,Sunday,3.28,240.6,34.0,Living Room,27.88
2024-07-22 00:00:00,2024-07-22,0,7,July,Monday,2.86,236.3,21.0,Living Room,24.31
2024-07-22 01:00:00,2024-07-22,1,7,July,Monday,3.66,222.9,29.0,Factory Floor,31.11
2024-07-22 02:00:00,2024-07-22,2,7,July,Monday,1.98,235.1,23.2,Factory Floor,16.83
2024-07-22 03:00:00,2024-07-22,3,7,July,Monday,1.73,223.8,32.1,Kitchen,14.71
2024-07-22 04:00:00,2024-07-22,4,7,July,Monday,2.57,225.5,25.4,AC Unit,21.84
2024-07-22 05:00:00,2024-07-22,5,7,July,Monday,2.14,221.6,22.2,Office,18.19
2024-07-22 06:00:00,2024-07-22,6,7,July,Monday,9.11,222.2,37.0,Kitchen,77.44
2024-07-22 07:00:00,2024-07-22,7,7,July,Monday,8.96,227.3,22.7,Factory Floor,76.16
2024-07-22 08:00:00,2024-07-22,8,7,July,Monday,8.59,231.6,34.7,Living Room,73.02
2024-07-22 09:00:00,2024-07-22,9,7,July,Monday,10.34,235.7,33.2,Factory Floor,87.89
2024-07-22 10:00:00,2024-07-22,10,7,July,Monday,5.09,225.4,30.7,Factory Floor,43.27
2024-07-22 11:00:00,2024-07-22,11,7,July,Monday,3.41,226.5,21.8,Living Room,28.98
2024-07-22 12:00:00,2024-07-22,12,7,July,Monday,5.53,239.9,30.0,Factory Floor,47.01
2024-07-22 13:00:00,2024-07-22,13,7,July,Monday,4.04,238.9,20.6,Office,34.34
2024-07-22 14:00:00,2024-07-22,14,7,July,Monday,5.0,222.3,30.1,Office,42.5
2024-07-22 15:00:00,2024-07-22,15,7,July,Monday,4.51,239.2,32.9,Living Room,38.34
2024-07-22 16:00:00,2024-07-22,16,7,July,Monday,5.04,225.3,25.7,AC Unit,42.84
2024-07-22 17:00:00,2024-07-22,17,7,July,Monday,4.31,232.8,27.6,Factory Floor,36.63
2024-07-22 18:00:00,2024-07-22,18,7,July,Monday,11.94,230.0,25.2,Factory Floor,101.49
2024-07-22 19:00:00,2024-07-22,19,7,July,Monday,12.25,234.2,31.0,Kitchen,104.12
2024-07-22 20:00:00,2024-07-22,20,7,July,Monday,11.22,220.6,36.3,Factory Floor,95.37
2024-07-22 21:00:00,2024-07-22,21,7,July,Monday,11.79,218.6,28.0,Kitchen,100.21
2024-07-22 22:00:00,2024-07-22,22,7,July,Monday,10.07,230.6,36.4,Living Room,85.59
2024-07-22 23:00:00,2024-07-22,23,7,July,Monday,3.47,234.5,40.4,AC Unit,29.5
2024-07-23 00:00:00,2024-07-23,0,7,July,Tuesday,3.56,236.9,39.5,Kitchen,30.26
2024-07-23 01:00:00,2024-07-23,1,7,July,Tuesday,2.13,225.1,35.0,Living Room,18.11
2024-07-23 02:00:00,2024-07-23,2,7,July,Tuesday,2.12,225.2,33.8,Living Room,18.02
2024-07-23 03:00:00,2024-07-23,3,7,July,Tuesday,2.44,232.4,41.8,Factory Floor,20.74
2024-07-23 04:00:00,2024-07-23,4,7,July,Tuesday,3.9,218.7,25.5,AC Unit,33.15
2024-07-23 05:00:00,2024-07-23,5,7,July,Tuesday,3.96,230.3,30.6,Living Room,33.66
2024-07-23 06:00:00,2024-07-23,6,7,July,Tuesday,8.53,223.6,20.6,Office,72.5
2024-07-23 07:00:00,2024-07-23,7,7,July,Tuesday,8.95,223.5,36.0,Living Room,76.07
2024-07-23 08:00:00,2024-07-23,8,7,July,Tuesday,9.63,240.9,37.1,Office,81.86
2024-07-23 09:00:00,2024-07-23,9,7,July,Tuesday,8.11,219.4,27.3,Kitchen,68.94
2024-07-23 10:00:00,2024-07-23,10,7,July,Tuesday,3.6,224.3,28.3,Kitchen,30.6
2024-07-23 11:00:00,2024-07-23,11,7,July,Tuesday,4.24,228.8,22.8,Kitchen,36.04
2024-07-23 12:00:00,2024-07-23,12,7,July,Tuesday,3.69,222.6,21.9,Living Room,31.36
2024-07-23 13:00:00,2024-07-23,13,7,July,Tuesday,4.48,241.7,28.8,Living Room,38.08
2024-07-23 14:00:00,2024-07-23,14,7,July,Tuesday,5.18,234.3,31.6,Office,44.03
2024-07-23 15:00:00,2024-07-23,15,7,July,Tuesday,5.14,229.4,26.3,Office,43.69
2024-07-23 16:00:00,2024-07-23,16,7,July,Tuesday,4.5,225.6,40.5,Kitchen,38.25
2024-07-23 17:00:00,2024-07-23,17,7,July,Tuesday,3.34,224.7,38.8,AC Unit,28.39
2024-07-23 18:00:00,2024-07-23,18,7,July,Tuesday,12.4,231.3,31.8,Living Room,105.4
2024-07-23 19:00:00,2024-07-23,19,7,July,Tuesday,12.77,219.8,24.6,AC Unit,108.55
2024-07-23 20:00:00,2024-07-23,20,7,July,Tuesday,10.11,222.8,22.1,Office,85.94
2024-07-23 21:00:00,2024-07-23,21,7,July,Tuesday,11.59,228.8,23.9,Factory Floor,98.52
2024-07-23 22:00:00,2024-07-23,22,7,July,Tuesday,9.22,223.2,40.1,Office,78.37
2024-07-23 23:00:00,2024-07-23,23,7,July,Tuesday,3.72,239.4,31.6,Office,31.62
2024-07-24 00:00:00,2024-07-24,0,7,July,Wednesday,3.18,230.7,40.9,Living Room,27.03
2024-07-24 01:00:00,2024-07-24,1,7,July,Wednesday,3.12,230.0,29.4,Factory Floor,26.52
2024-07-24 02:00:00,2024-07-24,2,7,July,Wednesday,3.94,220.8,24.9,Kitchen,33.49
2024-07-24 03:00:00,2024-07-24,3,7,July,Wednesday,2.66,219.8,33.5,Office,22.61
2024-07-24 04:00:00,2024-07-24,4,7,July,Wednesday,3.58,219.1,35.2,Living Room,30.43
2024-07-24 05:00:00,2024-07-24,5,7,July,Wednesday,3.7,236.0,28.2,AC Unit,31.45
2024-07-24 06:00:00,2024-07-24,6,7,July,Wednesday,8.62,241.2,39.1,Office,73.27
2024-07-24 07:00:00,2024-07-24,7,7,July,Wednesday,10.68,221.7,38.7,Kitchen,90.78
2024-07-24 08:00:00,2024-07-24,8,7,July,Wednesday,9.03,236.7,39.6,Living Room,76.75
2024-07-24 09:00:00,2024-07-24,9,7,July,Wednesday,8.69,234.8,24.1,Office,73.86
2024-07-24 10:00:00,2024-07-24,10,7,July,Wednesday,4.83,235.7,41.6,AC Unit,41.05
2024-07-24 11:00:00,2024-07-24,11,7,July,Wednesday,5.53,239.6,39.9,Living Room,47.01
2024-07-24 12:00:00,2024-07-24,12,7,July,Wednesday,5.63,235.0,28.9,Living Room,47.85
2024-07-24 13:00:00,2024-07-24,13,7,July,Wednesday,3.79,223.6,33.2,AC Unit,32.22
2024-07-24 14:00:00,2024-07-24,14,7,July,Wednesday,4.34,235.4,32.2,AC Unit,36.89
2024-07-24 15:00:00,2024-07-24,15,7,July,Wednesday,3.78,223.2,21.2,Kitchen,32.13
2024-07-24 16:00:00,2024-07-24,16,7,July,Wednesday,3.79,229.3,28.8,AC Unit,32.22
2024-07-24 17:00:00,2024-07-24,17,7,July,Wednesday,5.17,233.6,29.4,AC Unit,43.95
2024-07-24 18:00:00,2024-07-24,18,7,July,Wednesday,10.56,221.3,26.1,Living Room,89.76
2024-07-24 19:00:00,2024-07-24,19,7,July,Wednesday,11.35,222.2,22.4,Factory Floor,96.47
2024-07-24 20:00:00,2024-07-24,20,7,July,Wednesday,11.66,240.7,40.4,Factory Floor,99.11
2024-07-24 21:00:00,2024-07-24,21,7,July,Wednesday,9.61,223.2,33.7,Kitchen,81.69
2024-07-24 22:00:00,2024-07-24,22,7,July,Wednesday,12.12,221.3,30.5,Kitchen,103.02
2024-07-24 23:00:00,2024-07-24,23,7,July,Wednesday,5.39,235.0,24.0,Kitchen,45.81
2024-07-25 00:00:00,2024-07-25,0,7,July,Thursday,3.38,240.7,22.1,Office,28.73
2024-07-25 01:00:00,2024-07-25,1,7,July,Thursday,3.78,237.5,21.3,Kitchen,32.13
2024-07-25 02:00:00,2024-07-25,2,7,July,Thursday,2.6,239.6,22.1,Office,22.1
2024-07-25 03:00:00,2024-07-25,3,7,July,Thursday,3.77,222.0,36.7,Office,32.05
2024-07-25 04:00:00,2024-07-25,4,7,July,Thursday,2.34,234.0,23.5,AC Unit,19.89
2024-07-25 05:00:00,2024-07-25,5,7,July,Thursday,3.8,234.7,26.8,Factory Floor,32.3
2024-07-25 06:00:00,2024-07-25,6,7,July,Thursday,8.93,234.0,31.3,Living Room,75.91
2024-07-25 07:00:00,2024-07-25,7,7,July,Thursday,10.05,232.7,32.7,Living Room,85.43
2024-07-25 08:00:00,2024-07-25,8,7,July,Thursday,8.25,232.9,21.4,Kitchen,70.12
2024-07-25 09:00:00,2024-07-25,9,7,July,Thursday,8.87,221.2,38.5,Living Room,75.39
2024-07-25 10:00:00,2024-07-25,10,7,July,Thursday,4.99,230.2,38.1,Factory Floor,42.41
2024-07-25 11:00:00,2024-07-25,11,7,July,Thursday,5.39,237.7,21.6,Kitchen,45.81
2024-07-25 12:00:00,2024-07-25,12,7,July,Thursday,3.96,224.4,36.5,Office,33.66
2024-07-25 13:00:00,2024-07-25,13,7,July,Thursday,5.02,241.0,25.3,Factory Floor,42.67
2024-07-25 14:00:00,2024-07-25,14,7,July,Thursday,4.86,233.9,42.0,Office,41.31
2024-07-25 15:00:00,2024-07-25,15,7,July,Thursday,3.51,226.3,25.1,Factory Floor,29.83
2024-07-25 16:00:00,2024-07-25,16,7,July,Thursday,3.44,238.0,33.8,Office,29.24
2024-07-25 17:00:00,2024-07-25,17,7,July,Thursday,4.76,234.2,38.4,Kitchen,40.46
2024-07-25 18:00:00,2024-07-25,18,7,July,Thursday,11.03,233.1,23.3,Living Room,93.75
2024-07-25 19:00:00,2024-07-25,19,7,July,Thursday,10.37,222.5,29.0,Kitchen,88.14
2024-07-25 20:00:00,2024-07-25,20,7,July,Thursday,12.11,223.5,25.2,Kitchen,102.94
2024-07-25 21:00:00,2024-07-25,21,7,July,Thursday,10.05,230.6,29.6,Office,85.43
2024-07-25 22:00:00,2024-07-25,22,7,July,Thursday,8.53,237.4,37.9,Kitchen,72.5
2024-07-25 23:00:00,2024-07-25,23,7,July,Thursday,4.3,222.2,40.8,Kitchen,36.55
2024-07-26 00:00:00,2024-07-26,0,7,July,Friday,2.58,222.9,38.1,Living Room,21.93
2024-07-26 01:00:00,2024-07-26,1,7,July,Friday,3.09,238.5,33.9,Office,26.27
2024-07-26 02:00:00,2024-07-26,2,7,July,Friday,3.78,239.1,40.3,Living Room,32.13
2024-07-26 03:00:00,2024-07-26,3,7,July,Friday,3.51,239.0,29.3,AC Unit,29.83
2024-07-26 04:00:00,2024-07-26,4,7,July,Friday,3.83,229.3,27.2,AC Unit,32.55
2024-07-26 05:00:00,2024-07-26,5,7,July,Friday,3.67,218.1,36.8,Office,31.2
2024-07-26 06:00:00,2024-07-26,6,7,July,Friday,7.8,228.9,40.6,AC Unit,66.3
2024-07-26 07:00:00,2024-07-26,7,7,July,Friday,9.84,227.1,41.2,Factory Floor,83.64
2024-07-26 08:00:00,2024-07-26,8,7,July,Friday,9.01,229.0,29.0,Living Room,76.58
2024-07-26 09:00:00,2024-07-26,9,7,July,Friday,9.72,238.9,39.1,Factory Floor,82.62
2024-07-26 10:00:00,2024-07-26,10,7,July,Friday,4.25,224.3,29.7,Living Room,36.12
2024-07-26 11:00:00,2024-07-26,11,7,July,Friday,4.12,223.2,31.5,Factory Floor,35.02
2024-07-26 12:00:00,2024-07-26,12,7,July,Friday,3.6,237.9,29.2,AC Unit,30.6
2024-07-26 13:00:00,2024-07-26,13,7,July,Friday,3.34,231.0,31.1,Living Room,28.39
2024-07-26 14:00:00,2024-07-26,14,7,July,Friday,4.76,233.9,25.7,Kitchen,40.46
2024-07-26 15:00:00,2024-07-26,15,7,July,Friday,4.1,241.3,28.1,Factory Floor,34.85
2024-07-26 16:00:00,2024-07-26,16,7,July,Friday,4.48,239.2,41.8,AC Unit,38.08
2024-07-26 17:00:00,2024-07-26,17,7,July,Friday,4.56,233.5,37.2,Factory Floor,38.76
2024-07-26 18:00:00,2024-07-26,18,7,July,Friday,12.53,229.6,26.8,Kitchen,106.5
2024-07-26 19:00:00,2024-07-26,19,7,July,Friday,12.06,222.3,32.3,Living Room,102.51
2024-07-26 20:00:00,2024-07-26,20,7,July,Friday,10.88,239.6,37.6,Living Room,92.48
2024-07-26 21:00:00,2024-07-26,21,7,July,Friday,8.4,219.3,39.0,Kitchen,71.4
2024-07-26 22:00:00,2024-07-26,22,7,July,Friday,11.9,228.3,23.8,Factory Floor,101.15
2024-07-26 23:00:00,2024-07-26,23,7,July,Friday,5.05,241.8,21.6,Factory Floor,42.92
2024-07-27 00:00:00,2024-07-27,0,7,July,Saturday,2.38,231.8,36.7,Factory Floor,20.23
2024-07-27 01:00:00,2024-07-27,1,7,July,Saturday,3.55,222.7,31.3,Kitchen,30.17
2024-07-27 02:00:00,2024-07-27,2,7,July,Saturday,3.68,219.9,36.8,Factory Floor,31.28
2024-07-27 03:00:00,2024-07-27,3,7,July,Saturday,2.54,241.2,33.4,Kitchen,21.59
2024-07-27 04:00:00,2024-07-27,4,7,July,Saturday,3.51,238.6,23.2,Factory Floor,29.83
2024-07-27 05:00:00,2024-07-27,5,7,July,Saturday,3.35,219.2,24.8,AC Unit,28.48
2024-07-27 06:00:00,2024-07-27,6,7,July,Saturday,7.54,228.1,25.6,AC Unit,64.09
2024-07-27 07:00:00,2024-07-27,7,7,July,Saturday,8.23,236.7,28.3,Kitchen,69.95
2024-07-27 08:00:00,2024-07-27,8,7,July,Saturday,8.45,221.6,24.9,Factory Floor,71.82
2024-07-27 09:00:00,2024-07-27,9,7,July,Saturday,8.93,235.8,21.1,Kitchen,75.91
2024-07-27 10:00:00,2024-07-27,10,7,July,Saturday,5.56,225.2,39.1,Factory Floor,47.26
2024-07-27 11:00:00,2024-07-27,11,7,July,Saturday,4.35,234.2,39.6,Factory Floor,36.97
2024-07-27 12:00:00,2024-07-27,12,7,July,Saturday,3.88,230.9,35.3,Office,32.98
2024-07-27 13:00:00,2024-07-27,13,7,July,Saturday,5.14,240.0,33.3,Factory Floor,43.69
2024-07-27 14:00:00,2024-07-27,14,7,July,Saturday,4.03,236.6,28.2,AC Unit,34.26
2024-07-27 15:00:00,2024-07-27,15,7,July,Saturday,5.02,240.6,38.5,AC Unit,42.67
2024-07-27 16:00:00,2024-07-27,16,7,July,Saturday,3.63,222.6,36.5,AC Unit,30.86
2024-07-27 17:00:00,2024-07-27,17,7,July,Saturday,5.63,241.1,37.2,Factory Floor,47.85
2024-07-27 18:00:00,2024-07-27,18,7,July,Saturday,9.87,218.6,39.2,Living Room,83.89
2024-07-27 19:00:00,2024-07-27,19,7,July,Saturday,12.26,219.9,33.1,AC Unit,104.21
2024-07-27 20:00:00,2024-07-27,20,7,July,Saturday,8.29,229.3,24.6,Kitchen,70.46
2024-07-27 21:00:00,2024-07-27,21,7,July,Saturday,9.2,233.4,21.0,AC Unit,78.2
2024-07-27 22:00:00,2024-07-27,22,7,July,Saturday,11.92,226.6,31.1,Kitchen,101.32
2024-07-27 23:00:00,2024-07-27,23,7,July,Saturday,5.21,226.2,31.6,AC Unit,44.28
2024-07-28 00:00:00,2024-07-28,0,7,July,Sunday,2.44,240.9,40.1,Kitchen,20.74
2024-07-28 01:00:00,2024-07-28,1,7,July,Sunday,1.95,234.4,40.1,Living Room,16.57
2024-07-28 02:00:00,2024-07-28,2,7,July,Sunday,1.68,238.5,32.6,Living Room,14.28
2024-07-28 03:00:00,2024-07-28,3,7,July,Sunday,4.22,232.0,36.6,AC Unit,35.87
2024-07-28 04:00:00,2024-07-28,4,7,July,Sunday,1.93,236.4,31.0,Office,16.41
2024-07-28 05:00:00,2024-07-28,5,7,July,Sunday,3.93,220.1,22.2,AC Unit,33.41
2024-07-28 06:00:00,2024-07-28,6,7,July,Sunday,9.45,240.3,28.8,Living Room,80.32
2024-07-28 07:00:00,2024-07-28,7,7,July,Sunday,8.0,240.2,31.2,Factory Floor,68.0
2024-07-28 08:00:00,2024-07-28,8,7,July,Sunday,9.15,229.1,32.8,Factory Floor,77.78
2024-07-28 09:00:00,2024-07-28,9,7,July,Sunday,10.56,231.1,23.2,Office,89.76
2024-07-28 10:00:00,2024-07-28,10,7,July,Sunday,3.4,221.2,28.9,Office,28.9
2024-07-28 11:00:00,2024-07-28,11,7,July,Sunday,4.19,233.4,21.5,Kitchen,35.62
2024-07-28 12:00:00,2024-07-28,12,7,July,Sunday,5.09,218.1,24.0,Kitchen,43.27
2024-07-28 13:00:00,2024-07-28,13,7,July,Sunday,4.9,238.5,26.9,Factory Floor,41.65
2024-07-28 14:00:00,2024-07-28,14,7,July,Sunday,4.98,228.1,40.1,Living Room,42.33
2024-07-28 15:00:00,2024-07-28,15,7,July,Sunday,3.86,223.2,21.9,Factory Floor,32.81
2024-07-28 16:00:00,2024-07-28,16,7,July,Sunday,4.06,225.4,39.1,Kitchen,34.51
2024-07-28 17:00:00,2024-07-28,17,7,July,Sunday,4.94,224.1,36.1,Office,41.99
2024-07-28 18:00:00,2024-07-28,18,7,July,Sunday,9.18,225.3,22.8,Kitchen,78.03
2024-07-28 19:00:00,2024-07-28,19,7,July,Sunday,8.94,240.3,36.4,Kitchen,75.99
2024-07-28 20:00:00,2024-07-28,20,7,July,Sunday,11.62,233.5,38.4,Living Room,98.77
2024-07-28 21:00:00,2024-07-28,21,7,July,Sunday,11.34,238.6,29.1,Factory Floor,96.39
2024-07-28 22:00:00,2024-07-28,22,7,July,Sunday,9.2,222.9,28.1,Office,78.2
2024-07-28 23:00:00,2024-07-28,23,7,July,Sunday,4.36,226.5,28.2,AC Unit,37.06
2024-07-29 00:00:00,2024-07-29,0,7,July,Monday,3.81,230.8,21.7,Kitchen,32.38
2024-07-29 01:00:00,2024-07-29,1,7,July,Monday,3.7,226.8,23.7,Living Room,31.45
2024-07-29 02:00:00,2024-07-29,2,7,July,Monday,3.06,232.9,33.6,Office,26.01
2024-07-29 03:00:00,2024-07-29,3,7,July,Monday,3.57,241.4,40.2,Office,30.34
2024-07-29 04:00:00,2024-07-29,4,7,July,Monday,2.49,238.1,41.4,Living Room,21.17
2024-07-29 05:00:00,2024-07-29,5,7,July,Monday,2.93,223.2,24.5,Living Room,24.91
2024-07-29 06:00:00,2024-07-29,6,7,July,Monday,9.15,231.7,32.1,Living Room,77.78
2024-07-29 07:00:00,2024-07-29,7,7,July,Monday,11.14,219.6,25.7,Factory Floor,94.69
2024-07-29 08:00:00,2024-07-29,8,7,July,Monday,7.43,237.6,26.9,Kitchen,63.16
2024-07-29 09:00:00,2024-07-29,9,7,July,Monday,7.89,229.1,38.5,Living Room,67.06
2024-07-29 10:00:00,2024-07-29,10,7,July,Monday,5.42,220.4,21.4,AC Unit,46.07
2024-07-29 11:00:00,2024-07-29,11,7,July,Monday,4.21,225.1,41.8,AC Unit,35.78
2024-07-29 12:00:00,2024-07-29,12,7,July,Monday,4.54,224.0,27.3,AC Unit,38.59
2024-07-29 13:00:00,2024-07-29,13,7,July,Monday,4.57,240.9,27.1,Living Room,38.84
2024-07-29 14:00:00,2024-07-29,14,7,July,Monday,4.19,225.1,29.9,Office,35.62
2024-07-29 15:00:00,2024-07-29,15,7,July,Monday,3.89,239.4,33.6,Factory Floor,33.06
2024-07-29 16:00:00,2024-07-29,16,7,July,Monday,4.27,233.9,26.9,Factory Floor,36.29
2024-07-29 17:00:00,2024-07-29,17,7,July,Monday,4.65,228.4,36.5,AC Unit,39.53
2024-07-29 18:00:00,2024-07-29,18,7,July,Monday,10.19,231.4,41.4,Office,86.61
2024-07-29 19:00:00,2024-07-29,19,7,July,Monday,10.59,238.6,33.2,AC Unit,90.02
2024-07-29 20:00:00,2024-07-29,20,7,July,Monday,9.13,240.4,40.2,Living Room,77.61
2024-07-29 21:00:00,2024-07-29,21,7,July,Monday,9.95,236.0,41.6,Factory Floor,84.57
2024-07-29 22:00:00,2024-07-29,22,7,July,Monday,10.01,236.1,38.5,Office,85.08
2024-07-29 23:00:00,2024-07-29,23,7,July,Monday,4.43,224.0,37.6,Living Room,37.66
2024-07-30 00:00:00,2024-07-30,0,7,July,Tuesday,2.7,240.2,23.3,Living Room,22.95
2024-07-30 01:00:00,2024-07-30,1,7,July,Tuesday,3.29,227.7,34.3,Factory Floor,27.96
2024-07-30 02:00:00,2024-07-30,2,7,July,Tuesday,2.68,221.5,31.6,AC Unit,22.78
2024-07-30 03:00:00,2024-07-30,3,7,July,Tuesday,3.81,235.9,20.2,Office,32.38
2024-07-30 04:00:00,2024-07-30,4,7,July,Tuesday,3.73,240.1,40.8,AC Unit,31.7
2024-07-30 05:00:00,2024-07-30,5,7,July,Tuesday,3.58,228.9,35.5,Kitchen,30.43
2024-07-30 06:00:00,2024-07-30,6,7,July,Tuesday,7.18,229.1,38.6,Office,61.03
2024-07-30 07:00:00,2024-07-30,7,7,July,Tuesday,8.13,237.3,32.2,Living Room,69.11
2024-07-30 08:00:00,2024-07-30,8,7,July,Tuesday,7.43,222.5,35.8,Living Room,63.16
2024-07-30 09:00:00,2024-07-30,9,7,July,Tuesday,9.87,237.3,20.5,Kitchen,83.89
2024-07-30 10:00:00,2024-07-30,10,7,July,Tuesday,5.77,227.6,37.7,Living Room,49.04
2024-07-30 11:00:00,2024-07-30,11,7,July,Tuesday,3.6,237.0,38.3,AC Unit,30.6
2024-07-30 12:00:00,2024-07-30,12,7,July,Tuesday,3.81,238.3,39.5,AC Unit,32.38
2024-07-30 13:00:00,2024-07-30,13,7,July,Tuesday,4.71,234.6,33.4,AC Unit,40.03
2024-07-30 14:00:00,2024-07-30,14,7,July,Tuesday,3.66,224.2,21.8,Office,31.11
2024-07-30 15:00:00,2024-07-30,15,7,July,Tuesday,5.53,225.9,28.6,AC Unit,47.01
2024-07-30 16:00:00,2024-07-30,16,7,July,Tuesday,3.5,227.3,33.8,AC Unit,29.75
2024-07-30 17:00:00,2024-07-30,17,7,July,Tuesday,4.0,230.4,30.8,Office,34.0
2024-07-30 18:00:00,2024-07-30,18,7,July,Tuesday,12.47,226.3,35.3,Office,106.0
2024-07-30 19:00:00,2024-07-30,19,7,July,Tuesday,10.18,233.8,21.2,Kitchen,86.53
2024-07-30 20:00:00,2024-07-30,20,7,July,Tuesday,11.41,239.2,41.8,Kitchen,96.98
2024-07-30 21:00:00,2024-07-30,21,7,July,Tuesday,9.52,237.9,26.1,Factory Floor,80.92
2024-07-30 22:00:00,2024-07-30,22,7,July,Tuesday,11.35,218.4,31.2,Kitchen,96.47
2024-07-30 23:00:00,2024-07-30,23,7,July,Tuesday,4.42,235.5,38.9,Office,37.57
2024-07-31 00:00:00,2024-07-31,0,7,July,Wednesday,3.72,223.9,23.7,Office,31.62
2024-07-31 01:00:00,2024-07-31,1,7,July,Wednesday,2.57,220.9,30.1,Office,21.84
2024-07-31 02:00:00,2024-07-31,2,7,July,Wednesday,3.42,228.6,32.3,Office,29.07
2024-07-31 03:00:00,2024-07-31,3,7,July,Wednesday,2.56,229.4,34.1,Office,21.76
2024-07-31 04:00:00,2024-07-31,4,7,July,Wednesday,2.77,227.5,20.2,Office,23.55
2024-07-31 05:00:00,2024-07-31,5,7,July,Wednesday,3.28,237.6,31.6,Factory Floor,27.88
2024-07-31 06:00:00,2024-07-31,6,7,July,Wednesday,9.86,221.6,39.6,AC Unit,83.81
2024-07-31 07:00:00,2024-07-31,7,7,July,Wednesday,10.74,222.5,39.5,Office,91.29
2024-07-31 08:00:00,2024-07-31,8,7,July,Wednesday,11.05,236.2,22.4,Kitchen,93.93
2024-07-31 09:00:00,2024-07-31,9,7,July,Wednesday,7.25,239.6,31.3,Factory Floor,61.62
2024-07-31 10:00:00,2024-07-31,10,7,July,Wednesday,4.37,240.6,29.3,Factory Floor,37.15
2024-07-31 11:00:00,2024-07-31,11,7,July,Wednesday,4.78,232.7,28.8,AC Unit,40.63
2024-07-31 12:00:00,2024-07-31,12,7,July,Wednesday,4.82,241.4,36.1,Office,40.97
2024-07-31 13:00:00,2024-07-31,13,7,July,Wednesday,4.23,226.0,21.7,AC Unit,35.96
2024-07-31 14:00:00,2024-07-31,14,7,July,Wednesday,4.35,229.5,39.7,AC Unit,36.97
2024-07-31 15:00:00,2024-07-31,15,7,July,Wednesday,4.36,230.1,33.7,AC Unit,37.06
2024-07-31 16:00:00,2024-07-31,16,7,July,Wednesday,4.53,224.6,41.3,Living Room,38.51
2024-07-31 17:00:00,2024-07-31,17,7,July,Wednesday,4.7,230.6,35.0,Kitchen,39.95
2024-07-31 18:00:00,2024-07-31,18,7,July,Wednesday,9.48,236.0,22.6,Office,80.58
2024-07-31 19:00:00,2024-07-31,19,7,July,Wednesday,10.66,224.4,28.9,AC Unit,90.61
2024-07-31 20:00:00,2024-07-31,20,7,July,Wednesday,8.65,225.5,22.5,Factory Floor,73.53
2024-07-31 21:00:00,2024-07-31,21,7,July,Wednesday,10.2,235.3,40.1,Living Room,86.7
2024-07-31 22:00:00,2024-07-31,22,7,July,Wednesday,10.41,237.6,21.3,Living Room,88.48
2024-07-31 23:00:00,2024-07-31,23,7,July,Wednesday,3.98,218.9,36.7,AC Unit,33.83
2024-08-01 00:00:00,2024-08-01,0,8,August,Thursday,2.88,240.1,23.2,Office,24.48
2024-08-01 01:00:00,2024-08-01,1,8,August,Thursday,3.55,225.3,34.6,Kitchen,30.17
2024-08-01 02:00:00,2024-08-01,2,8,August,Thursday,2.39,233.1,36.9,Factory Floor,20.32
2024-08-01 03:00:00,2024-08-01,3,8,August,Thursday,1.53,233.2,31.1,Living Room,13.01
2024-08-01 04:00:00,2024-08-01,4,8,August,Thursday,3.51,225.2,20.1,AC Unit,29.83
2024-08-01 05:00:00,2024-08-01,5,8,August,Thursday,2.25,237.1,31.6,Factory Floor,19.12
2024-08-01 06:00:00,2024-08-01,6,8,August,Thursday,10.86,225.8,26.0,Living Room,92.31
2024-08-01 07:00:00,2024-08-01,7,8,August,Thursday,9.1,219.0,39.6,Factory Floor,77.35
2024-08-01 08:00:00,2024-08-01,8,8,August,Thursday,11.25,227.7,35.4,Factory Floor,95.62
2024-08-01 09:00:00,2024-08-01,9,8,August,Thursday,8.42,227.5,35.3,AC Unit,71.57
2024-08-01 10:00:00,2024-08-01,10,8,August,Thursday,4.31,232.4,23.4,Office,36.63
2024-08-01 11:00:00,2024-08-01,11,8,August,Thursday,4.99,228.7,33.8,Kitchen,42.41
2024-08-01 12:00:00,2024-08-01,12,8,August,Thursday,4.97,219.0,41.6,AC Unit,42.24
2024-08-01 13:00:00,2024-08-01,13,8,August,Thursday,5.66,238.4,34.3,Kitchen,48.11
2024-08-01 14:00:00,2024-08-01,14,8,August,Thursday,4.98,234.2,30.0,AC Unit,42.33
2024-08-01 15:00:00,2024-08-01,15,8,August,Thursday,4.19,221.8,24.0,AC Unit,35.62
2024-08-01 16:00:00,2024-08-01,16,8,August,Thursday,4.04,227.5,34.1,AC Unit,34.34
2024-08-01 17:00:00,2024-08-01,17,8,August,Thursday,3.97,228.7,33.4,Living Room,33.75
2024-08-01 18:00:00,2024-08-01,18,8,August,Thursday,12.07,236.8,32.4,Office,102.59
2024-08-01 19:00:00,2024-08-01,19,8,August,Thursday,12.03,229.6,28.1,Kitchen,102.25
2024-08-01 20:00:00,2024-08-01,20,8,August,Thursday,10.97,237.0,33.3,Kitchen,93.25
2024-08-01 21:00:00,2024-08-01,21,8,August,Thursday,10.13,224.6,31.9,Office,86.11
2024-08-01 22:00:00,2024-08-01,22,8,August,Thursday,12.07,233.5,34.6,Factory Floor,102.59
2024-08-01 23:00:00,2024-08-01,23,8,August,Thursday,3.99,226.4,37.2,Office,33.91
2024-08-02 00:00:00,2024-08-02,0,8,August,Friday,2.43,225.3,33.5,Kitchen,20.66
2024-08-02 01:00:00,2024-08-02,1,8,August,Friday,2.96,228.4,30.4,Factory Floor,25.16
2024-08-02 02:00:00,2024-08-02,2,8,August,Friday,4.42,222.2,23.1,Living Room,37.57
2024-08-02 03:00:00,2024-08-02,3,8,August,Friday,2.31,239.5,30.7,Kitchen,19.64
2024-08-02 04:00:00,2024-08-02,4,8,August,Friday,2.14,232.2,30.3,Living Room,18.19
2024-08-02 05:00:00,2024-08-02,5,8,August,Friday,2.51,233.4,30.2,Kitchen,21.33
2024-08-02 06:00:00,2024-08-02,6,8,August,Friday,9.79,233.9,38.0,AC Unit,83.21
2024-08-02 07:00:00,2024-08-02,7,8,August,Friday,9.22,240.6,30.3,Office,78.37
2024-08-02 08:00:00,2024-08-02,8,8,August,Friday,7.74,224.5,41.3,Factory Floor,65.79
2024-08-02 09:00:00,2024-08-02,9,8,August,Friday,8.04,233.6,30.3,Office,68.34
2024-08-02 10:00:00,2024-08-02,10,8,August,Friday,4.48,238.7,31.8,AC Unit,38.08
2024-08-02 11:00:00,2024-08-02,11,8,August,Friday,3.72,236.6,36.5,AC Unit,31.62
2024-08-02 12:00:00,2024-08-02,12,8,August,Friday,4.57,238.0,28.0,Office,38.84
2024-08-02 13:00:00,2024-08-02,13,8,August,Friday,3.6,219.1,37.3,Office,30.6
2024-08-02 14:00:00,2024-08-02,14,8,August,Friday,4.81,233.4,37.1,Factory Floor,40.88
2024-08-02 15:00:00,2024-08-02,15,8,August,Friday,3.55,235.7,37.3,AC Unit,30.17
2024-08-02 16:00:00,2024-08-02,16,8,August,Friday,4.19,229.2,25.5,Office,35.62
2024-08-02 17:00:00,2024-08-02,17,8,August,Friday,5.44,235.2,25.6,Factory Floor,46.24
2024-08-02 18:00:00,2024-08-02,18,8,August,Friday,11.47,237.7,25.4,AC Unit,97.5
2024-08-02 19:00:00,2024-08-02,19,8,August,Friday,8.52,226.2,20.9,Kitchen,72.42
2024-08-02 20:00:00,2024-08-02,20,8,August,Friday,10.28,227.7,22.7,Living Room,87.38
2024-08-02 21:00:00,2024-08-02,21,8,August,Friday,9.51,219.9,27.7,Living Room,80.83
2024-08-02 22:00:00,2024-08-02,22,8,August,Friday,9.82,236.0,40.7,Factory Floor,83.47
2024-08-02 23:00:00,2024-08-02,23,8,August,Friday,4.79,231.8,30.8,Factory Floor,40.72
2024-08-03 00:00:00,2024-08-03,0,8,August,Saturday,2.18,225.5,22.2,Kitchen,18.53
2024-08-03 01:00:00,2024-08-03,1,8,August,Saturday,4.06,236.7,34.6,Office,34.51
2024-08-03 02:00:00,2024-08-03,2,8,August,Saturday,2.63,242.0,37.4,Factory Floor,22.36
2024-08-03 03:00:00,2024-08-03,3,8,August,Saturday,2.41,226.5,31.6,Factory Floor,20.48
2024-08-03 04:00:00,2024-08-03,4,8,August,Saturday,2.2,230.8,24.7,Living Room,18.7
2024-08-03 05:00:00,2024-08-03,5,8,August,Saturday,1.84,220.6,24.3,Living Room,15.64
2024-08-03 06:00:00,2024-08-03,6,8,August,Saturday,7.21,239.9,26.8,Factory Floor,61.28
2024-08-03 07:00:00,2024-08-03,7,8,August,Saturday,10.08,227.7,34.8,Kitchen,85.68
2024-08-03 08:00:00,2024-08-03,8,8,August,Saturday,9.09,227.9,36.9,Living Room,77.27
2024-08-03 09:00:00,2024-08-03,9,8,August,Saturday,10.35,222.7,36.9,Living Room,87.97
2024-08-03 10:00:00,2024-08-03,10,8,August,Saturday,5.24,234.2,25.0,AC Unit,44.54
2024-08-03 11:00:00,2024-08-03,11,8,August,Saturday,4.99,226.8,37.9,Factory Floor,42.41
2024-08-03 12:00:00,2024-08-03,12,8,August,Saturday,5.16,241.4,27.5,Factory Floor,43.86
2024-08-03 13:00:00,2024-08-03,13,8,August,Saturday,4.2,237.4,40.8,Living Room,35.7
2024-08-03 14:00:00,2024-08-03,14,8,August,Saturday,3.79,236.3,28.6,Office,32.22
2024-08-03 15:00:00,2024-08-03,15,8,August,Saturday,4.02,234.1,41.1,Kitchen,34.17
2024-08-03 16:00:00,2024-08-03,16,8,August,Saturday,3.78,222.0,39.1,Factory Floor,32.13
2024-08-03 17:00:00,2024-08-03,17,8,August,Saturday,3.27,229.7,34.1,Office,27.8
2024-08-03 18:00:00,2024-08-03,18,8,August,Saturday,10.85,232.8,26.7,AC Unit,92.22
2024-08-03 19:00:00,2024-08-03,19,8,August,Saturday,9.96,227.1,28.2,Kitchen,84.66
2024-08-03 20:00:00,2024-08-03,20,8,August,Saturday,9.41,224.9,21.7,Office,79.98
2024-08-03 21:00:00,2024-08-03,21,8,August,Saturday,9.47,238.4,39.9,AC Unit,80.5
2024-08-03 22:00:00,2024-08-03,22,8,August,Saturday,8.56,230.3,20.4,AC Unit,72.76
2024-08-03 23:00:00,2024-08-03,23,8,August,Saturday,3.49,237.8,34.2,Living Room,29.67
2024-08-04 00:00:00,2024-08-04,0,8,August,Sunday,2.58,235.3,31.3,Living Room,21.93
2024-08-04 01:00:00,2024-08-04,1,8,August,Sunday,4.12,240.5,25.7,Kitchen,35.02
2024-08-04 02:00:00,2024-08-04,2,8,August,Sunday,3.99,230.5,24.4,AC Unit,33.91
2024-08-04 03:00:00,2024-08-04,3,8,August,Sunday,1.95,222.4,23.7,Kitchen,16.57
2024-08-04 04:00:00,2024-08-04,4,8,August,Sunday,1.11,229.6,37.1,AC Unit,9.44
2024-08-04 05:00:00,2024-08-04,5,8,August,Sunday,3.23,218.3,29.3,Factory Floor,27.45
2024-08-04 06:00:00,2024-08-04,6,8,August,Sunday,9.49,229.2,23.2,Office,80.67
2024-08-04 07:00:00,2024-08-04,7,8,August,Sunday,8.74,234.5,21.4,Factory Floor,74.29
2024-08-04 08:00:00,2024-08-04,8,8,August,Sunday,6.89,224.8,31.5,Office,58.56
2024-08-04 09:00:00,2024-08-04,9,8,August,Sunday,7.58,230.0,37.9,Kitchen,64.43
2024-08-04 10:00:00,2024-08-04,10,8,August,Sunday,3.98,234.1,28.5,AC Unit,33.83
2024-08-04 11:00:00,2024-08-04,11,8,August,Sunday,5.1,224.2,29.4,AC Unit,43.35
2024-08-04 12:00:00,2024-08-04,12,8,August,Sunday,3.83,227.6,27.1,Kitchen,32.55
2024-08-04 13:00:00,2024-08-04,13,8,August,Sunday,4.24,236.8,25.5,Office,36.04
2024-08-04 14:00:00,2024-08-04,14,8,August,Sunday,3.63,235.0,30.7,Living Room,30.86
2024-08-04 15:00:00,2024-08-04,15,8,August,Sunday,3.59,237.5,42.0,Office,30.52
2024-08-04 16:00:00,2024-08-04,16,8,August,Sunday,3.95,231.3,36.2,AC Unit,33.58
2024-08-04 17:00:00,2024-08-04,17,8,August,Sunday,4.22,227.5,32.0,Office,35.87
2024-08-04 18:00:00,2024-08-04,18,8,August,Sunday,10.94,222.2,41.1,Kitchen,92.99
2024-08-04 19:00:00,2024-08-04,19,8,August,Sunday,8.67,235.5,37.2,AC Unit,73.69
2024-08-04 20:00:00,2024-08-04,20,8,August,Sunday,11.62,222.2,29.3,Living Room,98.77
2024-08-04 21:00:00,2024-08-04,21,8,August,Sunday,10.59,224.6,20.2,Office,90.02
2024-08-04 22:00:00,2024-08-04,22,8,August,Sunday,9.84,223.5,31.1,AC Unit,83.64
2024-08-04 23:00:00,2024-08-04,23,8,August,Sunday,4.22,233.3,20.1,AC Unit,35.87
2024-08-05 00:00:00,2024-08-05,0,8,August,Monday,3.65,220.0,26.9,AC Unit,31.02
2024-08-05 01:00:00,2024-08-05,1,8,August,Monday,2.75,226.3,20.6,Kitchen,23.38
2024-08-05 02:00:00,2024-08-05,2,8,August,Monday,2.78,236.4,23.3,Office,23.63
2024-08-05 03:00:00,2024-08-05,3,8,August,Monday,2.26,230.3,34.0,Factory Floor,19.21
2024-08-05 04:00:00,2024-08-05,4,8,August,Monday,1.68,237.4,39.0,Factory Floor,14.28
2024-08-05 05:00:00,2024-08-05,5,8,August,Monday,3.84,229.7,20.6,Living Room,32.64
2024-08-05 06:00:00,2024-08-05,6,8,August,Monday,8.94,239.4,26.7,Kitchen,75.99
2024-08-05 07:00:00,2024-08-05,7,8,August,Monday,9.01,225.9,41.2,AC Unit,76.58
2024-08-05 08:00:00,2024-08-05,8,8,August,Monday,8.72,231.3,27.1,Kitchen,74.12
2024-08-05 09:00:00,2024-08-05,9,8,August,Monday,8.58,231.4,36.8,Factory Floor,72.93
2024-08-05 10:00:00,2024-08-05,10,8,August,Monday,4.78,228.5,21.3,Factory Floor,40.63
2024-08-05 11:00:00,2024-08-05,11,8,August,Monday,3.87,240.6,34.4,Office,32.9
2024-08-05 12:00:00,2024-08-05,12,8,August,Monday,5.05,233.2,38.5,Living Room,42.92
2024-08-05 13:00:00,2024-08-05,13,8,August,Monday,4.75,223.7,25.0,Kitchen,40.38
2024-08-05 14:00:00,2024-08-05,14,8,August,Monday,4.32,236.0,35.9,Factory Floor,36.72
2024-08-05 15:00:00,2024-08-05,15,8,August,Monday,4.42,230.0,41.6,AC Unit,37.57
2024-08-05 16:00:00,2024-08-05,16,8,August,Monday,3.23,231.0,39.7,Living Room,27.45
2024-08-05 17:00:00,2024-08-05,17,8,August,Monday,4.87,241.6,36.0,Kitchen,41.4
2024-08-05 18:00:00,2024-08-05,18,8,August,Monday,12.45,227.3,38.8,AC Unit,105.82
2024-08-05 19:00:00,2024-08-05,19,8,August,Monday,8.35,238.4,39.6,AC Unit,70.97
2024-08-05 20:00:00,2024-08-05,20,8,August,Monday,12.01,229.5,38.3,Living Room,102.08
2024-08-05 21:00:00,2024-08-05,21,8,August,Monday,9.39,229.3,26.7,Factory Floor,79.81
2024-08-05 22:00:00,2024-08-05,22,8,August,Monday,10.15,226.2,23.3,Office,86.28
2024-08-05 23:00:00,2024-08-05,23,8,August,Monday,4.73,227.3,32.7,AC Unit,40.21
2024-08-06 00:00:00,2024-08-06,0,8,August,Tuesday,3.02,218.6,24.5,Living Room,25.67
2024-08-06 01:00:00,2024-08-06,1,8,August,Tuesday,2.59,230.7,27.7,Factory Floor,22.02
2024-08-06 02:00:00,2024-08-06,2,8,August,Tuesday,3.58,235.5,24.0,Factory Floor,30.43
2024-08-06 03:00:00,2024-08-06,3,8,August,Tuesday,3.9,236.8,30.5,Office,33.15
2024-08-06 04:00:00,2024-08-06,4,8,August,Tuesday,2.56,228.9,33.1,Factory Floor,21.76
2024-08-06 05:00:00,2024-08-06,5,8,August,Tuesday,3.84,239.4,28.9,Factory Floor,32.64
2024-08-06 06:00:00,2024-08-06,6,8,August,Tuesday,7.79,235.9,36.7,Factory Floor,66.22
2024-08-06 07:00:00,2024-08-06,7,8,August,Tuesday,7.84,228.5,25.2,AC Unit,66.64
2024-08-06 08:00:00,2024-08-06,8,8,August,Tuesday,7.9,222.5,37.4,Factory Floor,67.15
2024-08-06 09:00:00,2024-08-06,9,8,August,Tuesday,10.34,224.9,23.6,Kitchen,87.89
2024-08-06 10:00:00,2024-08-06,10,8,August,Tuesday,5.15,219.2,23.1,Office,43.78
2024-08-06 11:00:00,2024-08-06,11,8,August,Tuesday,4.41,224.7,20.5,Factory Floor,37.48
2024-08-06 12:00:00,2024-08-06,12,8,August,Tuesday,5.52,238.0,40.9,Factory Floor,46.92
2024-08-06 13:00:00,2024-08-06,13,8,August,Tuesday,5.11,235.0,35.0,Living Room,43.44
2024-08-06 14:00:00,2024-08-06,14,8,August,Tuesday,4.14,221.1,27.5,Office,35.19
2024-08-06 15:00:00,2024-08-06,15,8,August,Tuesday,5.08,221.4,26.7,Kitchen,43.18
2024-08-06 16:00:00,2024-08-06,16,8,August,Tuesday,4.25,235.2,21.1,Factory Floor,36.12
2024-08-06 17:00:00,2024-08-06,17,8,August,Tuesday,4.99,230.7,38.2,AC Unit,42.41
2024-08-06 18:00:00,2024-08-06,18,8,August,Tuesday,10.05,223.9,22.6,Office,85.43
2024-08-06 19:00:00,2024-08-06,19,8,August,Tuesday,11.58,218.2,23.7,AC Unit,98.43
2024-08-06 20:00:00,2024-08-06,20,8,August,Tuesday,13.19,218.2,25.4,Factory Floor,112.11
2024-08-06 21:00:00,2024-08-06,21,8,August,Tuesday,11.6,226.8,37.6,Factory Floor,98.6
2024-08-06 22:00:00,2024-08-06,22,8,August,Tuesday,11.59,230.7,41.1,Office,98.52
2024-08-06 23:00:00,2024-08-06,23,8,August,Tuesday,4.47,219.0,35.9,Kitchen,37.99
2024-08-07 00:00:00,2024-08-07,0,8,August,Wednesday,2.4,229.5,39.8,Living Room,20.4
2024-08-07 01:00:00,2024-08-07,1,8,August,Wednesday,3.14,227.6,29.1,Kitchen,26.69
2024-08-07 02:00:00,2024-08-07,2,8,August,Wednesday,3.26,231.0,30.4,Office,27.71
2024-08-07 03:00:00,2024-08-07,3,8,August,Wednesday,2.43,229.9,38.2,Living Room,20.66
2024-08-07 04:00:00,2024-08-07,4,8,August,Wednesday,2.37,226.7,29.0,Office,20.14
2024-08-07 05:00:00,2024-08-07,5,8,August,Wednesday,2.8,227.4,26.6,Factory Floor,23.8
2024-08-07 06:00:00,2024-08-07,6,8,August,Wednesday,6.6,231.4,20.1,Living Room,56.1
2024-08-07 07:00:00,2024-08-07,7,8,August,Wednesday,6.26,230.6,26.9,Living Room,53.21
2024-08-07 08:00:00,2024-08-07,8,8,August,Wednesday,7.17,235.5,34.4,Living Room,60.95
2024-08-07 09:00:00,2024-08-07,9,8,August,Wednesday,8.38,226.8,26.0,Factory Floor,71.23
2024-08-07 10:00:00,2024-08-07,10,8,August,Wednesday,4.05,221.3,39.0,Living Room,34.42
2024-08-07 11:00:00,2024-08-07,11,8,August,Wednesday,4.0,227.7,22.9,Factory Floor,34.0
2024-08-07 12:00:00,2024-08-07,12,8,August,Wednesday,4.38,236.7,27.8,Factory Floor,37.23
2024-08-07 13:00:00,2024-08-07,13,8,August,Wednesday,4.93,224.1,23.8,Living Room,41.91
2024-08-07 14:00:00,2024-08-07,14,8,August,Wednesday,4.18,219.3,31.8,AC Unit,35.53
2024-08-07 15:00:00,2024-08-07,15,8,August,Wednesday,4.13,240.5,24.2,Living Room,35.1
2024-08-07 16:00:00,2024-08-07,16,8,August,Wednesday,4.52,240.9,23.1,Kitchen,38.42
2024-08-07 17:00:00,2024-08-07,17,8,August,Wednesday,4.59,230.8,34.2,Factory Floor,39.02
2024-08-07 18:00:00,2024-08-07,18,8,August,Wednesday,7.63,228.7,33.1,Kitchen,64.86
2024-08-07 19:00:00,2024-08-07,19,8,August,Wednesday,8.78,233.9,27.5,Living Room,74.63
2024-08-07 20:00:00,2024-08-07,20,8,August,Wednesday,10.5,219.1,22.4,Factory Floor,89.25
2024-08-07 21:00:00,2024-08-07,21,8,August,Wednesday,11.92,234.1,20.6,Kitchen,101.32
2024-08-07 22:00:00,2024-08-07,22,8,August,Wednesday,9.59,238.4,23.4,AC Unit,81.52
2024-08-07 23:00:00,2024-08-07,23,8,August,Wednesday,3.48,221.6,32.4,Living Room,29.58
2024-08-08 00:00:00,2024-08-08,0,8,August,Thursday,3.17,236.1,32.9,Office,26.95
2024-08-08 01:00:00,2024-08-08,1,8,August,Thursday,4.0,241.2,33.9,AC Unit,34.0
2024-08-08 02:00:00,2024-08-08,2,8,August,Thursday,2.78,238.2,37.6,Factory Floor,23.63
2024-08-08 03:00:00,2024-08-08,3,8,August,Thursday,4.09,239.7,30.3,Factory Floor,34.77
2024-08-08 04:00:00,2024-08-08,4,8,August,Thursday,4.41,241.1,40.1,AC Unit,37.48
2024-08-08 05:00:00,2024-08-08,5,8,August,Thursday,2.61,227.9,28.5,AC Unit,22.18
2024-08-08 06:00:00,2024-08-08,6,8,August,Thursday,9.38,234.6,23.9,Office,79.73
2024-08-08 07:00:00,2024-08-08,7,8,August,Thursday,11.71,235.5,25.2,Factory Floor,99.54
2024-08-08 08:00:00,2024-08-08,8,8,August,Thursday,9.22,236.0,26.5,AC Unit,78.37
2024-08-08 09:00:00,2024-08-08,9,8,August,Thursday,9.22,232.9,30.2,Factory Floor,78.37
2024-08-08 10:00:00,2024-08-08,10,8,August,Thursday,4.3,227.0,30.5,AC Unit,36.55
2024-08-08 11:00:00,2024-08-08,11,8,August,Thursday,5.56,238.4,24.9,Office,47.26
2024-08-08 12:00:00,2024-08-08,12,8,August,Thursday,5.38,238.0,33.5,Office,45.73
2024-08-08 13:00:00,2024-08-08,13,8,August,Thursday,3.9,224.5,31.7,Living Room,33.15
2024-08-08 14:00:00,2024-08-08,14,8,August,Thursday,4.41,229.3,39.0,Living Room,37.48
2024-08-08 15:00:00,2024-08-08,15,8,August,Thursday,4.97,231.6,20.2,Living Room,42.24
2024-08-08 16:00:00,2024-08-08,16,8,August,Thursday,4.19,223.5,29.1,AC Unit,35.62
2024-08-08 17:00:00,2024-08-08,17,8,August,Thursday,5.16,234.7,41.3,Kitchen,43.86
2024-08-08 18:00:00,2024-08-08,18,8,August,Thursday,8.18,218.8,29.1,Office,69.53
2024-08-08 19:00:00,2024-08-08,19,8,August,Thursday,9.2,241.0,40.3,Living Room,78.2
2024-08-08 20:00:00,2024-08-08,20,8,August,Thursday,12.16,223.8,40.8,Living Room,103.36
2024-08-08 21:00:00,2024-08-08,21,8,August,Thursday,10.56,225.5,21.4,Factory Floor,89.76
2024-08-08 22:00:00,2024-08-08,22,8,August,Thursday,12.07,236.9,39.3,Living Room,102.59
2024-08-08 23:00:00,2024-08-08,23,8,August,Thursday,4.17,232.6,24.9,AC Unit,35.45
2024-08-09 00:00:00,2024-08-09,0,8,August,Friday,3.63,237.2,23.6,Office,30.86
2024-08-09 01:00:00,2024-08-09,1,8,August,Friday,2.74,236.3,36.8,Office,23.29
2024-08-09 02:00:00,2024-08-09,2,8,August,Friday,3.11,236.9,37.5,Living Room,26.43
2024-08-09 03:00:00,2024-08-09,3,8,August,Friday,2.11,237.0,23.7,Kitchen,17.93
2024-08-09 04:00:00,2024-08-09,4,8,August,Friday,2.97,227.7,20.2,Kitchen,25.25
2024-08-09 05:00:00,2024-08-09,5,8,August,Friday,3.56,234.9,34.0,Factory Floor,30.26
2024-08-09 06:00:00,2024-08-09,6,8,August,Friday,7.88,238.2,26.9,Kitchen,66.98
2024-08-09 07:00:00,2024-08-09,7,8,August,Friday,9.17,234.9,27.0,Living Room,77.94
2024-08-09 08:00:00,2024-08-09,8,8,August,Friday,9.35,221.0,33.6,Office,79.47
2024-08-09 09:00:00,2024-08-09,9,8,August,Friday,7.9,228.4,40.9,AC Unit,67.15
2024-08-09 10:00:00,2024-08-09,10,8,August,Friday,5.12,222.7,41.0,Office,43.52
2024-08-09 11:00:00,2024-08-09,11,8,August,Friday,3.82,225.7,24.7,Office,32.47
2024-08-09 12:00:00,2024-08-09,12,8,August,Friday,5.52,234.5,23.8,Factory Floor,46.92
2024-08-09 13:00:00,2024-08-09,13,8,August,Friday,4.34,229.0,25.5,Office,36.89
2024-08-09 14:00:00,2024-08-09,14,8,August,Friday,3.42,218.5,30.6,AC Unit,29.07
2024-08-09 15:00:00,2024-08-09,15,8,August,Friday,4.31,238.1,24.6,Kitchen,36.63
2024-08-09 16:00:00,2024-08-09,16,8,August,Friday,5.39,220.4,23.9,AC Unit,45.81
2024-08-09 17:00:00,2024-08-09,17,8,August,Friday,5.45,218.5,32.5,AC Unit,46.33
2024-08-09 18:00:00,2024-08-09,18,8,August,Friday,9.56,223.8,27.6,AC Unit,81.26
2024-08-09 19:00:00,2024-08-09,19,8,August,Friday,11.59,237.7,27.2,Living Room,98.52
2024-08-09 20:00:00,2024-08-09,20,8,August,Friday,10.08,225.8,38.9,Living Room,85.68
2024-08-09 21:00:00,2024-08-09,21,8,August,Friday,12.39,241.9,21.2,Kitchen,105.31
2024-08-09 22:00:00,2024-08-09,22,8,August,Friday,9.59,225.2,27.5,AC Unit,81.52
2024-08-09 23:00:00,2024-08-09,23,8,August,Friday,3.74,221.8,37.9,Living Room,31.79
2024-08-10 00:00:00,2024-08-10,0,8,August,Saturday,3.13,218.9,30.7,Office,26.61
2024-08-10 01:00:00,2024-08-10,1,8,August,Saturday,2.36,241.5,41.4,AC Unit,20.06
2024-08-10 02:00:00,2024-08-10,2,8,August,Saturday,2.54,235.5,26.8,AC Unit,21.59
2024-08-10 03:00:00,2024-08-10,3,8,August,Saturday,3.63,239.0,22.4,Factory Floor,30.86
2024-08-10 04:00:00,2024-08-10,4,8,August,Saturday,2.27,220.9,40.5,Factory Floor,19.3
2024-08-10 05:00:00,2024-08-10,5,8,August,Saturday,2.06,233.6,41.6,Factory Floor,17.51
2024-08-10 06:00:00,2024-08-10,6,8,August,Saturday,8.85,235.9,23.0,Living Room,75.22
2024-08-10 07:00:00,2024-08-10,7,8,August,Saturday,10.42,239.4,35.8,Kitchen,88.57
2024-08-10 08:00:00,2024-08-10,8,8,August,Saturday,7.75,229.0,40.7,AC Unit,65.88
2024-08-10 09:00:00,2024-08-10,9,8,August,Saturday,6.75,231.5,28.5,AC Unit,57.38
2024-08-10 10:00:00,2024-08-10,10,8,August,Saturday,4.76,228.7,39.3,AC Unit,40.46
2024-08-10 11:00:00,2024-08-10,11,8,August,Saturday,3.6,241.1,20.5,Office,30.6
2024-08-10 12:00:00,2024-08-10,12,8,August,Saturday,3.85,218.9,21.0,AC Unit,32.73
2024-08-10 13:00:00,2024-08-10,13,8,August,Saturday,4.95,220.3,21.1,Kitchen,42.08
2024-08-10 14:00:00,2024-08-10,14,8,August,Saturday,4.69,230.3,31.0,Living Room,39.87
2024-08-10 15:00:00,2024-08-10,15,8,August,Saturday,4.28,224.7,41.4,Factory Floor,36.38
2024-08-10 16:00:00,2024-08-10,16,8,August,Saturday,4.7,223.8,31.5,Factory Floor,39.95
2024-08-10 17:00:00,2024-08-10,17,8,August,Saturday,5.41,230.9,27.8,Office,45.98
2024-08-10 18:00:00,2024-08-10,18,8,August,Saturday,11.4,232.3,41.8,Living Room,96.9
2024-08-10 19:00:00,2024-08-10,19,8,August,Saturday,11.4,236.2,31.8,Kitchen,96.9
2024-08-10 20:00:00,2024-08-10,20,8,August,Saturday,8.91,229.5,23.4,Factory Floor,75.73
2024-08-10 21:00:00,2024-08-10,21,8,August,Saturday,8.27,231.3,34.8,AC Unit,70.3
2024-08-10 22:00:00,2024-08-10,22,8,August,Saturday,10.51,226.4,26.2,Factory Floor,89.33
2024-08-10 23:00:00,2024-08-10,23,8,August,Saturday,4.76,235.1,20.6,Office,40.46
2024-08-11 00:00:00,2024-08-11,0,8,August,Sunday,3.92,240.9,31.4,Office,33.32
2024-08-11 01:00:00,2024-08-11,1,8,August,Sunday,3.76,233.4,27.6,AC Unit,31.96
2024-08-11 02:00:00,2024-08-11,2,8,August,Sunday,2.26,219.9,28.5,AC Unit,19.21
2024-08-11 03:00:00,2024-08-11,3,8,August,Sunday,3.7,230.4,29.2,AC Unit,31.45
2024-08-11 04:00:00,2024-08-11,4,8,August,Sunday,3.82,239.4,21.8,AC Unit,32.47
2024-08-11 05:00:00,2024-08-11,5,8,August,Sunday,2.41,237.1,38.1,Kitchen,20.48
2024-08-11 06:00:00,2024-08-11,6,8,August,Sunday,10.24,230.1,40.2,Factory Floor,87.04
2024-08-11 07:00:00,2024-08-11,7,8,August,Sunday,8.51,218.8,27.7,AC Unit,72.33
2024-08-11 08:00:00,2024-08-11,8,8,August,Sunday,9.02,236.5,35.5,Factory Floor,76.67
2024-08-11 09:00:00,2024-08-11,9,8,August,Sunday,8.62,227.1,35.1,Factory Floor,73.27
2024-08-11 10:00:00,2024-08-11,10,8,August,Sunday,4.0,238.2,22.4,AC Unit,34.0
2024-08-11 11:00:00,2024-08-11,11,8,August,Sunday,4.77,218.3,22.3,AC Unit,40.54
2024-08-11 12:00:00,2024-08-11,12,8,August,Sunday,4.47,227.0,38.0,AC Unit,37.99
2024-08-11 13:00:00,2024-08-11,13,8,August,Sunday,4.3,241.9,26.5,Living Room,36.55
2024-08-11 14:00:00,2024-08-11,14,8,August,Sunday,4.76,218.9,32.4,Office,40.46
2024-08-11 15:00:00,2024-08-11,15,8,August,Sunday,5.25,229.9,33.9,Kitchen,44.62
2024-08-11 16:00:00,2024-08-11,16,8,August,Sunday,4.52,225.4,22.1,Kitchen,38.42
2024-08-11 17:00:00,2024-08-11,17,8,August,Sunday,3.82,236.5,25.5,Kitchen,32.47
2024-08-11 18:00:00,2024-08-11,18,8,August,Sunday,10.24,219.9,24.9,Kitchen,87.04
2024-08-11 19:00:00,2024-08-11,19,8,August,Sunday,10.92,218.4,35.2,AC Unit,92.82
2024-08-11 20:00:00,2024-08-11,20,8,August,Sunday,9.97,233.5,26.9,AC Unit,84.75
2024-08-11 21:00:00,2024-08-11,21,8,August,Sunday,9.94,229.9,24.3,Living Room,84.49
2024-08-11 22:00:00,2024-08-11,22,8,August,Sunday,10.84,226.1,30.0,AC Unit,92.14
2024-08-11 23:00:00,2024-08-11,23,8,August,Sunday,4.32,222.0,25.5,Kitchen,36.72
2024-08-12 00:00:00,2024-08-12,0,8,August,Monday,3.72,227.2,30.3,Living Room,31.62
2024-08-12 01:00:00,2024-08-12,1,8,August,Monday,2.34,231.5,21.0,AC Unit,19.89
2024-08-12 02:00:00,2024-08-12,2,8,August,Monday,3.56,236.5,31.2,Living Room,30.26
2024-08-12 03:00:00,2024-08-12,3,8,August,Monday,2.92,235.0,37.6,Kitchen,24.82
2024-08-12 04:00:00,2024-08-12,4,8,August,Monday,2.56,225.1,26.1,Office,21.76
2024-08-12 05:00:00,2024-08-12,5,8,August,Monday,3.88,228.0,27.2,Factory Floor,32.98
2024-08-12 06:00:00,2024-08-12,6,8,August,Monday,8.37,237.5,38.9,AC Unit,71.14
2024-08-12 07:00:00,2024-08-12,7,8,August,Monday,7.1,241.4,35.3,Kitchen,60.35
2024-08-12 08:00:00,2024-08-12,8,8,August,Monday,8.23,235.4,25.4,Factory Floor,69.95
2024-08-12 09:00:00,2024-08-12,9,8,August,Monday,7.22,223.4,21.6,Living Room,61.37
2024-08-12 10:00:00,2024-08-12,10,8,August,Monday,4.86,221.7,34.9,Office,41.31
2024-08-12 11:00:00,2024-08-12,11,8,August,Monday,5.54,236.9,33.3,Kitchen,47.09
2024-08-12 12:00:00,2024-08-12,12,8,August,Monday,4.75,227.2,20.5,Factory Floor,40.38
2024-08-12 13:00:00,2024-08-12,13,8,August,Monday,5.65,239.0,32.5,Living Room,48.03
2024-08-12 14:00:00,2024-08-12,14,8,August,Monday,5.48,237.3,33.5,AC Unit,46.58
2024-08-12 15:00:00,2024-08-12,15,8,August,Monday,5.07,233.8,33.2,AC Unit,43.09
2024-08-12 16:00:00,2024-08-12,16,8,August,Monday,4.86,231.3,37.1,AC Unit,41.31
2024-08-12 17:00:00,2024-08-12,17,8,August,Monday,3.17,224.3,26.2,Kitchen,26.95
2024-08-12 18:00:00,2024-08-12,18,8,August,Monday,11.16,238.6,38.8,Living Room,94.86
2024-08-12 19:00:00,2024-08-12,19,8,August,Monday,10.49,220.1,35.5,Kitchen,89.17
2024-08-12 20:00:00,2024-08-12,20,8,August,Monday,9.37,234.0,26.8,Factory Floor,79.64
2024-08-12 21:00:00,2024-08-12,21,8,August,Monday,7.88,235.9,37.4,Factory Floor,66.98
2024-08-12 22:00:00,2024-08-12,22,8,August,Monday,10.22,229.0,24.7,Living Room,86.87
2024-08-12 23:00:00,2024-08-12,23,8,August,Monday,3.66,237.4,36.8,Factory Floor,31.11
2024-08-13 00:00:00,2024-08-13,0,8,August,Tuesday,3.62,221.7,27.2,Factory Floor,30.77
2024-08-13 01:00:00,2024-08-13,1,8,August,Tuesday,3.44,224.4,24.9,Factory Floor,29.24
2024-08-13 02:00:00,2024-08-13,2,8,August,Tuesday,3.55,240.1,31.6,Living Room,30.17
2024-08-13 03:00:00,2024-08-13,3,8,August,Tuesday,2.46,235.0,28.7,Office,20.91
2024-08-13 04:00:00,2024-08-13,4,8,August,Tuesday,2.71,241.1,21.6,Factory Floor,23.04
2024-08-13 05:00:00,2024-08-13,5,8,August,Tuesday,3.08,228.8,25.1,Living Room,26.18
2024-08-13 06:00:00,2024-08-13,6,8,August,Tuesday,9.57,240.2,28.7,Living Room,81.34
2024-08-13 07:00:00,2024-08-13,7,8,August,Tuesday,8.16,230.8,28.9,AC Unit,69.36
2024-08-13 08:00:00,2024-08-13,8,8,August,Tuesday,8.63,223.4,20.8,AC Unit,73.36
2024-08-13 09:00:00,2024-08-13,9,8,August,Tuesday,6.92,230.5,30.2,AC Unit,58.82
2024-08-13 10:00:00,2024-08-13,10,8,August,Tuesday,5.13,233.3,32.8,Office,43.6
2024-08-13 11:00:00,2024-08-13,11,8,August,Tuesday,4.69,230.4,30.3,Kitchen,39.87
2024-08-13 12:00:00,2024-08-13,12,8,August,Tuesday,3.92,241.7,40.3,Factory Floor,33.32
2024-08-13 13:00:00,2024-08-13,13,8,August,Tuesday,4.6,219.7,30.7,Kitchen,39.1
2024-08-13 14:00:00,2024-08-13,14,8,August,Tuesday,4.62,239.8,33.1,Kitchen,39.27
2024-08-13 15:00:00,2024-08-13,15,8,August,Tuesday,5.57,228.7,22.3,Living Room,47.34
2024-08-13 16:00:00,2024-08-13,16,8,August,Tuesday,4.46,236.2,38.3,Living Room,37.91
2024-08-13 17:00:00,2024-08-13,17,8,August,Tuesday,3.58,240.1,25.9,AC Unit,30.43
2024-08-13 18:00:00,2024-08-13,18,8,August,Tuesday,9.64,238.4,29.3,AC Unit,81.94
2024-08-13 19:00:00,2024-08-13,19,8,August,Tuesday,9.04,225.3,32.4,Factory Floor,76.84
2024-08-13 20:00:00,2024-08-13,20,8,August,Tuesday,13.16,221.9,32.5,Living Room,111.86
2024-08-13 21:00:00,2024-08-13,21,8,August,Tuesday,11.1,235.4,27.9,Living Room,94.35
2024-08-13 22:00:00,2024-08-13,22,8,August,Tuesday,12.33,234.7,32.9,Kitchen,104.81
2024-08-13 23:00:00,2024-08-13,23,8,August,Tuesday,4.17,226.4,35.8,Living Room,35.45
2024-08-14 00:00:00,2024-08-14,0,8,August,Wednesday,2.92,229.0,22.3,Factory Floor,24.82
2024-08-14 01:00:00,2024-08-14,1,8,August,Wednesday,3.22,228.3,40.1,AC Unit,27.37
2024-08-14 02:00:00,2024-08-14,2,8,August,Wednesday,3.08,240.0,37.4,Office,26.18
2024-08-14 03:00:00,2024-08-14,3,8,August,Wednesday,3.25,225.9,34.5,Office,27.62
2024-08-14 04:00:00,2024-08-14,4,8,August,Wednesday,3.62,231.3,34.6,AC Unit,30.77
2024-08-14 05:00:00,2024-08-14,5,8,August,Wednesday,4.24,224.6,24.4,Living Room,36.04
2024-08-14 06:00:00,2024-08-14,6,8,August,Wednesday,10.26,228.6,20.7,Living Room,87.21
2024-08-14 07:00:00,2024-08-14,7,8,August,Wednesday,8.32,238.9,38.1,Factory Floor,70.72
2024-08-14 08:00:00,2024-08-14,8,8,August,Wednesday,8.78,227.3,27.5,Factory Floor,74.63
2024-08-14 09:00:00,2024-08-14,9,8,August,Wednesday,9.88,240.4,28.2,AC Unit,83.98
2024-08-14 10:00:00,2024-08-14,10,8,August,Wednesday,4.19,237.7,31.8,Office,35.62
2024-08-14 11:00:00,2024-08-14,11,8,August,Wednesday,4.0,225.1,41.5,AC Unit,34.0
2024-08-14 12:00:00,2024-08-14,12,8,August,Wednesday,3.73,239.0,33.2,Kitchen,31.7
2024-08-14 13:00:00,2024-08-14,13,8,August,Wednesday,3.63,234.7,41.6,Office,30.86
2024-08-14 14:00:00,2024-08-14,14,8,August,Wednesday,5.37,235.9,41.2,AC Unit,45.65
2024-08-14 15:00:00,2024-08-14,15,8,August,Wednesday,4.25,238.5,21.2,Living Room,36.12
2024-08-14 16:00:00,2024-08-14,16,8,August,Wednesday,4.42,241.6,20.2,Living Room,37.57
2024-08-14 17:00:00,2024-08-14,17,8,August,Wednesday,5.36,220.7,37.0,Living Room,45.56
2024-08-14 18:00:00,2024-08-14,18,8,August,Wednesday,8.06,219.7,32.9,Kitchen,68.51
2024-08-14 19:00:00,2024-08-14,19,8,August,Wednesday,11.79,235.9,33.8,Living Room,100.21
2024-08-14 20:00:00,2024-08-14,20,8,August,Wednesday,7.96,219.1,36.3,Office,67.66
2024-08-14 21:00:00,2024-08-14,21,8,August,Wednesday,9.62,225.3,41.4,Office,81.77
2024-08-14 22:00:00,2024-08-14,22,8,August,Wednesday,11.71,239.4,35.6,Office,99.54
2024-08-14 23:00:00,2024-08-14,23,8,August,Wednesday,5.18,222.7,40.5,Living Room,44.03
2024-08-15 00:00:00,2024-08-15,0,8,August,Thursday,3.8,229.9,39.6,Factory Floor,32.3
2024-08-15 01:00:00,2024-08-15,1,8,August,Thursday,2.53,238.5,40.7,AC Unit,21.5
2024-08-15 02:00:00,2024-08-15,2,8,August,Thursday,1.55,241.7,37.0,Office,13.18
2024-08-15 03:00:00,2024-08-15,3,8,August,Thursday,3.23,223.1,21.8,Factory Floor,27.45
2024-08-15 04:00:00,2024-08-15,4,8,August,Thursday,1.81,233.3,33.8,Kitchen,15.38
2024-08-15 05:00:00,2024-08-15,5,8,August,Thursday,1.9,236.3,35.2,Factory Floor,16.15
2024-08-15 06:00:00,2024-08-15,6,8,August,Thursday,8.86,239.9,33.4,Living Room,75.31
2024-08-15 07:00:00,2024-08-15,7,8,August,Thursday,8.44,238.1,23.2,Office,71.74
2024-08-15 08:00:00,2024-08-15,8,8,August,Thursday,10.16,233.8,41.5,Kitchen,86.36
2024-08-15 09:00:00,2024-08-15,9,8,August,Thursday,10.32,233.2,28.9,Factory Floor,87.72
2024-08-15 10:00:00,2024-08-15,10,8,August,Thursday,5.0,239.3,25.3,Office,42.5
2024-08-15 11:00:00,2024-08-15,11,8,August,Thursday,4.37,231.6,38.6,Kitchen,37.15
2024-08-15 12:00:00,2024-08-15,12,8,August,Thursday,5.19,239.8,29.1,AC Unit,44.12
2024-08-15 13:00:00,2024-08-15,13,8,August,Thursday,4.2,224.7,41.2,Factory Floor,35.7
2024-08-15 14:00:00,2024-08-15,14,8,August,Thursday,5.26,228.4,22.5,Living Room,44.71
2024-08-15 15:00:00,2024-08-15,15,8,August,Thursday,3.93,223.3,21.0,AC Unit,33.41
2024-08-15 16:00:00,2024-08-15,16,8,August,Thursday,3.76,218.6,32.4,Factory Floor,31.96
2024-08-15 17:00:00,2024-08-15,17,8,August,Thursday,3.5,234.9,33.1,Living Room,29.75
2024-08-15 18:00:00,2024-08-15,18,8,August,Thursday,12.6,222.0,30.6,Factory Floor,107.1
2024-08-15 19:00:00,2024-08-15,19,8,August,Thursday,11.74,231.9,35.1,Living Room,99.79
2024-08-15 20:00:00,2024-08-15,20,8,August,Thursday,10.78,223.6,23.7,Factory Floor,91.63
2024-08-15 21:00:00,2024-08-15,21,8,August,Thursday,9.56,235.4,24.8,Kitchen,81.26
2024-08-15 22:00:00,2024-08-15,22,8,August,Thursday,9.43,218.2,33.7,AC Unit,80.16
2024-08-15 23:00:00,2024-08-15,23,8,August,Thursday,4.91,240.8,30.3,Kitchen,41.73
2024-08-16 00:00:00,2024-08-16,0,8,August,Friday,4.02,222.7,38.3,Factory Floor,34.17
2024-08-16 01:00:00,2024-08-16,1,8,August,Friday,2.13,231.5,34.2,Kitchen,18.11
2024-08-16 02:00:00,2024-08-16,2,8,August,Friday,3.33,219.8,30.5,Kitchen,28.3
2024-08-16 03:00:00,2024-08-16,3,8,August,Friday,3.39,223.2,31.6,Kitchen,28.82
2024-08-16 04:00:00,2024-08-16,4,8,August,Friday,2.48,238.7,22.3,Kitchen,21.08
2024-08-16 05:00:00,2024-08-16,5,8,August,Friday,3.48,221.8,24.6,Living Room,29.58
2024-08-16 06:00:00,2024-08-16,6,8,August,Friday,9.31,218.8,40.9,Kitchen,79.14
2024-08-16 07:00:00,2024-08-16,7,8,August,Friday,8.32,233.3,23.1,Factory Floor,70.72
2024-08-16 08:00:00,2024-08-16,8,8,August,Friday,9.35,237.2,20.9,Factory Floor,79.47
2024-08-16 09:00:00,2024-08-16,9,8,August,Friday,9.29,222.1,29.7,Factory Floor,78.96
2024-08-16 10:00:00,2024-08-16,10,8,August,Friday,5.73,225.0,27.7,Kitchen,48.71
2024-08-16 11:00:00,2024-08-16,11,8,August,Friday,3.14,219.5,29.9,Living Room,26.69
2024-08-16 12:00:00,2024-08-16,12,8,August,Friday,4.24,229.3,38.3,Living Room,36.04
2024-08-16 13:00:00,2024-08-16,13,8,August,Friday,4.59,229.8,35.4,Kitchen,39.02
2024-08-16 14:00:00,2024-08-16,14,8,August,Friday,4.58,221.8,36.1,AC Unit,38.93
2024-08-16 15:00:00,2024-08-16,15,8,August,Friday,3.8,235.0,20.4,AC Unit,32.3
2024-08-16 16:00:00,2024-08-16,16,8,August,Friday,4.8,220.8,26.7,Office,40.8
2024-08-16 17:00:00,2024-08-16,17,8,August,Friday,5.25,221.1,39.3,Kitchen,44.62
2024-08-16 18:00:00,2024-08-16,18,8,August,Friday,10.2,241.9,23.0,Kitchen,86.7
2024-08-16 19:00:00,2024-08-16,19,8,August,Friday,9.25,223.5,35.5,Kitchen,78.62
2024-08-16 20:00:00,2024-08-16,20,8,August,Friday,11.92,233.4,24.3,Factory Floor,101.32
2024-08-16 21:00:00,2024-08-16,21,8,August,Friday,8.85,228.4,32.6,Office,75.22
2024-08-16 22:00:00,2024-08-16,22,8,August,Friday,9.2,235.0,24.9,Factory Floor,78.2
2024-08-16 23:00:00,2024-08-16,23,8,August,Friday,5.47,232.7,38.4,Factory Floor,46.49
2024-08-17 00:00:00,2024-08-17,0,8,August,Saturday,2.13,238.6,25.6,AC Unit,18.11
2024-08-17 01:00:00,2024-08-17,1,8,August,Saturday,1.24,220.4,28.6,Office,10.54
2024-08-17 02:00:00,2024-08-17,2,8,August,Saturday,2.14,225.0,36.2,Office,18.19
2024-08-17 03:00:00,2024-08-17,3,8,August,Saturday,3.29,229.8,26.6,Office,27.96
2024-08-17 04:00:00,2024-08-17,4,8,August,Saturday,2.88,218.1,22.9,Living Room,24.48
2024-08-17 05:00:00,2024-08-17,5,8,August,Saturday,2.71,233.7,41.2,Factory Floor,23.04
2024-08-17 06:00:00,2024-08-17,6,8,August,Saturday,10.22,235.5,37.0,Living Room,86.87
2024-08-17 07:00:00,2024-08-17,7,8,August,Saturday,7.65,221.8,25.4,Kitchen,65.03
2024-08-17 08:00:00,2024-08-17,8,8,August,Saturday,8.54,219.2,31.1,Office,72.59
2024-08-17 09:00:00,2024-08-17,9,8,August,Saturday,7.94,225.3,27.7,AC Unit,67.49
2024-08-17 10:00:00,2024-08-17,10,8,August,Saturday,5.43,238.4,26.7,Factory Floor,46.16
2024-08-17 11:00:00,2024-08-17,11,8,August,Saturday,3.69,238.9,24.4,AC Unit,31.36
2024-08-17 12:00:00,2024-08-17,12,8,August,Saturday,3.2,220.8,27.3,Kitchen,27.2
2024-08-17 13:00:00,2024-08-17,13,8,August,Saturday,4.95,234.5,38.4,Factory Floor,42.08
2024-08-17 14:00:00,2024-08-17,14,8,August,Saturday,4.43,230.9,28.8,Kitchen,37.66
2024-08-17 15:00:00,2024-08-17,15,8,August,Saturday,3.61,230.8,20.4,Kitchen,30.68
2024-08-17 16:00:00,2024-08-17,16,8,August,Saturday,3.95,226.6,39.9,Office,33.58
2024-08-17 17:00:00,2024-08-17,17,8,August,Saturday,3.77,229.3,38.4,Factory Floor,32.05
2024-08-17 18:00:00,2024-08-17,18,8,August,Saturday,9.89,237.8,22.9,Office,84.06
2024-08-17 19:00:00,2024-08-17,19,8,August,Saturday,12.36,225.9,35.2,AC Unit,105.06
2024-08-17 20:00:00,2024-08-17,20,8,August,Saturday,11.25,219.1,36.2,AC Unit,95.62
2024-08-17 21:00:00,2024-08-17,21,8,August,Saturday,10.58,232.4,41.6,Living Room,89.93
2024-08-17 22:00:00,2024-08-17,22,8,August,Saturday,8.25,232.2,32.1,Living Room,70.12
2024-08-17 23:00:00,2024-08-17,23,8,August,Saturday,5.18,229.2,41.4,Factory Floor,44.03
2024-08-18 00:00:00,2024-08-18,0,8,August,Sunday,2.64,220.5,41.9,Living Room,22.44
2024-08-18 01:00:00,2024-08-18,1,8,August,Sunday,4.26,241.2,32.5,Living Room,36.21
2024-08-18 02:00:00,2024-08-18,2,8,August,Sunday,1.77,240.3,23.7,Living Room,15.04
2024-08-18 03:00:00,2024-08-18,3,8,August,Sunday,2.34,232.3,28.3,Living Room,19.89
2024-08-18 04:00:00,2024-08-18,4,8,August,Sunday,1.93,234.3,21.5,Office,16.41
2024-08-18 05:00:00,2024-08-18,5,8,August,Sunday,3.73,235.3,20.2,Factory Floor,31.7
2024-08-18 06:00:00,2024-08-18,6,8,August,Sunday,9.39,235.9,36.1,Office,79.81
2024-08-18 07:00:00,2024-08-18,7,8,August,Sunday,9.67,238.6,33.1,Factory Floor,82.19
2024-08-18 08:00:00,2024-08-18,8,8,August,Sunday,8.46,227.5,21.1,Kitchen,71.91
2024-08-18 09:00:00,2024-08-18,9,8,August,Sunday,8.74,239.2,34.9,Kitchen,74.29
2024-08-18 10:00:00,2024-08-18,10,8,August,Sunday,4.76,241.1,32.3,Office,40.46
2024-08-18 11:00:00,2024-08-18,11,8,August,Sunday,4.54,220.5,37.0,AC Unit,38.59
2024-08-18 12:00:00,2024-08-18,12,8,August,Sunday,5.52,229.2,35.3,Living Room,46.92
2024-08-18 13:00:00,2024-08-18,13,8,August,Sunday,5.32,218.2,20.1,Kitchen,45.22
2024-08-18 14:00:00,2024-08-18,14,8,August,Sunday,4.28,232.0,33.5,AC Unit,36.38
2024-08-18 15:00:00,2024-08-18,15,8,August,Sunday,4.88,234.4,34.1,AC Unit,41.48
2024-08-18 16:00:00,2024-08-18,16,8,August,Sunday,5.05,220.6,41.2,Factory Floor,42.92
2024-08-18 17:00:00,2024-08-18,17,8,August,Sunday,4.71,222.1,29.4,Factory Floor,40.03
2024-08-18 18:00:00,2024-08-18,18,8,August,Sunday,11.7,223.6,36.9,AC Unit,99.45
2024-08-18 19:00:00,2024-08-18,19,8,August,Sunday,11.58,240.5,36.1,Kitchen,98.43
2024-08-18 20:00:00,2024-08-18,20,8,August,Sunday,10.18,240.1,31.3,Office,86.53
2024-08-18 21:00:00,2024-08-18,21,8,August,Sunday,11.49,236.8,41.3,AC Unit,97.67
2024-08-18 22:00:00,2024-08-18,22,8,August,Sunday,10.16,223.4,34.8,AC Unit,86.36
2024-08-18 23:00:00,2024-08-18,23,8,August,Sunday,4.82,231.3,28.3,Office,40.97
2024-08-19 00:00:00,2024-08-19,0,8,August,Monday,4.33,234.3,30.8,Kitchen,36.8
2024-08-19 01:00:00,2024-08-19,1,8,August,Monday,3.5,237.4,38.5,Factory Floor,29.75
2024-08-19 02:00:00,2024-08-19,2,8,August,Monday,2.15,233.3,24.3,Living Room,18.27
2024-08-19 03:00:00,2024-08-19,3,8,August,Monday,1.87,223.2,32.8,Kitchen,15.9
2024-08-19 04:00:00,2024-08-19,4,8,August,Monday,3.74,224.8,25.2,Kitchen,31.79
2024-08-19 05:00:00,2024-08-19,5,8,August,Monday,3.11,240.9,27.3,Living Room,26.43
2024-08-19 06:00:00,2024-08-19,6,8,August,Monday,9.4,241.1,40.5,Factory Floor,79.9
2024-08-19 07:00:00,2024-08-19,7,8,August,Monday,7.5,234.7,35.6,Living Room,63.75
2024-08-19 08:00:00,2024-08-19,8,8,August,Monday,8.02,234.6,24.1,Kitchen,68.17
2024-08-19 09:00:00,2024-08-19,9,8,August,Monday,7.78,228.2,33.5,Living Room,66.13
2024-08-19 10:00:00,2024-08-19,10,8,August,Monday,4.88,225.5,27.6,Factory Floor,41.48
2024-08-19 11:00:00,2024-08-19,11,8,August,Monday,5.02,241.6,20.8,Factory Floor,42.67
2024-08-19 12:00:00,2024-08-19,12,8,August,Monday,3.48,222.7,41.4,AC Unit,29.58
2024-08-19 13:00:00,2024-08-19,13,8,August,Monday,5.67,231.5,37.6,Factory Floor,48.2
2024-08-19 14:00:00,2024-08-19,14,8,August,Monday,3.38,231.2,25.5,Office,28.73
2024-08-19 15:00:00,2024-08-19,15,8,August,Monday,3.82,229.5,36.1,Living Room,32.47
2024-08-19 16:00:00,2024-08-19,16,8,August,Monday,5.01,228.5,28.9,Kitchen,42.59
2024-08-19 17:00:00,2024-08-19,17,8,August,Monday,3.49,241.5,34.3,Living Room,29.67
2024-08-19 18:00:00,2024-08-19,18,8,August,Monday,9.47,234.7,25.5,Living Room,80.5
2024-08-19 19:00:00,2024-08-19,19,8,August,Monday,11.81,240.5,32.8,Living Room,100.39
2024-08-19 20:00:00,2024-08-19,20,8,August,Monday,9.03,228.3,31.0,Factory Floor,76.75
2024-08-19 21:00:00,2024-08-19,21,8,August,Monday,11.96,240.2,24.8,Kitchen,101.66
2024-08-19 22:00:00,2024-08-19,22,8,August,Monday,10.86,235.4,21.4,Factory Floor,92.31
2024-08-19 23:00:00,2024-08-19,23,8,August,Monday,3.59,234.7,38.1,Factory Floor,30.52
2024-08-20 00:00:00,2024-08-20,0,8,August,Tuesday,3.86,238.0,40.9,Factory Floor,32.81
2024-08-20 01:00:00,2024-08-20,1,8,August,Tuesday,2.42,234.5,23.3,Office,20.57
2024-08-20 02:00:00,2024-08-20,2,8,August,Tuesday,4.13,227.6,30.1,Office,35.1
2024-08-20 03:00:00,2024-08-20,3,8,August,Tuesday,4.17,218.6,35.9,AC Unit,35.45
2024-08-20 04:00:00,2024-08-20,4,8,August,Tuesday,1.72,232.0,24.6,AC Unit,14.62
2024-08-20 05:00:00,2024-08-20,5,8,August,Tuesday,2.9,239.5,40.1,Factory Floor,24.65
2024-08-20 06:00:00,2024-08-20,6,8,August,Tuesday,7.34,234.5,36.6,Kitchen,62.39
2024-08-20 07:00:00,2024-08-20,7,8,August,Tuesday,9.87,235.8,23.5,Factory Floor,83.89
2024-08-20 08:00:00,2024-08-20,8,8,August,Tuesday,9.68,238.4,24.9,Factory Floor,82.28
2024-08-20 09:00:00,2024-08-20,9,8,August,Tuesday,7.02,238.8,39.7,Kitchen,59.67
2024-08-20 10:00:00,2024-08-20,10,8,August,Tuesday,5.28,233.7,29.8,AC Unit,44.88
2024-08-20 11:00:00,2024-08-20,11,8,August,Tuesday,4.14,225.6,33.6,AC Unit,35.19
2024-08-20 12:00:00,2024-08-20,12,8,August,Tuesday,4.52,239.3,37.4,Office,38.42
2024-08-20 13:00:00,2024-08-20,13,8,August,Tuesday,4.93,222.6,23.5,Office,41.91
2024-08-20 14:00:00,2024-08-20,14,8,August,Tuesday,5.41,218.6,21.7,Kitchen,45.98
2024-08-20 15:00:00,2024-08-20,15,8,August,Tuesday,4.42,219.3,26.4,Factory Floor,37.57
2024-08-20 16:00:00,2024-08-20,16,8,August,Tuesday,4.77,231.9,23.0,AC Unit,40.54
2024-08-20 17:00:00,2024-08-20,17,8,August,Tuesday,4.0,231.6,38.0,Living Room,34.0
2024-08-20 18:00:00,2024-08-20,18,8,August,Tuesday,12.31,228.6,35.3,AC Unit,104.64
2024-08-20 19:00:00,2024-08-20,19,8,August,Tuesday,12.84,229.1,30.0,Factory Floor,109.14
2024-08-20 20:00:00,2024-08-20,20,8,August,Tuesday,11.27,230.9,20.3,Living Room,95.8
2024-08-20 21:00:00,2024-08-20,21,8,August,Tuesday,11.91,225.6,30.3,Living Room,101.23
2024-08-20 22:00:00,2024-08-20,22,8,August,Tuesday,12.05,230.3,33.3,Kitchen,102.43
2024-08-20 23:00:00,2024-08-20,23,8,August,Tuesday,4.25,230.5,37.5,Kitchen,36.12
2024-08-21 00:00:00,2024-08-21,0,8,August,Wednesday,4.36,234.5,21.6,Factory Floor,37.06
2024-08-21 01:00:00,2024-08-21,1,8,August,Wednesday,2.62,222.7,30.8,Office,22.27
2024-08-21 02:00:00,2024-08-21,2,8,August,Wednesday,1.51,235.2,31.9,Living Room,12.84
2024-08-21 03:00:00,2024-08-21,3,8,August,Wednesday,2.19,233.4,28.3,Factory Floor,18.61
2024-08-21 04:00:00,2024-08-21,4,8,August,Wednesday,2.55,219.5,30.3,Office,21.67
2024-08-21 05:00:00,2024-08-21,5,8,August,Wednesday,2.23,236.3,25.8,Office,18.95
2024-08-21 06:00:00,2024-08-21,6,8,August,Wednesday,8.9,234.5,21.8,Factory Floor,75.65
2024-08-21 07:00:00,2024-08-21,7,8,August,Wednesday,9.15,241.5,32.2,AC Unit,77.78
2024-08-21 08:00:00,2024-08-21,8,8,August,Wednesday,8.72,234.9,30.4,Office,74.12
2024-08-21 09:00:00,2024-08-21,9,8,August,Wednesday,10.19,239.6,28.1,Living Room,86.61
2024-08-21 10:00:00,2024-08-21,10,8,August,Wednesday,4.61,235.4,21.2,AC Unit,39.19
2024-08-21 11:00:00,2024-08-21,11,8,August,Wednesday,3.34,228.2,32.1,AC Unit,28.39
2024-08-21 12:00:00,2024-08-21,12,8,August,Wednesday,5.06,228.9,23.3,AC Unit,43.01
2024-08-21 13:00:00,2024-08-21,13,8,August,Wednesday,4.49,225.9,21.5,Living Room,38.16
2024-08-21 14:00:00,2024-08-21,14,8,August,Wednesday,5.42,218.0,34.9,Living Room,46.07
2024-08-21 15:00:00,2024-08-21,15,8,August,Wednesday,5.13,235.7,20.6,Kitchen,43.6
2024-08-21 16:00:00,2024-08-21,16,8,August,Wednesday,3.07,226.4,26.4,Factory Floor,26.09
2024-08-21 17:00:00,2024-08-21,17,8,August,Wednesday,4.09,233.0,35.5,Office,34.77
2024-08-21 18:00:00,2024-08-21,18,8,August,Wednesday,8.86,222.1,39.8,Factory Floor,75.31
2024-08-21 19:00:00,2024-08-21,19,8,August,Wednesday,10.31,224.5,30.1,AC Unit,87.64
2024-08-21 20:00:00,2024-08-21,20,8,August,Wednesday,11.72,232.3,36.5,Factory Floor,99.62
2024-08-21 21:00:00,2024-08-21,21,8,August,Wednesday,11.26,226.3,28.4,Office,95.71
2024-08-21 22:00:00,2024-08-21,22,8,August,Wednesday,11.22,219.3,21.8,AC Unit,95.37
2024-08-21 23:00:00,2024-08-21,23,8,August,Wednesday,4.0,223.1,26.4,AC Unit,34.0
2024-08-22 00:00:00,2024-08-22,0,8,August,Thursday,3.89,229.0,37.2,Office,33.06
2024-08-22 01:00:00,2024-08-22,1,8,August,Thursday,3.76,237.1,28.7,Office,31.96
2024-08-22 02:00:00,2024-08-22,2,8,August,Thursday,3.05,230.8,36.4,Factory Floor,25.92
2024-08-22 03:00:00,2024-08-22,3,8,August,Thursday,1.77,226.2,36.9,Factory Floor,15.04
2024-08-22 04:00:00,2024-08-22,4,8,August,Thursday,3.81,230.5,33.5,Factory Floor,32.38
2024-08-22 05:00:00,2024-08-22,5,8,August,Thursday,1.91,232.7,31.3,Kitchen,16.23
2024-08-22 06:00:00,2024-08-22,6,8,August,Thursday,10.97,222.1,36.2,AC Unit,93.25
2024-08-22 07:00:00,2024-08-22,7,8,August,Thursday,7.89,232.8,32.3,Kitchen,67.06
2024-08-22 08:00:00,2024-08-22,8,8,August,Thursday,7.54,221.5,29.7,Office,64.09
2024-08-22 09:00:00,2024-08-22,9,8,August,Thursday,8.22,241.1,40.0,Office,69.87
2024-08-22 10:00:00,2024-08-22,10,8,August,Thursday,4.44,219.7,31.8,Factory Floor,37.74
2024-08-22 11:00:00,2024-08-22,11,8,August,Thursday,5.25,232.6,34.7,AC Unit,44.62
2024-08-22 12:00:00,2024-08-22,12,8,August,Thursday,5.01,219.8,27.9,Office,42.59
2024-08-22 13:00:00,2024-08-22,13,8,August,Thursday,4.32,223.0,38.0,Factory Floor,36.72
2024-08-22 14:00:00,2024-08-22,14,8,August,Thursday,4.64,224.6,40.6,Office,39.44
2024-08-22 15:00:00,2024-08-22,15,8,August,Thursday,3.78,239.2,23.3,Factory Floor,32.13
2024-08-22 16:00:00,2024-08-22,16,8,August,Thursday,3.88,241.2,30.9,Kitchen,32.98
2024-08-22 17:00:00,2024-08-22,17,8,August,Thursday,3.87,225.1,38.2,Office,32.9
2024-08-22 18:00:00,2024-08-22,18,8,August,Thursday,11.32,237.0,39.0,Office,96.22
2024-08-22 19:00:00,2024-08-22,19,8,August,Thursday,8.45,224.8,41.4,AC Unit,71.82
2024-08-22 20:00:00,2024-08-22,20,8,August,Thursday,10.96,227.3,26.5,Office,93.16
2024-08-22 21:00:00,2024-08-22,21,8,August,Thursday,9.01,235.3,40.2,Factory Floor,76.58
2024-08-22 22:00:00,2024-08-22,22,8,August,Thursday,12.79,228.3,30.1,Factory Floor,108.71
2024-08-22 23:00:00,2024-08-22,23,8,August,Thursday,3.72,224.5,37.6,Office,31.62
2024-08-23 00:00:00,2024-08-23,0,8,August,Friday,1.98,240.6,29.4,Office,16.83
2024-08-23 01:00:00,2024-08-23,1,8,August,Friday,3.31,231.0,30.1,Factory Floor,28.14
2024-08-23 02:00:00,2024-08-23,2,8,August,Friday,2.74,239.2,36.7,Living Room,23.29
2024-08-23 03:00:00,2024-08-23,3,8,August,Friday,2.69,240.2,23.0,Office,22.86
2024-08-23 04:00:00,2024-08-23,4,8,August,Friday,3.39,239.4,20.1,AC Unit,28.82
2024-08-23 05:00:00,2024-08-23,5,8,August,Friday,2.6,226.0,41.8,Office,22.1
2024-08-23 06:00:00,2024-08-23,6,8,August,Friday,7.63,232.5,22.4,AC Unit,64.86
2024-08-23 07:00:00,2024-08-23,7,8,August,Friday,10.37,229.5,25.3,AC Unit,88.14
2024-08-23 08:00:00,2024-08-23,8,8,August,Friday,9.13,226.6,32.2,Factory Floor,77.61
2024-08-23 09:00:00,2024-08-23,9,8,August,Friday,7.59,238.8,21.4,Factory Floor,64.52
2024-08-23 10:00:00,2024-08-23,10,8,August,Friday,3.48,232.7,31.4,AC Unit,29.58
2024-08-23 11:00:00,2024-08-23,11,8,August,Friday,5.04,218.8,35.5,Factory Floor,42.84
2024-08-23 12:00:00,2024-08-23,12,8,August,Friday,4.57,224.0,24.7,Factory Floor,38.84
2024-08-23 13:00:00,2024-08-23,13,8,August,Friday,5.1,239.2,34.3,Factory Floor,43.35
2024-08-23 14:00:00,2024-08-23,14,8,August,Friday,3.55,233.6,26.3,Factory Floor,30.17
2024-08-23 15:00:00,2024-08-23,15,8,August,Friday,5.1,222.5,21.4,Living Room,43.35
2024-08-23 16:00:00,2024-08-23,16,8,August,Friday,3.34,231.0,20.3,Office,28.39
2024-08-23 17:00:00,2024-08-23,17,8,August,Friday,5.25,229.7,36.7,Living Room,44.62
2024-08-23 18:00:00,2024-08-23,18,8,August,Friday,11.78,239.2,27.6,Office,100.13
2024-08-23 19:00:00,2024-08-23,19,8,August,Friday,9.36,228.4,35.6,AC Unit,79.56
2024-08-23 20:00:00,2024-08-23,20,8,August,Friday,9.35,238.5,35.0,Kitchen,79.47
2024-08-23 21:00:00,2024-08-23,21,8,August,Friday,8.68,233.9,35.5,Factory Floor,73.78
2024-08-23 22:00:00,2024-08-23,22,8,August,Friday,9.74,238.0,33.5,Factory Floor,82.79
2024-08-23 23:00:00,2024-08-23,23,8,August,Friday,4.89,230.6,26.8,Office,41.56
2024-08-24 00:00:00,2024-08-24,0,8,August,Saturday,2.5,230.8,26.3,Living Room,21.25
2024-08-24 01:00:00,2024-08-24,1,8,August,Saturday,1.84,223.3,34.8,Office,15.64
2024-08-24 02:00:00,2024-08-24,2,8,August,Saturday,3.65,237.0,36.6,Kitchen,31.02
2024-08-24 03:00:00,2024-08-24,3,8,August,Saturday,2.13,238.8,40.8,Office,18.11
2024-08-24 04:00:00,2024-08-24,4,8,August,Saturday,2.94,240.3,36.5,Office,24.99
2024-08-24 05:00:00,2024-08-24,5,8,August,Saturday,3.01,233.9,27.4,Factory Floor,25.58
2024-08-24 06:00:00,2024-08-24,6,8,August,Saturday,7.74,218.7,25.4,Living Room,65.79
2024-08-24 07:00:00,2024-08-24,7,8,August,Saturday,9.79,223.4,25.9,Living Room,83.21
2024-08-24 08:00:00,2024-08-24,8,8,August,Saturday,9.07,230.9,38.1,AC Unit,77.09
2024-08-24 09:00:00,2024-08-24,9,8,August,Saturday,9.48,236.2,41.0,AC Unit,80.58
2024-08-24 10:00:00,2024-08-24,10,8,August,Saturday,4.3,228.2,24.2,Kitchen,36.55
2024-08-24 11:00:00,2024-08-24,11,8,August,Saturday,5.57,228.9,34.2,Living Room,47.34
2024-08-24 12:00:00,2024-08-24,12,8,August,Saturday,3.44,226.2,27.8,Office,29.24
2024-08-24 13:00:00,2024-08-24,13,8,August,Saturday,4.0,221.0,30.2,Kitchen,34.0
2024-08-24 14:00:00,2024-08-24,14,8,August,Saturday,3.68,240.2,29.9,Living Room,31.28
2024-08-24 15:00:00,2024-08-24,15,8,August,Saturday,3.79,224.1,36.8,Kitchen,32.22
2024-08-24 16:00:00,2024-08-24,16,8,August,Saturday,4.0,239.8,31.5,Kitchen,34.0
2024-08-24 17:00:00,2024-08-24,17,8,August,Saturday,5.76,239.4,41.6,Living Room,48.96
2024-08-24 18:00:00,2024-08-24,18,8,August,Saturday,8.86,231.4,38.8,Living Room,75.31
2024-08-24 19:00:00,2024-08-24,19,8,August,Saturday,10.24,238.7,28.8,Factory Floor,87.04
2024-08-24 20:00:00,2024-08-24,20,8,August,Saturday,9.5,239.0,28.4,Living Room,80.75
2024-08-24 21:00:00,2024-08-24,21,8,August,Saturday,10.63,240.3,25.8,Factory Floor,90.36
2024-08-24 22:00:00,2024-08-24,22,8,August,Saturday,9.64,222.3,38.7,Kitchen,81.94
2024-08-24 23:00:00,2024-08-24,23,8,August,Saturday,4.17,226.5,30.2,Factory Floor,35.45
2024-08-25 00:00:00,2024-08-25,0,8,August,Sunday,3.71,221.9,34.9,AC Unit,31.54
2024-08-25 01:00:00,2024-08-25,1,8,August,Sunday,2.82,238.2,41.1,Factory Floor,23.97
2024-08-25 02:00:00,2024-08-25,2,8,August,Sunday,2.73,231.3,27.1,Living Room,23.2
2024-08-25 03:00:00,2024-08-25,3,8,August,Sunday,3.85,238.6,25.4,Office,32.73
2024-08-25 04:00:00,2024-08-25,4,8,August,Sunday,2.93,230.1,22.0,Factory Floor,24.91
2024-08-25 05:00:00,2024-08-25,5,8,August,Sunday,2.66,231.2,21.2,Office,22.61
2024-08-25 06:00:00,2024-08-25,6,8,August,Sunday,9.02,218.4,22.6,Kitchen,76.67
2024-08-25 07:00:00,2024-08-25,7,8,August,Sunday,7.99,225.8,30.1,Kitchen,67.92
2024-08-25 08:00:00,2024-08-25,8,8,August,Sunday,8.97,236.4,21.6,AC Unit,76.25
2024-08-25 09:00:00,2024-08-25,9,8,August,Sunday,9.94,232.9,30.2,Office,84.49
2024-08-25 10:00:00,2024-08-25,10,8,August,Sunday,4.63,241.1,27.5,AC Unit,39.35
2024-08-25 11:00:00,2024-08-25,11,8,August,Sunday,4.59,226.8,39.6,AC Unit,39.02
2024-08-25 12:00:00,2024-08-25,12,8,August,Sunday,5.03,233.1,22.9,Living Room,42.76
2024-08-25 13:00:00,2024-08-25,13,8,August,Sunday,4.19,226.7,39.6,AC Unit,35.62
2024-08-25 14:00:00,2024-08-25,14,8,August,Sunday,5.35,233.0,40.7,AC Unit,45.47
2024-08-25 15:00:00,2024-08-25,15,8,August,Sunday,4.12,239.5,23.2,Living Room,35.02
2024-08-25 16:00:00,2024-08-25,16,8,August,Sunday,5.78,236.6,34.2,Office,49.13
2024-08-25 17:00:00,2024-08-25,17,8,August,Sunday,4.09,227.5,26.9,Living Room,34.77
2024-08-25 18:00:00,2024-08-25,18,8,August,Sunday,10.95,238.0,28.2,AC Unit,93.07
2024-08-25 19:00:00,2024-08-25,19,8,August,Sunday,10.54,222.9,37.4,Kitchen,89.59
2024-08-25 20:00:00,2024-08-25,20,8,August,Sunday,10.29,224.3,24.5,Office,87.46
2024-08-25 21:00:00,2024-08-25,21,8,August,Sunday,11.32,219.4,38.1,AC Unit,96.22
2024-08-25 22:00:00,2024-08-25,22,8,August,Sunday,10.94,220.2,23.7,AC Unit,92.99
2024-08-25 23:00:00,2024-08-25,23,8,August,Sunday,5.04,235.7,23.8,Kitchen,42.84
2024-08-26 00:00:00,2024-08-26,0,8,August,Monday,2.16,238.1,37.3,Office,18.36
2024-08-26 01:00:00,2024-08-26,1,8,August,Monday,2.82,237.7,39.8,AC Unit,23.97
2024-08-26 02:00:00,2024-08-26,2,8,August,Monday,2.96,231.7,32.8,Living Room,25.16
2024-08-26 03:00:00,2024-08-26,3,8,August,Monday,2.67,232.6,25.6,Kitchen,22.7
2024-08-26 04:00:00,2024-08-26,4,8,August,Monday,3.41,225.8,28.9,Living Room,28.98
2024-08-26 05:00:00,2024-08-26,5,8,August,Monday,3.59,236.8,24.5,AC Unit,30.52
2024-08-26 06:00:00,2024-08-26,6,8,August,Monday,9.92,237.2,35.6,Factory Floor,84.32
2024-08-26 07:00:00,2024-08-26,7,8,August,Monday,7.4,233.0,35.2,Factory Floor,62.9
2024-08-26 08:00:00,2024-08-26,8,8,August,Monday,8.3,223.7,38.0,Living Room,70.55
2024-08-26 09:00:00,2024-08-26,9,8,August,Monday,9.38,232.9,39.4,Kitchen,79.73
2024-08-26 10:00:00,2024-08-26,10,8,August,Monday,5.0,218.9,26.4,AC Unit,42.5
2024-08-26 11:00:00,2024-08-26,11,8,August,Monday,4.28,230.6,33.3,Office,36.38
2024-08-26 12:00:00,2024-08-26,12,8,August,Monday,4.62,219.7,28.4,Factory Floor,39.27
2024-08-26 13:00:00,2024-08-26,13,8,August,Monday,3.96,222.5,38.1,Living Room,33.66
2024-08-26 14:00:00,2024-08-26,14,8,August,Monday,5.22,218.9,23.4,Kitchen,44.37
2024-08-26 15:00:00,2024-08-26,15,8,August,Monday,3.78,231.5,38.0,Kitchen,32.13
2024-08-26 16:00:00,2024-08-26,16,8,August,Monday,4.15,223.6,29.5,Factory Floor,35.28
2024-08-26 17:00:00,2024-08-26,17,8,August,Monday,4.97,241.4,35.7,Living Room,42.24
2024-08-26 18:00:00,2024-08-26,18,8,August,Monday,11.67,223.2,32.1,Office,99.19
2024-08-26 19:00:00,2024-08-26,19,8,August,Monday,8.11,236.3,26.4,AC Unit,68.94
2024-08-26 20:00:00,2024-08-26,20,8,August,Monday,10.55,222.9,23.5,Kitchen,89.68
2024-08-26 21:00:00,2024-08-26,21,8,August,Monday,10.28,228.3,41.1,Living Room,87.38
2024-08-26 22:00:00,2024-08-26,22,8,August,Monday,9.83,226.3,38.2,Factory Floor,83.56
2024-08-26 23:00:00,2024-08-26,23,8,August,Monday,4.66,221.7,35.6,Factory Floor,39.61
2024-08-27 00:00:00,2024-08-27,0,8,August,Tuesday,2.38,235.9,22.6,Living Room,20.23
2024-08-27 01:00:00,2024-08-27,1,8,August,Tuesday,3.45,230.1,21.7,Living Room,29.33
2024-08-27 02:00:00,2024-08-27,2,8,August,Tuesday,4.22,241.4,41.4,Kitchen,35.87
2024-08-27 03:00:00,2024-08-27,3,8,August,Tuesday,2.77,236.5,21.3,Factory Floor,23.55
2024-08-27 04:00:00,2024-08-27,4,8,August,Tuesday,1.52,232.6,28.9,Office,12.92
2024-08-27 05:00:00,2024-08-27,5,8,August,Tuesday,3.47,232.5,38.9,Kitchen,29.5
2024-08-27 06:00:00,2024-08-27,6,8,August,Tuesday,10.15,219.4,30.8,AC Unit,86.28
2024-08-27 07:00:00,2024-08-27,7,8,August,Tuesday,7.61,229.9,40.1,AC Unit,64.69
2024-08-27 08:00:00,2024-08-27,8,8,August,Tuesday,9.28,222.4,26.6,Living Room,78.88
2024-08-27 09:00:00,2024-08-27,9,8,August,Tuesday,10.1,236.7,26.4,Office,85.85
2024-08-27 10:00:00,2024-08-27,10,8,August,Tuesday,4.94,233.0,34.3,Kitchen,41.99
2024-08-27 11:00:00,2024-08-27,11,8,August,Tuesday,4.54,218.1,32.7,Kitchen,38.59
2024-08-27 12:00:00,2024-08-27,12,8,August,Tuesday,4.14,225.8,31.9,Kitchen,35.19
2024-08-27 13:00:00,2024-08-27,13,8,August,Tuesday,4.92,226.1,26.0,AC Unit,41.82
2024-08-27 14:00:00,2024-08-27,14,8,August,Tuesday,5.11,232.9,22.5,Office,43.44
2024-08-27 15:00:00,2024-08-27,15,8,August,Tuesday,5.69,241.1,40.2,Office,48.37
2024-08-27 16:00:00,2024-08-27,16,8,August,Tuesday,5.5,223.6,30.9,Office,46.75
2024-08-27 17:00:00,2024-08-27,17,8,August,Tuesday,5.37,229.7,28.7,Office,45.65
2024-08-27 18:00:00,2024-08-27,18,8,August,Tuesday,11.7,230.8,20.7,Kitchen,99.45
2024-08-27 19:00:00,2024-08-27,19,8,August,Tuesday,10.04,227.9,39.8,AC Unit,85.34
2024-08-27 20:00:00,2024-08-27,20,8,August,Tuesday,11.49,224.4,28.6,Factory Floor,97.67
2024-08-27 21:00:00,2024-08-27,21,8,August,Tuesday,10.73,220.5,27.3,Kitchen,91.2
2024-08-27 22:00:00,2024-08-27,22,8,August,Tuesday,10.3,224.2,31.3,Living Room,87.55
2024-08-27 23:00:00,2024-08-27,23,8,August,Tuesday,4.14,236.6,25.6,Living Room,35.19
2024-08-28 00:00:00,2024-08-28,0,8,August,Wednesday,2.1,225.5,24.7,Factory Floor,17.85
2024-08-28 01:00:00,2024-08-28,1,8,August,Wednesday,1.79,220.8,26.8,Living Room,15.21
2024-08-28 02:00:00,2024-08-28,2,8,August,Wednesday,2.97,230.4,23.7,Living Room,25.25
2024-08-28 03:00:00,2024-08-28,3,8,August,Wednesday,2.61,224.5,41.4,AC Unit,22.18
2024-08-28 04:00:00,2024-08-28,4,8,August,Wednesday,3.59,227.1,36.6,Kitchen,30.52
2024-08-28 05:00:00,2024-08-28,5,8,August,Wednesday,1.95,218.7,26.4,AC Unit,16.57
2024-08-28 06:00:00,2024-08-28,6,8,August,Wednesday,9.52,238.3,27.8,Factory Floor,80.92
2024-08-28 07:00:00,2024-08-28,7,8,August,Wednesday,8.65,218.2,21.9,Office,73.53
2024-08-28 08:00:00,2024-08-28,8,8,August,Wednesday,10.29,229.9,23.3,Kitchen,87.46
2024-08-28 09:00:00,2024-08-28,9,8,August,Wednesday,10.25,239.8,35.1,Living Room,87.12
2024-08-28 10:00:00,2024-08-28,10,8,August,Wednesday,5.03,236.4,36.4,Kitchen,42.76
2024-08-28 11:00:00,2024-08-28,11,8,August,Wednesday,4.31,230.8,34.5,Living Room,36.63
2024-08-28 12:00:00,2024-08-28,12,8,August,Wednesday,5.21,234.3,29.9,Office,44.28
2024-08-28 13:00:00,2024-08-28,13,8,August,Wednesday,3.42,235.2,32.6,Factory Floor,29.07
2024-08-28 14:00:00,2024-08-28,14,8,August,Wednesday,5.27,218.8,22.5,Kitchen,44.79
2024-08-28 15:00:00,2024-08-28,15,8,August,Wednesday,4.52,224.2,39.6,Living Room,38.42
2024-08-28 16:00:00,2024-08-28,16,8,August,Wednesday,4.3,233.1,32.4,Kitchen,36.55
2024-08-28 17:00:00,2024-08-28,17,8,August,Wednesday,5.7,237.5,20.7,Factory Floor,48.45
2024-08-28 18:00:00,2024-08-28,18,8,August,Wednesday,9.24,235.1,32.7,Living Room,78.54
2024-08-28 19:00:00,2024-08-28,19,8,August,Wednesday,9.54,224.1,33.5,Factory Floor,81.09
2024-08-28 20:00:00,2024-08-28,20,8,August,Wednesday,9.51,220.0,36.3,Factory Floor,80.83
2024-08-28 21:00:00,2024-08-28,21,8,August,Wednesday,12.12,228.4,30.4,Kitchen,103.02
2024-08-28 22:00:00,2024-08-28,22,8,August,Wednesday,11.05,241.2,36.3,Living Room,93.93
2024-08-28 23:00:00,2024-08-28,23,8,August,Wednesday,4.74,224.5,30.1,AC Unit,40.29
2024-08-29 00:00:00,2024-08-29,0,8,August,Thursday,2.12,225.5,22.6,Factory Floor,18.02
2024-08-29 01:00:00,2024-08-29,1,8,August,Thursday,3.21,228.1,40.0,Office,27.29
2024-08-29 02:00:00,2024-08-29,2,8,August,Thursday,3.52,234.4,21.0,Living Room,29.92
2024-08-29 03:00:00,2024-08-29,3,8,August,Thursday,3.45,220.5,35.0,Office,29.33
2024-08-29 04:00:00,2024-08-29,4,8,August,Thursday,3.48,240.8,36.2,Kitchen,29.58
2024-08-29 05:00:00,2024-08-29,5,8,August,Thursday,3.5,240.7,32.5,Office,29.75
2024-08-29 06:00:00,2024-08-29,6,8,August,Thursday,9.1,222.2,35.5,Kitchen,77.35
2024-08-29 07:00:00,2024-08-29,7,8,August,Thursday,7.79,241.9,37.9,Office,66.22
2024-08-29 08:00:00,2024-08-29,8,8,August,Thursday,7.2,230.8,30.4,AC Unit,61.2
2024-08-29 09:00:00,2024-08-29,9,8,August,Thursday,10.47,231.3,34.5,Living Room,89.0
2024-08-29 10:00:00,2024-08-29,10,8,August,Thursday,5.25,225.8,26.0,Factory Floor,44.62
2024-08-29 11:00:00,2024-08-29,11,8,August,Thursday,5.37,237.9,27.5,Office,45.65
2024-08-29 12:00:00,2024-08-29,12,8,August,Thursday,3.99,241.6,38.4,Factory Floor,33.91
2024-08-29 13:00:00,2024-08-29,13,8,August,Thursday,5.59,230.5,33.1,Living Room,47.52
2024-08-29 14:00:00,2024-08-29,14,8,August,Thursday,5.8,229.7,32.7,Living Room,49.3
2024-08-29 15:00:00,2024-08-29,15,8,August,Thursday,5.1,225.2,28.8,AC Unit,43.35
2024-08-29 16:00:00,2024-08-29,16,8,August,Thursday,4.41,241.2,42.0,Office,37.48
2024-08-29 17:00:00,2024-08-29,17,8,August,Thursday,4.24,229.0,37.6,Kitchen,36.04
2024-08-29 18:00:00,2024-08-29,18,8,August,Thursday,11.45,223.1,36.1,Office,97.32
2024-08-29 19:00:00,2024-08-29,19,8,August,Thursday,13.15,241.3,24.1,Factory Floor,111.78
2024-08-29 20:00:00,2024-08-29,20,8,August,Thursday,13.31,231.4,38.5,Factory Floor,113.14
2024-08-29 21:00:00,2024-08-29,21,8,August,Thursday,9.51,239.3,33.9,AC Unit,80.83
2024-08-29 22:00:00,2024-08-29,22,8,August,Thursday,8.73,220.1,34.3,Office,74.2
2024-08-29 23:00:00,2024-08-29,23,8,August,Thursday,5.21,221.9,23.7,Factory Floor,44.28
2024-08-30 00:00:00,2024-08-30,0,8,August,Friday,3.21,234.0,29.1,Living Room,27.29
2024-08-30 01:00:00,2024-08-30,1,8,August,Friday,3.62,238.2,32.1,Kitchen,30.77
2024-08-30 02:00:00,2024-08-30,2,8,August,Friday,2.83,219.5,26.8,Office,24.05
2024-08-30 03:00:00,2024-08-30,3,8,August,Friday,2.8,237.9,24.2,Factory Floor,23.8
2024-08-30 04:00:00,2024-08-30,4,8,August,Friday,4.1,241.6,29.8,Kitchen,34.85
2024-08-30 05:00:00,2024-08-30,5,8,August,Friday,3.59,230.3,36.1,Factory Floor,30.52
2024-08-30 06:00:00,2024-08-30,6,8,August,Friday,10.36,218.9,37.6,Living Room,88.06
2024-08-30 07:00:00,2024-08-30,7,8,August,Friday,10.01,224.6,26.0,Kitchen,85.08
2024-08-30 08:00:00,2024-08-30,8,8,August,Friday,9.89,225.3,29.7,Factory Floor,84.06
2024-08-30 09:00:00,2024-08-30,9,8,August,Friday,9.56,219.4,30.4,AC Unit,81.26
2024-08-30 10:00:00,2024-08-30,10,8,August,Friday,4.62,226.2,27.0,Kitchen,39.27
2024-08-30 11:00:00,2024-08-30,11,8,August,Friday,4.25,234.2,22.0,Office,36.12
2024-08-30 12:00:00,2024-08-30,12,8,August,Friday,4.52,228.7,32.9,Factory Floor,38.42
2024-08-30 13:00:00,2024-08-30,13,8,August,Friday,4.3,238.6,37.7,Kitchen,36.55
2024-08-30 14:00:00,2024-08-30,14,8,August,Friday,4.38,236.1,21.3,Factory Floor,37.23
2024-08-30 15:00:00,2024-08-30,15,8,August,Friday,5.35,241.8,25.0,Kitchen,45.47
2024-08-30 16:00:00,2024-08-30,16,8,August,Friday,3.99,233.9,39.9,AC Unit,33.91
2024-08-30 17:00:00,2024-08-30,17,8,August,Friday,4.27,240.9,24.9,Living Room,36.29
2024-08-30 18:00:00,2024-08-30,18,8,August,Friday,10.91,241.8,36.6,AC Unit,92.73
2024-08-30 19:00:00,2024-08-30,19,8,August,Friday,10.56,226.0,29.5,AC Unit,89.76
2024-08-30 20:00:00,2024-08-30,20,8,August,Friday,8.35,235.9,28.1,Kitchen,70.97
2024-08-30 21:00:00,2024-08-30,21,8,August,Friday,9.97,233.2,33.1,Living Room,84.75
2024-08-30 22:00:00,2024-08-30,22,8,August,Friday,9.69,239.1,28.8,Factory Floor,82.36
2024-08-30 23:00:00,2024-08-30,23,8,August,Friday,4.41,221.3,29.6,Kitchen,37.48
2024-08-31 00:00:00,2024-08-31,0,8,August,Saturday,1.8,226.5,28.8,Office,15.3
2024-08-31 01:00:00,2024-08-31,1,8,August,Saturday,2.84,238.5,24.8,Kitchen,24.14
2024-08-31 02:00:00,2024-08-31,2,8,August,Saturday,3.52,218.8,37.8,Factory Floor,29.92
2024-08-31 03:00:00,2024-08-31,3,8,August,Saturday,3.36,219.3,32.0,Office,28.56
2024-08-31 04:00:00,2024-08-31,4,8,August,Saturday,3.25,239.5,24.5,Factory Floor,27.62
2024-08-31 05:00:00,2024-08-31,5,8,August,Saturday,2.62,236.3,35.0,Office,22.27
2024-08-31 06:00:00,2024-08-31,6,8,August,Saturday,10.22,226.8,34.0,Living Room,86.87
2024-08-31 07:00:00,2024-08-31,7,8,August,Saturday,8.57,233.0,20.3,Factory Floor,72.84
2024-08-31 08:00:00,2024-08-31,8,8,August,Saturday,7.38,235.1,33.8,Living Room,62.73
2024-08-31 09:00:00,2024-08-31,9,8,August,Saturday,8.93,231.0,39.7,Factory Floor,75.91
2024-08-31 10:00:00,2024-08-31,10,8,August,Saturday,4.44,226.6,26.7,Kitchen,37.74
2024-08-31 11:00:00,2024-08-31,11,8,August,Saturday,3.68,234.7,37.4,Factory Floor,31.28
2024-08-31 12:00:00,2024-08-31,12,8,August,Saturday,4.4,224.9,27.1,Kitchen,37.4
2024-08-31 13:00:00,2024-08-31,13,8,August,Saturday,4.71,233.5,41.8,Office,40.03
2024-08-31 14:00:00,2024-08-31,14,8,August,Saturday,4.39,232.8,25.8,Kitchen,37.31
2024-08-31 15:00:00,2024-08-31,15,8,August,Saturday,4.61,233.3,32.6,Kitchen,39.19
2024-08-31 16:00:00,2024-08-31,16,8,August,Saturday,4.82,232.6,40.1,Office,40.97
2024-08-31 17:00:00,2024-08-31,17,8,August,Saturday,5.4,219.9,28.2,Kitchen,45.9
2024-08-31 18:00:00,2024-08-31,18,8,August,Saturday,9.22,232.0,34.8,AC Unit,78.37
2024-08-31 19:00:00,2024-08-31,19,8,August,Saturday,12.43,235.5,22.8,Living Room,105.66
2024-08-31 20:00:00,2024-08-31,20,8,August,Saturday,10.36,233.6,28.9,Living Room,88.06
2024-08-31 21:00:00,2024-08-31,21,8,August,Saturday,10.52,229.9,30.4,AC Unit,89.42
2024-08-31 22:00:00,2024-08-31,22,8,August,Saturday,12.0,223.9,32.3,AC Unit,102.0
2024-08-31 23:00:00,2024-08-31,23,8,August,Saturday,4.54,235.5,25.1,AC Unit,38.59
2024-09-01 00:00:00,2024-09-01,0,9,September,Sunday,2.58,222.1,22.3,AC Unit,21.93
2024-09-01 01:00:00,2024-09-01,1,9,September,Sunday,3.14,228.6,24.5,Factory Floor,26.69
2024-09-01 02:00:00,2024-09-01,2,9,September,Sunday,3.59,240.0,26.4,Kitchen,30.52
2024-09-01 03:00:00,2024-09-01,3,9,September,Sunday,2.93,224.9,28.0,AC Unit,24.91
2024-09-01 04:00:00,2024-09-01,4,9,September,Sunday,3.26,223.2,21.2,Living Room,27.71
2024-09-01 05:00:00,2024-09-01,5,9,September,Sunday,3.08,229.2,24.5,Factory Floor,26.18
2024-09-01 06:00:00,2024-09-01,6,9,September,Sunday,8.32,235.7,34.4,Factory Floor,70.72
2024-09-01 07:00:00,2024-09-01,7,9,September,Sunday,8.21,240.7,24.5,Office,69.79
2024-09-01 08:00:00,2024-09-01,8,9,September,Sunday,9.08,219.6,34.7,Living Room,77.18
2024-09-01 09:00:00,2024-09-01,9,9,September,Sunday,9.58,218.2,32.1,Factory Floor,81.43
2024-09-01 10:00:00,2024-09-01,10,9,September,Sunday,4.76,218.5,29.7,Kitchen,40.46
2024-09-01 11:00:00,2024-09-01,11,9,September,Sunday,4.13,236.1,37.0,Office,35.1
2024-09-01 12:00:00,2024-09-01,12,9,September,Sunday,5.4,222.7,30.3,AC Unit,45.9
2024-09-01 13:00:00,2024-09-01,13,9,September,Sunday,4.86,224.7,30.7,Factory Floor,41.31
2024-09-01 14:00:00,2024-09-01,14,9,September,Sunday,5.38,232.8,20.5,Kitchen,45.73
2024-09-01 15:00:00,2024-09-01,15,9,September,Sunday,4.91,225.0,40.6,AC Unit,41.73
2024-09-01 16:00:00,2024-09-01,16,9,September,Sunday,4.84,218.3,27.7,Factory Floor,41.14
2024-09-01 17:00:00,2024-09-01,17,9,September,Sunday,5.34,228.0,41.2,AC Unit,45.39
2024-09-01 18:00:00,2024-09-01,18,9,September,Sunday,9.22,241.0,25.1,Factory Floor,78.37
2024-09-01 19:00:00,2024-09-01,19,9,September,Sunday,12.58,236.9,40.8,AC Unit,106.93
2024-09-01 20:00:00,2024-09-01,20,9,September,Sunday,9.44,226.0,29.6,Living Room,80.24
2024-09-01 21:00:00,2024-09-01,21,9,September,Sunday,10.9,225.3,29.9,Living Room,92.65
2024-09-01 22:00:00,2024-09-01,22,9,September,Sunday,11.76,223.7,29.8,Kitchen,99.96
2024-09-01 23:00:00,2024-09-01,23,9,September,Sunday,4.99,232.5,28.9,AC Unit,42.41
2024-09-02 00:00:00,2024-09-02,0,9,September,Monday,2.78,235.9,21.3,Kitchen,23.63
2024-09-02 01:00:00,2024-09-02,1,9,September,Monday,4.32,237.9,28.6,Factory Floor,36.72
2024-09-02 02:00:00,2024-09-02,2,9,September,Monday,3.27,240.3,26.6,Kitchen,27.8
2024-09-02 03:00:00,2024-09-02,3,9,September,Monday,3.29,222.2,22.5,Living Room,27.96
2024-09-02 04:00:00,2024-09-02,4,9,September,Monday,2.91,230.1,21.4,Office,24.73
2024-09-02 05:00:00,2024-09-02,5,9,September,Monday,2.74,228.1,26.4,Factory Floor,23.29
2024-09-02 06:00:00,2024-09-02,6,9,September,Monday,7.4,223.1,28.9,Factory Floor,62.9
2024-09-02 07:00:00,2024-09-02,7,9,September,Monday,8.6,220.9,36.3,Living Room,73.1
2024-09-02 08:00:00,2024-09-02,8,9,September,Monday,7.77,226.1,41.7,Kitchen,66.05
2024-09-02 09:00:00,2024-09-02,9,9,September,Monday,10.22,225.5,27.7,Factory Floor,86.87
2024-09-02 10:00:00,2024-09-02,10,9,September,Monday,5.13,234.8,34.0,Living Room,43.6
2024-09-02 11:00:00,2024-09-02,11,9,September,Monday,3.91,220.9,31.5,Kitchen,33.23
2024-09-02 12:00:00,2024-09-02,12,9,September,Monday,3.8,238.3,29.2,Factory Floor,32.3
2024-09-02 13:00:00,2024-09-02,13,9,September,Monday,3.82,230.4,26.9,Living Room,32.47
2024-09-02 14:00:00,2024-09-02,14,9,September,Monday,4.56,232.1,37.3,Factory Floor,38.76
2024-09-02 15:00:00,2024-09-02,15,9,September,Monday,3.9,220.5,39.3,Living Room,33.15
2024-09-02 16:00:00,2024-09-02,16,9,September,Monday,3.99,237.5,38.8,Living Room,33.91
2024-09-02 17:00:00,2024-09-02,17,9,September,Monday,5.02,227.0,21.2,Living Room,42.67
2024-09-02 18:00:00,2024-09-02,18,9,September,Monday,11.38,220.8,40.1,AC Unit,96.73
2024-09-02 19:00:00,2024-09-02,19,9,September,Monday,7.98,220.3,37.9,Office,67.83
2024-09-02 20:00:00,2024-09-02,20,9,September,Monday,10.16,228.5,31.0,Factory Floor,86.36
2024-09-02 21:00:00,2024-09-02,21,9,September,Monday,7.33,225.5,40.9,Office,62.3
2024-09-02 22:00:00,2024-09-02,22,9,September,Monday,12.57,240.7,38.7,AC Unit,106.84
2024-09-02 23:00:00,2024-09-02,23,9,September,Monday,3.95,234.8,33.2,Living Room,33.58
2024-09-03 00:00:00,2024-09-03,0,9,September,Tuesday,3.24,221.4,36.8,AC Unit,27.54
2024-09-03 01:00:00,2024-09-03,1,9,September,Tuesday,1.88,231.5,40.7,AC Unit,15.98
2024-09-03 02:00:00,2024-09-03,2,9,September,Tuesday,3.06,223.1,39.2,Living Room,26.01
2024-09-03 03:00:00,2024-09-03,3,9,September,Tuesday,2.37,231.3,28.5,Factory Floor,20.14
2024-09-03 04:00:00,2024-09-03,4,9,September,Tuesday,2.16,219.6,40.2,Kitchen,18.36
2024-09-03 05:00:00,2024-09-03,5,9,September,Tuesday,3.41,235.3,34.3,Living Room,28.98
2024-09-03 06:00:00,2024-09-03,6,9,September,Tuesday,11.0,240.6,29.4,Factory Floor,93.5
2024-09-03 07:00:00,2024-09-03,7,9,September,Tuesday,8.48,228.4,38.3,Living Room,72.08
2024-09-03 08:00:00,2024-09-03,8,9,September,Tuesday,10.09,221.2,34.7,Kitchen,85.77
2024-09-03 09:00:00,2024-09-03,9,9,September,Tuesday,10.46,223.3,21.3,AC Unit,88.91
2024-09-03 10:00:00,2024-09-03,10,9,September,Tuesday,4.59,230.2,30.9,Kitchen,39.02
2024-09-03 11:00:00,2024-09-03,11,9,September,Tuesday,3.91,223.3,37.4,AC Unit,33.23
2024-09-03 12:00:00,2024-09-03,12,9,September,Tuesday,4.76,234.5,35.4,Living Room,40.46
2024-09-03 13:00:00,2024-09-03,13,9,September,Tuesday,5.57,234.9,33.9,Office,47.34
2024-09-03 14:00:00,2024-09-03,14,9,September,Tuesday,5.39,219.2,26.3,Living Room,45.81
2024-09-03 15:00:00,2024-09-03,15,9,September,Tuesday,3.78,221.4,21.1,Kitchen,32.13
2024-09-03 16:00:00,2024-09-03,16,9,September,Tuesday,4.59,220.9,37.3,Living Room,39.02
2024-09-03 17:00:00,2024-09-03,17,9,September,Tuesday,5.77,236.4,25.6,Factory Floor,49.04
2024-09-03 18:00:00,2024-09-03,18,9,September,Tuesday,12.81,234.6,31.0,Living Room,108.89
2024-09-03 19:00:00,2024-09-03,19,9,September,Tuesday,10.19,223.7,29.3,AC Unit,86.61
2024-09-03 20:00:00,2024-09-03,20,9,September,Tuesday,9.54,237.7,20.3,AC Unit,81.09
2024-09-03 21:00:00,2024-09-03,21,9,September,Tuesday,12.17,237.9,35.2,Factory Floor,103.44
2024-09-03 22:00:00,2024-09-03,22,9,September,Tuesday,9.44,223.3,33.6,Office,80.24
2024-09-03 23:00:00,2024-09-03,23,9,September,Tuesday,5.18,233.7,30.7,Kitchen,44.03
2024-09-04 00:00:00,2024-09-04,0,9,September,Wednesday,2.25,234.0,34.5,AC Unit,19.12
2024-09-04 01:00:00,2024-09-04,1,9,September,Wednesday,3.15,233.6,40.0,Kitchen,26.77
2024-09-04 02:00:00,2024-09-04,2,9,September,Wednesday,2.83,230.8,30.0,Factory Floor,24.05
2024-09-04 03:00:00,2024-09-04,3,9,September,Wednesday,3.96,222.7,22.1,AC Unit,33.66
2024-09-04 04:00:00,2024-09-04,4,9,September,Wednesday,3.18,221.0,41.8,Factory Floor,27.03
2024-09-04 05:00:00,2024-09-04,5,9,September,Wednesday,2.66,221.2,37.2,Factory Floor,22.61
2024-09-04 06:00:00,2024-09-04,6,9,September,Wednesday,8.96,220.0,36.7,Factory Floor,76.16
2024-09-04 07:00:00,2024-09-04,7,9,September,Wednesday,8.25,218.2,24.2,Office,70.12
2024-09-04 08:00:00,2024-09-04,8,9,September,Wednesday,9.05,239.0,33.1,Factory Floor,76.93
2024-09-04 09:00:00,2024-09-04,9,9,September,Wednesday,7.94,227.1,38.5,Factory Floor,67.49
2024-09-04 10:00:00,2024-09-04,10,9,September,Wednesday,4.94,221.8,39.7,Factory Floor,41.99
2024-09-04 11:00:00,2024-09-04,11,9,September,Wednesday,5.11,235.2,23.2,Kitchen,43.44
2024-09-04 12:00:00,2024-09-04,12,9,September,Wednesday,4.51,226.2,27.5,Factory Floor,38.34
2024-09-04 13:00:00,2024-09-04,13,9,September,Wednesday,4.66,225.7,38.4,Office,39.61
2024-09-04 14:00:00,2024-09-04,14,9,September,Wednesday,4.01,219.5,24.0,AC Unit,34.09
2024-09-04 15:00:00,2024-09-04,15,9,September,Wednesday,4.97,236.5,20.2,AC Unit,42.24
2024-09-04 16:00:00,2024-09-04,16,9,September,Wednesday,5.71,225.9,36.9,Kitchen,48.53
2024-09-04 17:00:00,2024-09-04,17,9,September,Wednesday,4.95,226.9,29.1,AC Unit,42.08
2024-09-04 18:00:00,2024-09-04,18,9,September,Wednesday,11.34,233.9,25.3,Kitchen,96.39
2024-09-04 19:00:00,2024-09-04,19,9,September,Wednesday,11.33,220.0,23.2,Office,96.31
2024-09-04 20:00:00,2024-09-04,20,9,September,Wednesday,9.34,235.4,37.4,AC Unit,79.39
2024-09-04 21:00:00,2024-09-04,21,9,September,Wednesday,11.99,238.7,37.8,Office,101.92
2024-09-04 22:00:00,2024-09-04,22,9,September,Wednesday,11.9,234.7,37.6,Kitchen,101.15
2024-09-04 23:00:00,2024-09-04,23,9,September,Wednesday,5.0,239.0,30.6,Office,42.5
2024-09-05 00:00:00,2024-09-05,0,9,September,Thursday,3.64,221.6,40.4,Factory Floor,30.94
2024-09-05 01:00:00,2024-09-05,1,9,September,Thursday,1.46,229.8,40.7,Office,12.41
2024-09-05 02:00:00,2024-09-05,2,9,September,Thursday,2.15,219.0,35.0,Factory Floor,18.27
2024-09-05 03:00:00,2024-09-05,3,9,September,Thursday,3.44,226.3,30.2,Office,29.24
2024-09-05 04:00:00,2024-09-05,4,9,September,Thursday,2.33,226.0,31.1,Factory Floor,19.8
2024-09-05 05:00:00,2024-09-05,5,9,September,Thursday,3.45,238.8,29.2,AC Unit,29.33
2024-09-05 06:00:00,2024-09-05,6,9,September,Thursday,9.55,236.0,41.8,Kitchen,81.18
2024-09-05 07:00:00,2024-09-05,7,9,September,Thursday,7.72,233.3,24.5,Living Room,65.62
2024-09-05 08:00:00,2024-09-05,8,9,September,Thursday,7.66,231.4,24.1,Living Room,65.11
2024-09-05 09:00:00,2024-09-05,9,9,September,Thursday,9.21,226.8,32.2,Office,78.29
2024-09-05 10:00:00,2024-09-05,10,9,September,Thursday,4.34,221.8,41.7,Factory Floor,36.89
2024-09-05 11:00:00,2024-09-05,11,9,September,Thursday,4.23,240.0,35.6,Office,35.96
2024-09-05 12:00:00,2024-09-05,12,9,September,Thursday,3.8,229.9,27.1,Office,32.3
2024-09-05 13:00:00,2024-09-05,13,9,September,Thursday,4.62,221.1,33.8,AC Unit,39.27
2024-09-05 14:00:00,2024-09-05,14,9,September,Thursday,4.1,237.7,35.8,Factory Floor,34.85
2024-09-05 15:00:00,2024-09-05,15,9,September,Thursday,4.72,220.5,37.1,Kitchen,40.12
2024-09-05 16:00:00,2024-09-05,16,9,September,Thursday,3.89,233.7,30.6,AC Unit,33.06
2024-09-05 17:00:00,2024-09-05,17,9,September,Thursday,5.36,224.2,41.0,Kitchen,45.56
2024-09-05 18:00:00,2024-09-05,18,9,September,Thursday,8.67,227.3,26.1,AC Unit,73.69
2024-09-05 19:00:00,2024-09-05,19,9,September,Thursday,10.47,227.2,26.7,Factory Floor,89.0
2024-09-05 20:00:00,2024-09-05,20,9,September,Thursday,10.32,232.3,33.5,Factory Floor,87.72
2024-09-05 21:00:00,2024-09-05,21,9,September,Thursday,8.48,223.4,38.0,AC Unit,72.08
2024-09-05 22:00:00,2024-09-05,22,9,September,Thursday,12.17,228.4,33.5,Living Room,103.44
2024-09-05 23:00:00,2024-09-05,23,9,September,Thursday,3.93,235.9,37.4,AC Unit,33.41
2024-09-06 00:00:00,2024-09-06,0,9,September,Friday,2.98,226.7,35.7,AC Unit,25.33
2024-09-06 01:00:00,2024-09-06,1,9,September,Friday,3.25,235.6,31.5,Living Room,27.62
2024-09-06 02:00:00,2024-09-06,2,9,September,Friday,2.52,240.8,41.9,Kitchen,21.42
2024-09-06 03:00:00,2024-09-06,3,9,September,Friday,3.18,232.6,24.8,Factory Floor,27.03
2024-09-06 04:00:00,2024-09-06,4,9,September,Friday,1.59,239.7,32.8,Living Room,13.52
2024-09-06 05:00:00,2024-09-06,5,9,September,Friday,1.59,222.0,25.0,Office,13.52
2024-09-06 06:00:00,2024-09-06,6,9,September,Friday,9.01,228.5,26.4,Kitchen,76.58
2024-09-06 07:00:00,2024-09-06,7,9,September,Friday,10.75,239.1,39.3,Office,91.38
2024-09-06 08:00:00,2024-09-06,8,9,September,Friday,7.91,229.0,35.9,Factory Floor,67.23
2024-09-06 09:00:00,2024-09-06,9,9,September,Friday,7.91,227.2,38.9,AC Unit,67.23
2024-09-06 10:00:00,2024-09-06,10,9,September,Friday,3.81,241.2,28.3,Kitchen,32.38
2024-09-06 11:00:00,2024-09-06,11,9,September,Friday,4.32,238.5,22.6,Kitchen,36.72
2024-09-06 12:00:00,2024-09-06,12,9,September,Friday,5.22,221.0,32.8,Kitchen,44.37
2024-09-06 13:00:00,2024-09-06,13,9,September,Friday,5.22,238.8,31.8,Factory Floor,44.37
2024-09-06 14:00:00,2024-09-06,14,9,September,Friday,4.37,228.6,29.4,Kitchen,37.15
2024-09-06 15:00:00,2024-09-06,15,9,September,Friday,4.39,218.3,26.6,AC Unit,37.31
2024-09-06 16:00:00,2024-09-06,16,9,September,Friday,5.29,228.3,23.7,Living Room,44.97
2024-09-06 17:00:00,2024-09-06,17,9,September,Friday,5.2,241.2,20.7,AC Unit,44.2
2024-09-06 18:00:00,2024-09-06,18,9,September,Friday,11.24,222.9,34.4,AC Unit,95.54
2024-09-06 19:00:00,2024-09-06,19,9,September,Friday,9.31,224.7,39.3,Office,79.14
2024-09-06 20:00:00,2024-09-06,20,9,September,Friday,9.96,241.6,37.6,AC Unit,84.66
2024-09-06 21:00:00,2024-09-06,21,9,September,Friday,9.51,218.7,28.6,Kitchen,80.83
2024-09-06 22:00:00,2024-09-06,22,9,September,Friday,10.71,235.0,26.8,Kitchen,91.04
2024-09-06 23:00:00,2024-09-06,23,9,September,Friday,4.83,240.8,22.1,Factory Floor,41.05
2024-09-07 00:00:00,2024-09-07,0,9,September,Saturday,3.36,235.7,38.0,AC Unit,28.56
2024-09-07 01:00:00,2024-09-07,1,9,September,Saturday,2.02,223.9,32.6,Kitchen,17.17
2024-09-07 02:00:00,2024-09-07,2,9,September,Saturday,2.35,222.6,35.2,AC Unit,19.98
2024-09-07 03:00:00,2024-09-07,3,9,September,Saturday,2.18,228.3,30.8,Factory Floor,18.53
2024-09-07 04:00:00,2024-09-07,4,9,September,Saturday,2.84,228.2,24.6,AC Unit,24.14
2024-09-07 05:00:00,2024-09-07,5,9,September,Saturday,3.02,232.0,24.8,Office,25.67
2024-09-07 06:00:00,2024-09-07,6,9,September,Saturday,7.71,225.1,29.5,Factory Floor,65.53
2024-09-07 07:00:00,2024-09-07,7,9,September,Saturday,9.56,218.3,37.9,Factory Floor,81.26
2024-09-07 08:00:00,2024-09-07,8,9,September,Saturday,8.11,219.8,24.9,Living Room,68.94
2024-09-07 09:00:00,2024-09-07,9,9,September,Saturday,8.05,224.8,36.5,Factory Floor,68.43
2024-09-07 10:00:00,2024-09-07,10,9,September,Saturday,5.44,221.8,21.6,Office,46.24
2024-09-07 11:00:00,2024-09-07,11,9,September,Saturday,4.29,238.7,31.5,Factory Floor,36.47
2024-09-07 12:00:00,2024-09-07,12,9,September,Saturday,4.13,236.7,40.0,AC Unit,35.1
2024-09-07 13:00:00,2024-09-07,13,9,September,Saturday,5.36,218.4,38.5,Office,45.56
2024-09-07 14:00:00,2024-09-07,14,9,September,Saturday,4.23,241.5,30.6,Office,35.96
2024-09-07 15:00:00,2024-09-07,15,9,September,Saturday,4.35,228.9,40.6,Factory Floor,36.97
2024-09-07 16:00:00,2024-09-07,16,9,September,Saturday,4.15,228.9,41.5,Office,35.28
2024-09-07 17:00:00,2024-09-07,17,9,September,Saturday,4.47,237.2,36.8,Factory Floor,37.99
2024-09-07 18:00:00,2024-09-07,18,9,September,Saturday,9.01,219.4,31.2,Factory Floor,76.58
2024-09-07 19:00:00,2024-09-07,19,9,September,Saturday,10.31,224.4,28.0,Factory Floor,87.64
2024-09-07 20:00:00,2024-09-07,20,9,September,Saturday,9.75,226.7,35.0,Office,82.88
2024-09-07 21:00:00,2024-09-07,21,9,September,Saturday,9.81,218.2,22.5,AC Unit,83.39
2024-09-07 22:00:00,2024-09-07,22,9,September,Saturday,10.3,229.2,31.0,Kitchen,87.55
2024-09-07 23:00:00,2024-09-07,23,9,September,Saturday,5.31,218.1,41.3,Factory Floor,45.13
2024-09-08 00:00:00,2024-09-08,0,9,September,Sunday,2.86,230.9,34.1,Office,24.31
2024-09-08 01:00:00,2024-09-08,1,9,September,Sunday,2.63,230.6,34.8,Factory Floor,22.36
2024-09-08 02:00:00,2024-09-08,2,9,September,Sunday,2.87,241.2,39.0,Office,24.39
2024-09-08 03:00:00,2024-09-08,3,9,September,Sunday,2.83,222.7,38.8,AC Unit,24.05
2024-09-08 04:00:00,2024-09-08,4,9,September,Sunday,2.89,222.8,30.8,Factory Floor,24.57
2024-09-08 05:00:00,2024-09-08,5,9,September,Sunday,3.88,226.4,28.7,AC Unit,32.98
2024-09-08 06:00:00,2024-09-08,6,9,September,Sunday,9.9,227.3,33.6,Office,84.15
2024-09-08 07:00:00,2024-09-08,7,9,September,Sunday,10.59,226.4,38.5,Kitchen,90.02
2024-09-08 08:00:00,2024-09-08,8,9,September,Sunday,7.96,225.7,20.8,Kitchen,67.66
2024-09-08 09:00:00,2024-09-08,9,9,September,Sunday,8.55,229.9,33.2,Living Room,72.68
2024-09-08 10:00:00,2024-09-08,10,9,September,Sunday,4.39,238.0,31.5,Factory Floor,37.31
2024-09-08 11:00:00,2024-09-08,11,9,September,Sunday,3.86,233.0,27.3,Living Room,32.81
2024-09-08 12:00:00,2024-09-08,12,9,September,Sunday,4.28,226.4,32.2,Living Room,36.38
2024-09-08 13:00:00,2024-09-08,13,9,September,Sunday,5.03,218.2,25.1,Kitchen,42.76
2024-09-08 14:00:00,2024-09-08,14,9,September,Sunday,3.93,240.2,32.8,Kitchen,33.41
2024-09-08 15:00:00,2024-09-08,15,9,September,Sunday,4.56,227.8,28.4,Office,38.76
2024-09-08 16:00:00,2024-09-08,16,9,September,Sunday,4.0,237.5,20.6,Kitchen,34.0
2024-09-08 17:00:00,2024-09-08,17,9,September,Sunday,3.97,237.3,26.0,AC Unit,33.75
2024-09-08 18:00:00,2024-09-08,18,9,September,Sunday,8.98,237.5,35.5,Living Room,76.33
2024-09-08 19:00:00,2024-09-08,19,9,September,Sunday,9.09,221.4,27.9,Kitchen,77.27
2024-09-08 20:00:00,2024-09-08,20,9,September,Sunday,11.96,222.9,39.6,Factory Floor,101.66
2024-09-08 21:00:00,2024-09-08,21,9,September,Sunday,10.43,241.6,37.4,Factory Floor,88.66
2024-09-08 22:00:00,2024-09-08,22,9,September,Sunday,12.19,238.4,40.9,Factory Floor,103.61
2024-09-08 23:00:00,2024-09-08,23,9,September,Sunday,4.18,232.9,25.8,AC Unit,35.53
2024-09-09 00:00:00,2024-09-09,0,9,September,Monday,3.68,236.2,26.2,Living Room,31.28
2024-09-09 01:00:00,2024-09-09,1,9,September,Monday,2.3,229.7,21.0,Office,19.55
2024-09-09 02:00:00,2024-09-09,2,9,September,Monday,3.97,227.4,41.5,AC Unit,33.75
2024-09-09 03:00:00,2024-09-09,3,9,September,Monday,2.9,229.3,31.4,Kitchen,24.65
2024-09-09 04:00:00,2024-09-09,4,9,September,Monday,1.27,224.0,39.6,Factory Floor,10.79
2024-09-09 05:00:00,2024-09-09,5,9,September,Monday,2.59,229.4,33.0,AC Unit,22.02
2024-09-09 06:00:00,2024-09-09,6,9,September,Monday,8.03,236.2,34.1,Kitchen,68.25
2024-09-09 07:00:00,2024-09-09,7,9,September,Monday,8.07,235.4,38.9,Factory Floor,68.59
2024-09-09 08:00:00,2024-09-09,8,9,September,Monday,8.58,220.0,38.6,Office,72.93
2024-09-09 09:00:00,2024-09-09,9,9,September,Monday,8.44,222.4,39.4,Factory Floor,71.74
2024-09-09 10:00:00,2024-09-09,10,9,September,Monday,5.71,231.7,22.8,Factory Floor,48.53
2024-09-09 11:00:00,2024-09-09,11,9,September,Monday,4.29,233.5,31.5,AC Unit,36.47
2024-09-09 12:00:00,2024-09-09,12,9,September,Monday,5.02,235.7,24.6,Kitchen,42.67
2024-09-09 13:00:00,2024-09-09,13,9,September,Monday,4.93,228.7,27.4,Office,41.91
2024-09-09 14:00:00,2024-09-09,14,9,September,Monday,4.57,231.9,36.7,Factory Floor,38.84
2024-09-09 15:00:00,2024-09-09,15,9,September,Monday,5.05,239.3,38.0,AC Unit,42.92
2024-09-09 16:00:00,2024-09-09,16,9,September,Monday,3.12,228.9,24.5,Office,26.52
2024-09-09 17:00:00,2024-09-09,17,9,September,Monday,4.66,230.7,25.9,Kitchen,39.61
2024-09-09 18:00:00,2024-09-09,18,9,September,Monday,11.2,236.5,30.2,Factory Floor,95.2
2024-09-09 19:00:00,2024-09-09,19,9,September,Monday,11.66,234.3,39.1,AC Unit,99.11
2024-09-09 20:00:00,2024-09-09,20,9,September,Monday,10.95,232.7,24.2,Factory Floor,93.07
2024-09-09 21:00:00,2024-09-09,21,9,September,Monday,11.1,233.9,28.6,AC Unit,94.35
2024-09-09 22:00:00,2024-09-09,22,9,September,Monday,10.31,235.9,27.2,Office,87.64
2024-09-09 23:00:00,2024-09-09,23,9,September,Monday,4.27,224.3,25.9,Living Room,36.29
2024-09-10 00:00:00,2024-09-10,0,9,September,Tuesday,3.67,241.9,32.9,Living Room,31.2
2024-09-10 01:00:00,2024-09-10,1,9,September,Tuesday,2.8,229.1,39.5,Factory Floor,23.8
2024-09-10 02:00:00,2024-09-10,2,9,September,Tuesday,3.76,228.2,33.7,Living Room,31.96
2024-09-10 03:00:00,2024-09-10,3,9,September,Tuesday,2.81,239.9,20.8,Kitchen,23.89
2024-09-10 04:00:00,2024-09-10,4,9,September,Tuesday,3.21,227.1,24.8,Office,27.29
2024-09-10 05:00:00,2024-09-10,5,9,September,Tuesday,1.75,238.4,28.8,AC Unit,14.88
2024-09-10 06:00:00,2024-09-10,6,9,September,Tuesday,10.89,232.3,33.0,AC Unit,92.56
2024-09-10 07:00:00,2024-09-10,7,9,September,Tuesday,8.48,222.3,30.2,Kitchen,72.08
2024-09-10 08:00:00,2024-09-10,8,9,September,Tuesday,7.34,232.6,24.7,Office,62.39
2024-09-10 09:00:00,2024-09-10,9,9,September,Tuesday,9.6,221.1,21.7,Office,81.6
2024-09-10 10:00:00,2024-09-10,10,9,September,Tuesday,3.32,241.9,38.8,Office,28.22
2024-09-10 11:00:00,2024-09-10,11,9,September,Tuesday,4.16,225.2,39.2,Living Room,35.36
2024-09-10 12:00:00,2024-09-10,12,9,September,Tuesday,5.04,219.3,41.1,AC Unit,42.84
2024-09-10 13:00:00,2024-09-10,13,9,September,Tuesday,4.77,223.2,31.4,Factory Floor,40.54
2024-09-10 14:00:00,2024-09-10,14,9,September,Tuesday,5.0,228.7,24.5,Office,42.5
2024-09-10 15:00:00,2024-09-10,15,9,September,Tuesday,5.03,237.9,27.2,AC Unit,42.76
2024-09-10 16:00:00,2024-09-10,16,9,September,Tuesday,4.3,227.0,21.9,Kitchen,36.55
2024-09-10 17:00:00,2024-09-10,17,9,September,Tuesday,4.83,222.5,31.3,Kitchen,41.05
2024-09-10 18:00:00,2024-09-10,18,9,September,Tuesday,9.43,226.5,41.0,Office,80.16
2024-09-10 19:00:00,2024-09-10,19,9,September,Tuesday,10.48,229.2,29.2,Office,89.08
2024-09-10 20:00:00,2024-09-10,20,9,September,Tuesday,11.54,239.7,33.0,Kitchen,98.09
2024-09-10 21:00:00,2024-09-10,21,9,September,Tuesday,8.82,235.5,38.8,Office,74.97
2024-09-10 22:00:00,2024-09-10,22,9,September,Tuesday,9.66,228.9,22.3,AC Unit,82.11
2024-09-10 23:00:00,2024-09-10,23,9,September,Tuesday,3.74,225.1,32.2,Office,31.79
2024-09-11 00:00:00,2024-09-11,0,9,September,Wednesday,3.88,235.7,31.2,Kitchen,32.98
2024-09-11 01:00:00,2024-09-11,1,9,September,Wednesday,2.63,219.0,40.2,Living Room,22.36
2024-09-11 02:00:00,2024-09-11,2,9,September,Wednesday,3.85,226.7,37.2,Office,32.73
2024-09-11 03:00:00,2024-09-11,3,9,September,Wednesday,3.06,238.7,31.2,Living Room,26.01
2024-09-11 04:00:00,2024-09-11,4,9,September,Wednesday,2.87,233.9,29.8,AC Unit,24.39
2024-09-11 05:00:00,2024-09-11,5,9,September,Wednesday,3.69,229.9,30.8,AC Unit,31.36
2024-09-11 06:00:00,2024-09-11,6,9,September,Wednesday,8.37,235.0,22.8,Office,71.14
2024-09-11 07:00:00,2024-09-11,7,9,September,Wednesday,9.78,237.5,25.5,Office,83.13
2024-09-11 08:00:00,2024-09-11,8,9,September,Wednesday,7.98,235.1,39.2,AC Unit,67.83
2024-09-11 09:00:00,2024-09-11,9,9,September,Wednesday,9.2,231.7,36.2,Factory Floor,78.2
2024-09-11 10:00:00,2024-09-11,10,9,September,Wednesday,5.71,238.3,22.3,Factory Floor,48.53
2024-09-11 11:00:00,2024-09-11,11,9,September,Wednesday,3.94,226.2,29.3,Factory Floor,33.49
2024-09-11 12:00:00,2024-09-11,12,9,September,Wednesday,3.56,232.1,27.6,Living Room,30.26
2024-09-11 13:00:00,2024-09-11,13,9,September,Wednesday,5.64,228.3,25.8,Living Room,47.94
2024-09-11 14:00:00,2024-09-11,14,9,September,Wednesday,3.88,221.7,37.1,Kitchen,32.98
2024-09-11 15:00:00,2024-09-11,15,9,September,Wednesday,4.66,227.5,24.3,Living Room,39.61
2024-09-11 16:00:00,2024-09-11,16,9,September,Wednesday,5.7,240.8,35.3,Kitchen,48.45
2024-09-11 17:00:00,2024-09-11,17,9,September,Wednesday,4.05,240.3,38.0,Living Room,34.42
2024-09-11 18:00:00,2024-09-11,18,9,September,Wednesday,10.61,223.8,26.4,AC Unit,90.19
2024-09-11 19:00:00,2024-09-11,19,9,September,Wednesday,10.99,240.2,37.6,Living Room,93.42
2024-09-11 20:00:00,2024-09-11,20,9,September,Wednesday,10.78,223.2,28.2,Factory Floor,91.63
2024-09-11 21:00:00,2024-09-11,21,9,September,Wednesday,11.93,230.2,32.3,Office,101.41
2024-09-11 22:00:00,2024-09-11,22,9,September,Wednesday,9.43,235.9,22.0,Office,80.16
2024-09-11 23:00:00,2024-09-11,23,9,September,Wednesday,4.55,225.0,21.7,Living Room,38.67
2024-09-12 00:00:00,2024-09-12,0,9,September,Thursday,2.76,225.7,23.5,Office,23.46
2024-09-12 01:00:00,2024-09-12,1,9,September,Thursday,2.4,227.2,21.0,Office,20.4
2024-09-12 02:00:00,2024-09-12,2,9,September,Thursday,1.87,234.3,20.8,Office,15.9
2024-09-12 03:00:00,2024-09-12,3,9,September,Thursday,3.79,231.1,34.2,Living Room,32.22
2024-09-12 04:00:00,2024-09-12,4,9,September,Thursday,1.46,236.3,24.3,Living Room,12.41
2024-09-12 05:00:00,2024-09-12,5,9,September,Thursday,2.85,219.0,28.9,Living Room,24.23
2024-09-12 06:00:00,2024-09-12,6,9,September,Thursday,8.2,235.6,35.6,Office,69.7
2024-09-12 07:00:00,2024-09-12,7,9,September,Thursday,8.34,239.8,34.6,Kitchen,70.89
2024-09-12 08:00:00,2024-09-12,8,9,September,Thursday,9.42,240.6,41.9,Living Room,80.07
2024-09-12 09:00:00,2024-09-12,9,9,September,Thursday,9.44,224.8,40.7,Office,80.24
2024-09-12 10:00:00,2024-09-12,10,9,September,Thursday,3.95,236.6,29.5,Kitchen,33.58
2024-09-12 11:00:00,2024-09-12,11,9,September,Thursday,4.77,238.2,23.0,Living Room,40.54
2024-09-12 12:00:00,2024-09-12,12,9,September,Thursday,4.39,234.8,24.1,Kitchen,37.31
2024-09-12 13:00:00,2024-09-12,13,9,September,Thursday,4.89,225.0,26.1,Factory Floor,41.56
2024-09-12 14:00:00,2024-09-12,14,9,September,Thursday,4.46,224.2,34.3,Kitchen,37.91
2024-09-12 15:00:00,2024-09-12,15,9,September,Thursday,5.3,236.3,33.2,Factory Floor,45.05
2024-09-12 16:00:00,2024-09-12,16,9,September,Thursday,4.26,236.8,27.2,Living Room,36.21
2024-09-12 17:00:00,2024-09-12,17,9,September,Thursday,4.92,228.6,38.8,AC Unit,41.82
2024-09-12 18:00:00,2024-09-12,18,9,September,Thursday,10.16,228.7,21.9,AC Unit,86.36
2024-09-12 19:00:00,2024-09-12,19,9,September,Thursday,10.74,231.7,35.5,Kitchen,91.29
2024-09-12 20:00:00,2024-09-12,20,9,September,Thursday,8.83,227.7,34.4,Kitchen,75.06
2024-09-12 21:00:00,2024-09-12,21,9,September,Thursday,9.63,227.1,37.5,Living Room,81.86
2024-09-12 22:00:00,2024-09-12,22,9,September,Thursday,13.07,224.4,41.0,Factory Floor,111.09
2024-09-12 23:00:00,2024-09-12,23,9,September,Thursday,4.45,237.4,21.4,Living Room,37.83
2024-09-13 00:00:00,2024-09-13,0,9,September,Friday,3.25,231.8,37.4,Kitchen,27.62
2024-09-13 01:00:00,2024-09-13,1,9,September,Friday,3.61,233.5,25.9,Office,30.68
2024-09-13 02:00:00,2024-09-13,2,9,September,Friday,1.93,229.2,25.1,Office,16.41
2024-09-13 03:00:00,2024-09-13,3,9,September,Friday,1.72,235.1,24.5,Factory Floor,14.62
2024-09-13 04:00:00,2024-09-13,4,9,September,Friday,2.99,230.5,27.2,Office,25.42
2024-09-13 05:00:00,2024-09-13,5,9,September,Friday,4.4,225.9,28.5,AC Unit,37.4
2024-09-13 06:00:00,2024-09-13,6,9,September,Friday,9.33,237.7,40.2,AC Unit,79.31
2024-09-13 07:00:00,2024-09-13,7,9,September,Friday,9.78,234.2,21.2,AC Unit,83.13
2024-09-13 08:00:00,2024-09-13,8,9,September,Friday,8.84,227.5,36.5,Factory Floor,75.14
2024-09-13 09:00:00,2024-09-13,9,9,September,Friday,7.9,223.2,29.1,Kitchen,67.15
2024-09-13 10:00:00,2024-09-13,10,9,September,Friday,3.37,227.9,25.6,Factory Floor,28.64
2024-09-13 11:00:00,2024-09-13,11,9,September,Friday,4.59,237.2,23.9,Living Room,39.02
2024-09-13 12:00:00,2024-09-13,12,9,September,Friday,3.67,234.4,29.5,AC Unit,31.2
2024-09-13 13:00:00,2024-09-13,13,9,September,Friday,4.01,226.8,21.1,AC Unit,34.09
2024-09-13 14:00:00,2024-09-13,14,9,September,Friday,3.74,231.7,31.6,Living Room,31.79
2024-09-13 15:00:00,2024-09-13,15,9,September,Friday,5.02,233.1,25.2,AC Unit,42.67
2024-09-13 16:00:00,2024-09-13,16,9,September,Friday,5.31,219.2,21.9,AC Unit,45.13
2024-09-13 17:00:00,2024-09-13,17,9,September,Friday,5.89,238.0,35.6,Office,50.06
2024-09-13 18:00:00,2024-09-13,18,9,September,Friday,11.85,235.0,24.5,Factory Floor,100.72
2024-09-13 19:00:00,2024-09-13,19,9,September,Friday,11.12,224.7,24.6,Office,94.52
2024-09-13 20:00:00,2024-09-13,20,9,September,Friday,9.11,235.9,31.1,Living Room,77.44
2024-09-13 21:00:00,2024-09-13,21,9,September,Friday,10.97,221.6,33.3,Office,93.25
2024-09-13 22:00:00,2024-09-13,22,9,September,Friday,9.83,236.7,40.2,Office,83.56
2024-09-13 23:00:00,2024-09-13,23,9,September,Friday,5.07,232.8,20.5,Kitchen,43.09
2024-09-14 00:00:00,2024-09-14,0,9,September,Saturday,3.28,232.9,22.1,Living Room,27.88
2024-09-14 01:00:00,2024-09-14,1,9,September,Saturday,2.53,230.1,24.3,AC Unit,21.5
2024-09-14 02:00:00,2024-09-14,2,9,September,Saturday,1.55,235.6,36.3,AC Unit,13.18
2024-09-14 03:00:00,2024-09-14,3,9,September,Saturday,2.03,232.3,23.4,Kitchen,17.25
2024-09-14 04:00:00,2024-09-14,4,9,September,Saturday,3.45,226.1,40.6,Factory Floor,29.33
2024-09-14 05:00:00,2024-09-14,5,9,September,Saturday,4.13,238.0,21.0,Kitchen,35.1
2024-09-14 06:00:00,2024-09-14,6,9,September,Saturday,6.78,237.2,24.0,Factory Floor,57.63
2024-09-14 07:00:00,2024-09-14,7,9,September,Saturday,8.07,223.3,28.8,Factory Floor,68.59
2024-09-14 08:00:00,2024-09-14,8,9,September,Saturday,9.61,236.3,25.5,AC Unit,81.69
2024-09-14 09:00:00,2024-09-14,9,9,September,Saturday,7.75,221.3,21.2,Kitchen,65.88
2024-09-14 10:00:00,2024-09-14,10,9,September,Saturday,4.7,235.9,23.2,AC Unit,39.95
2024-09-14 11:00:00,2024-09-14,11,9,September,Saturday,3.23,241.0,39.9,Factory Floor,27.45
2024-09-14 12:00:00,2024-09-14,12,9,September,Saturday,4.14,231.9,27.0,Living Room,35.19
2024-09-14 13:00:00,2024-09-14,13,9,September,Saturday,5.52,220.0,31.5,Factory Floor,46.92
2024-09-14 14:00:00,2024-09-14,14,9,September,Saturday,4.6,222.9,24.0,Kitchen,39.1
2024-09-14 15:00:00,2024-09-14,15,9,September,Saturday,4.53,231.8,25.1,Kitchen,38.51
2024-09-14 16:00:00,2024-09-14,16,9,September,Saturday,3.9,224.5,26.2,Office,33.15
2024-09-14 17:00:00,2024-09-14,17,9,September,Saturday,5.37,238.9,29.2,Factory Floor,45.65
2024-09-14 18:00:00,2024-09-14,18,9,September,Saturday,12.65,222.5,38.9,Office,107.53
2024-09-14 19:00:00,2024-09-14,19,9,September,Saturday,8.38,234.4,29.1,Office,71.23
2024-09-14 20:00:00,2024-09-14,20,9,September,Saturday,12.08,235.7,32.6,Kitchen,102.68
2024-09-14 21:00:00,2024-09-14,21,9,September,Saturday,11.35,233.7,21.4,AC Unit,96.47
2024-09-14 22:00:00,2024-09-14,22,9,September,Saturday,9.56,219.2,24.9,AC Unit,81.26
2024-09-14 23:00:00,2024-09-14,23,9,September,Saturday,4.15,223.9,41.6,Kitchen,35.28
2024-09-15 00:00:00,2024-09-15,0,9,September,Sunday,1.73,236.5,35.4,Kitchen,14.71
2024-09-15 01:00:00,2024-09-15,1,9,September,Sunday,3.28,237.7,39.8,Living Room,27.88
2024-09-15 02:00:00,2024-09-15,2,9,September,Sunday,3.81,240.3,20.7,Kitchen,32.38
2024-09-15 03:00:00,2024-09-15,3,9,September,Sunday,3.66,235.9,29.7,Living Room,31.11
2024-09-15 04:00:00,2024-09-15,4,9,September,Sunday,2.56,232.9,32.1,Kitchen,21.76
2024-09-15 05:00:00,2024-09-15,5,9,September,Sunday,3.61,231.6,30.4,Factory Floor,30.68
2024-09-15 06:00:00,2024-09-15,6,9,September,Sunday,9.99,230.7,30.0,Office,84.92
2024-09-15 07:00:00,2024-09-15,7,9,September,Sunday,8.01,229.8,36.3,Office,68.08
2024-09-15 08:00:00,2024-09-15,8,9,September,Sunday,8.31,219.4,27.6,AC Unit,70.64
2024-09-15 09:00:00,2024-09-15,9,9,September,Sunday,10.63,232.6,32.1,Kitchen,90.36
2024-09-15 10:00:00,2024-09-15,10,9,September,Sunday,4.51,232.1,41.9,Factory Floor,38.34
2024-09-15 11:00:00,2024-09-15,11,9,September,Sunday,4.07,230.5,35.7,AC Unit,34.59
2024-09-15 12:00:00,2024-09-15,12,9,September,Sunday,4.49,226.4,35.8,AC Unit,38.16
2024-09-15 13:00:00,2024-09-15,13,9,September,Sunday,5.73,237.9,41.5,AC Unit,48.71
2024-09-15 14:00:00,2024-09-15,14,9,September,Sunday,5.07,226.8,20.5,Factory Floor,43.09
2024-09-15 15:00:00,2024-09-15,15,9,September,Sunday,5.7,238.8,20.1,AC Unit,48.45
2024-09-15 16:00:00,2024-09-15,16,9,September,Sunday,4.65,229.3,39.4,AC Unit,39.53
2024-09-15 17:00:00,2024-09-15,17,9,September,Sunday,4.5,235.3,29.9,Office,38.25
2024-09-15 18:00:00,2024-09-15,18,9,September,Sunday,9.99,221.1,40.5,Factory Floor,84.92
2024-09-15 19:00:00,2024-09-15,19,9,September,Sunday,11.85,231.5,31.3,Living Room,100.72
2024-09-15 20:00:00,2024-09-15,20,9,September,Sunday,10.62,240.5,24.8,Living Room,90.27
2024-09-15 21:00:00,2024-09-15,21,9,September,Sunday,9.76,231.7,37.9,Living Room,82.96
2024-09-15 22:00:00,2024-09-15,22,9,September,Sunday,10.58,241.9,31.0,Factory Floor,89.93
2024-09-15 23:00:00,2024-09-15,23,9,September,Sunday,4.86,226.3,38.6,Office,41.31
2024-09-16 00:00:00,2024-09-16,0,9,September,Monday,4.04,236.8,21.9,Office,34.34
2024-09-16 01:00:00,2024-09-16,1,9,September,Monday,3.44,239.1,22.2,Office,29.24
2024-09-16 02:00:00,2024-09-16,2,9,September,Monday,3.73,232.4,28.8,Factory Floor,31.7
2024-09-16 03:00:00,2024-09-16,3,9,September,Monday,3.16,225.6,33.1,Factory Floor,26.86
2024-09-16 04:00:00,2024-09-16,4,9,September,Monday,2.54,232.2,23.7,Living Room,21.59
2024-09-16 05:00:00,2024-09-16,5,9,September,Monday,4.12,241.3,28.1,Kitchen,35.02
2024-09-16 06:00:00,2024-09-16,6,9,September,Monday,10.59,235.7,30.1,AC Unit,90.02
2024-09-16 07:00:00,2024-09-16,7,9,September,Monday,10.37,226.4,21.1,AC Unit,88.14
2024-09-16 08:00:00,2024-09-16,8,9,September,Monday,7.52,237.5,31.5,Factory Floor,63.92
2024-09-16 09:00:00,2024-09-16,9,9,September,Monday,8.2,235.5,30.8,Factory Floor,69.7
2024-09-16 10:00:00,2024-09-16,10,9,September,Monday,3.97,241.5,31.0,Office,33.75
2024-09-16 11:00:00,2024-09-16,11,9,September,Monday,4.34,232.7,33.7,AC Unit,36.89
2024-09-16 12:00:00,2024-09-16,12,9,September,Monday,4.62,230.9,28.2,Office,39.27
2024-09-16 13:00:00,2024-09-16,13,9,September,Monday,4.63,221.0,27.7,Living Room,39.35
2024-09-16 14:00:00,2024-09-16,14,9,September,Monday,5.3,219.5,28.4,AC Unit,45.05
2024-09-16 15:00:00,2024-09-16,15,9,September,Monday,4.43,221.6,37.8,Living Room,37.66
2024-09-16 16:00:00,2024-09-16,16,9,September,Monday,4.72,241.1,32.7,Kitchen,40.12
2024-09-16 17:00:00,2024-09-16,17,9,September,Monday,4.42,223.1,21.7,Office,37.57
2024-09-16 18:00:00,2024-09-16,18,9,September,Monday,9.67,227.4,22.9,Factory Floor,82.19
2024-09-16 19:00:00,2024-09-16,19,9,September,Monday,9.81,222.3,35.2,Living Room,83.39
2024-09-16 20:00:00,2024-09-16,20,9,September,Monday,9.67,240.9,25.6,Office,82.19
2024-09-16 21:00:00,2024-09-16,21,9,September,Monday,8.03,232.2,34.6,Kitchen,68.25
2024-09-16 22:00:00,2024-09-16,22,9,September,Monday,9.35,231.7,23.6,Kitchen,79.47
2024-09-16 23:00:00,2024-09-16,23,9,September,Monday,3.5,228.6,30.1,Factory Floor,29.75
2024-09-17 00:00:00,2024-09-17,0,9,September,Tuesday,4.32,231.6,26.1,Factory Floor,36.72
2024-09-17 01:00:00,2024-09-17,1,9,September,Tuesday,3.79,225.6,41.2,Factory Floor,32.22
2024-09-17 02:00:00,2024-09-17,2,9,September,Tuesday,3.4,229.0,24.5,Kitchen,28.9
2024-09-17 03:00:00,2024-09-17,3,9,September,Tuesday,2.39,223.0,25.4,Living Room,20.32
2024-09-17 04:00:00,2024-09-17,4,9,September,Tuesday,2.94,238.6,23.1,Factory Floor,24.99
2024-09-17 05:00:00,2024-09-17,5,9,September,Tuesday,3.6,235.6,24.1,Office,30.6
2024-09-17 06:00:00,2024-09-17,6,9,September,Tuesday,9.5,241.8,24.1,Office,80.75
2024-09-17 07:00:00,2024-09-17,7,9,September,Tuesday,7.27,230.9,39.6,Factory Floor,61.79
2024-09-17 08:00:00,2024-09-17,8,9,September,Tuesday,11.08,225.8,28.8,AC Unit,94.18
2024-09-17 09:00:00,2024-09-17,9,9,September,Tuesday,9.17,224.5,37.6,Living Room,77.94
2024-09-17 10:00:00,2024-09-17,10,9,September,Tuesday,4.64,225.2,38.9,Office,39.44
2024-09-17 11:00:00,2024-09-17,11,9,September,Tuesday,4.57,226.4,38.5,Kitchen,38.84
2024-09-17 12:00:00,2024-09-17,12,9,September,Tuesday,4.19,220.6,31.5,Living Room,35.62
2024-09-17 13:00:00,2024-09-17,13,9,September,Tuesday,4.89,232.8,33.4,Office,41.56
2024-09-17 14:00:00,2024-09-17,14,9,September,Tuesday,4.5,221.7,38.6,Office,38.25
2024-09-17 15:00:00,2024-09-17,15,9,September,Tuesday,3.94,240.9,24.6,AC Unit,33.49
2024-09-17 16:00:00,2024-09-17,16,9,September,Tuesday,5.48,219.9,22.0,Factory Floor,46.58
2024-09-17 17:00:00,2024-09-17,17,9,September,Tuesday,3.26,229.0,28.7,Living Room,27.71
2024-09-17 18:00:00,2024-09-17,18,9,September,Tuesday,12.44,240.4,35.1,Factory Floor,105.74
2024-09-17 19:00:00,2024-09-17,19,9,September,Tuesday,9.75,225.8,29.2,Kitchen,82.88
2024-09-17 20:00:00,2024-09-17,20,9,September,Tuesday,7.49,223.5,35.6,Factory Floor,63.66
2024-09-17 21:00:00,2024-09-17,21,9,September,Tuesday,11.03,224.0,26.3,Factory Floor,93.75
2024-09-17 22:00:00,2024-09-17,22,9,September,Tuesday,10.96,234.0,25.0,Factory Floor,93.16
2024-09-17 23:00:00,2024-09-17,23,9,September,Tuesday,3.83,240.8,33.7,AC Unit,32.55
2024-09-18 00:00:00,2024-09-18,0,9,September,Wednesday,2.37,235.3,21.1,Living Room,20.14
2024-09-18 01:00:00,2024-09-18,1,9,September,Wednesday,2.27,238.5,21.7,Factory Floor,19.3
2024-09-18 02:00:00,2024-09-18,2,9,September,Wednesday,3.08,222.6,22.9,AC Unit,26.18
2024-09-18 03:00:00,2024-09-18,3,9,September,Wednesday,3.58,218.0,23.8,AC Unit,30.43
2024-09-18 04:00:00,2024-09-18,4,9,September,Wednesday,2.74,227.2,20.9,Office,23.29
2024-09-18 05:00:00,2024-09-18,5,9,September,Wednesday,3.0,230.7,41.0,AC Unit,25.5
2024-09-18 06:00:00,2024-09-18,6,9,September,Wednesday,7.87,228.4,27.9,Living Room,66.89
2024-09-18 07:00:00,2024-09-18,7,9,September,Wednesday,8.04,237.2,21.5,Factory Floor,68.34
2024-09-18 08:00:00,2024-09-18,8,9,September,Wednesday,10.4,228.5,33.5,AC Unit,88.4
2024-09-18 09:00:00,2024-09-18,9,9,September,Wednesday,9.84,234.9,23.9,AC Unit,83.64
2024-09-18 10:00:00,2024-09-18,10,9,September,Wednesday,4.36,237.5,39.0,Living Room,37.06
2024-09-18 11:00:00,2024-09-18,11,9,September,Wednesday,4.46,232.0,33.4,Office,37.91
2024-09-18 12:00:00,2024-09-18,12,9,September,Wednesday,3.34,218.2,21.8,Office,28.39
2024-09-18 13:00:00,2024-09-18,13,9,September,Wednesday,5.62,227.5,32.7,Kitchen,47.77
2024-09-18 14:00:00,2024-09-18,14,9,September,Wednesday,4.45,222.0,27.1,Living Room,37.83
2024-09-18 15:00:00,2024-09-18,15,9,September,Wednesday,5.64,237.7,20.7,Factory Floor,47.94
2024-09-18 16:00:00,2024-09-18,16,9,September,Wednesday,3.65,219.2,39.8,AC Unit,31.02
2024-09-18 17:00:00,2024-09-18,17,9,September,Wednesday,4.84,241.5,31.3,Office,41.14
2024-09-18 18:00:00,2024-09-18,18,9,September,Wednesday,9.59,219.8,31.9,Factory Floor,81.52
2024-09-18 19:00:00,2024-09-18,19,9,September,Wednesday,9.47,233.9,30.1,AC Unit,80.5
2024-09-18 20:00:00,2024-09-18,20,9,September,Wednesday,13.61,225.5,26.0,Office,115.69
2024-09-18 21:00:00,2024-09-18,21,9,September,Wednesday,9.63,237.1,35.8,Office,81.86
2024-09-18 22:00:00,2024-09-18,22,9,September,Wednesday,11.5,219.5,26.9,Kitchen,97.75
2024-09-18 23:00:00,2024-09-18,23,9,September,Wednesday,3.79,237.9,31.7,Kitchen,32.22
2024-09-19 00:00:00,2024-09-19,0,9,September,Thursday,1.77,224.0,35.7,Living Room,15.04
2024-09-19 01:00:00,2024-09-19,1,9,September,Thursday,2.29,235.6,25.5,Kitchen,19.46
2024-09-19 02:00:00,2024-09-19,2,9,September,Thursday,2.09,223.8,37.2,Living Room,17.77
2024-09-19 03:00:00,2024-09-19,3,9,September,Thursday,2.57,241.2,39.4,Kitchen,21.84
2024-09-19 04:00:00,2024-09-19,4,9,September,Thursday,3.41,237.5,30.4,Living Room,28.98
2024-09-19 05:00:00,2024-09-19,5,9,September,Thursday,2.88,222.7,41.8,Office,24.48
2024-09-19 06:00:00,2024-09-19,6,9,September,Thursday,9.95,239.6,35.6,Factory Floor,84.57
2024-09-19 07:00:00,2024-09-19,7,9,September,Thursday,9.55,239.5,31.0,Kitchen,81.18
2024-09-19 08:00:00,2024-09-19,8,9,September,Thursday,7.46,237.0,38.5,Living Room,63.41
2024-09-19 09:00:00,2024-09-19,9,9,September,Thursday,8.43,239.2,28.1,Living Room,71.66
2024-09-19 10:00:00,2024-09-19,10,9,September,Thursday,3.71,237.3,33.2,Factory Floor,31.54
2024-09-19 11:00:00,2024-09-19,11,9,September,Thursday,5.08,237.2,37.7,Kitchen,43.18
2024-09-19 12:00:00,2024-09-19,12,9,September,Thursday,3.87,226.3,39.5,Factory Floor,32.9
2024-09-19 13:00:00,2024-09-19,13,9,September,Thursday,5.16,230.8,34.8,Office,43.86
2024-09-19 14:00:00,2024-09-19,14,9,September,Thursday,4.35,228.4,35.9,Kitchen,36.97
2024-09-19 15:00:00,2024-09-19,15,9,September,Thursday,4.48,222.4,32.2,Living Room,38.08
2024-09-19 16:00:00,2024-09-19,16,9,September,Thursday,4.78,240.3,32.7,Factory Floor,40.63
2024-09-19 17:00:00,2024-09-19,17,9,September,Thursday,5.27,233.0,37.1,Factory Floor,44.79
2024-09-19 18:00:00,2024-09-19,18,9,September,Thursday,10.07,239.2,36.2,Living Room,85.59
2024-09-19 19:00:00,2024-09-19,19,9,September,Thursday,9.63,239.7,30.0,Kitchen,81.86
2024-09-19 20:00:00,2024-09-19,20,9,September,Thursday,8.91,223.6,38.1,Factory Floor,75.73
2024-09-19 21:00:00,2024-09-19,21,9,September,Thursday,11.59,233.6,27.0,AC Unit,98.52
2024-09-19 22:00:00,2024-09-19,22,9,September,Thursday,11.61,237.6,41.6,Living Room,98.69
2024-09-19 23:00:00,2024-09-19,23,9,September,Thursday,4.37,235.4,32.1,AC Unit,37.15
2024-09-20 00:00:00,2024-09-20,0,9,September,Friday,3.36,237.0,28.8,AC Unit,28.56
2024-09-20 01:00:00,2024-09-20,1,9,September,Friday,3.26,228.0,36.9,Kitchen,27.71
2024-09-20 02:00:00,2024-09-20,2,9,September,Friday,1.8,231.9,21.6,AC Unit,15.3
2024-09-20 03:00:00,2024-09-20,3,9,September,Friday,3.21,222.1,39.8,Office,27.29
2024-09-20 04:00:00,2024-09-20,4,9,September,Friday,2.69,237.8,35.6,AC Unit,22.86
2024-09-20 05:00:00,2024-09-20,5,9,September,Friday,2.19,227.9,34.5,AC Unit,18.61
2024-09-20 06:00:00,2024-09-20,6,9,September,Friday,8.75,220.4,33.1,Factory Floor,74.38
2024-09-20 07:00:00,2024-09-20,7,9,September,Friday,7.37,238.7,40.5,Kitchen,62.65
2024-09-20 08:00:00,2024-09-20,8,9,September,Friday,8.52,240.6,27.4,Living Room,72.42
2024-09-20 09:00:00,2024-09-20,9,9,September,Friday,8.23,240.1,23.1,Kitchen,69.95
2024-09-20 10:00:00,2024-09-20,10,9,September,Friday,3.94,234.8,38.6,Factory Floor,33.49
2024-09-20 11:00:00,2024-09-20,11,9,September,Friday,5.69,241.8,24.4,Kitchen,48.37
2024-09-20 12:00:00,2024-09-20,12,9,September,Friday,4.26,220.7,31.4,Factory Floor,36.21
2024-09-20 13:00:00,2024-09-20,13,9,September,Friday,3.92,230.6,33.7,Office,33.32
2024-09-20 14:00:00,2024-09-20,14,9,September,Friday,4.85,238.7,34.8,AC Unit,41.22
2024-09-20 15:00:00,2024-09-20,15,9,September,Friday,5.71,220.9,39.9,Factory Floor,48.53
2024-09-20 16:00:00,2024-09-20,16,9,September,Friday,5.45,228.2,36.7,Factory Floor,46.33
2024-09-20 17:00:00,2024-09-20,17,9,September,Friday,5.0,220.1,33.3,Kitchen,42.5
2024-09-20 18:00:00,2024-09-20,18,9,September,Friday,10.83,241.9,31.1,Kitchen,92.06
2024-09-20 19:00:00,2024-09-20,19,9,September,Friday,11.44,236.4,37.2,Office,97.24
2024-09-20 20:00:00,2024-09-20,20,9,September,Friday,11.93,223.6,40.4,Living Room,101.41
2024-09-20 21:00:00,2024-09-20,21,9,September,Friday,9.78,225.1,40.9,Living Room,83.13
2024-09-20 22:00:00,2024-09-20,22,9,September,Friday,11.67,230.0,26.7,AC Unit,99.19
2024-09-20 23:00:00,2024-09-20,23,9,September,Friday,3.13,219.1,31.4,Factory Floor,26.61
2024-09-21 00:00:00,2024-09-21,0,9,September,Saturday,3.68,228.7,37.4,Kitchen,31.28
2024-09-21 01:00:00,2024-09-21,1,9,September,Saturday,2.51,231.8,39.0,Living Room,21.33
2024-09-21 02:00:00,2024-09-21,2,9,September,Saturday,2.07,222.5,26.9,Factory Floor,17.59
2024-09-21 03:00:00,2024-09-21,3,9,September,Saturday,3.5,221.1,21.0,AC Unit,29.75
2024-09-21 04:00:00,2024-09-21,4,9,September,Saturday,2.04,238.2,20.0,Living Room,17.34
2024-09-21 05:00:00,2024-09-21,5,9,September,Saturday,1.71,226.1,27.3,Factory Floor,14.54
2024-09-21 06:00:00,2024-09-21,6,9,September,Saturday,8.7,236.2,42.0,Kitchen,73.95
2024-09-21 07:00:00,2024-09-21,7,9,September,Saturday,9.59,236.1,41.9,Factory Floor,81.52
2024-09-21 08:00:00,2024-09-21,8,9,September,Saturday,6.94,236.7,35.6,Office,58.99
2024-09-21 09:00:00,2024-09-21,9,9,September,Saturday,10.37,229.9,32.2,Factory Floor,88.14
2024-09-21 10:00:00,2024-09-21,10,9,September,Saturday,4.46,228.5,28.2,Living Room,37.91
2024-09-21 11:00:00,2024-09-21,11,9,September,Saturday,3.92,233.8,22.8,Kitchen,33.32
2024-09-21 12:00:00,2024-09-21,12,9,September,Saturday,4.3,241.3,24.9,Factory Floor,36.55
2024-09-21 13:00:00,2024-09-21,13,9,September,Saturday,5.09,219.0,31.1,Kitchen,43.27
2024-09-21 14:00:00,2024-09-21,14,9,September,Saturday,3.44,232.1,27.0,Office,29.24
2024-09-21 15:00:00,2024-09-21,15,9,September,Saturday,4.33,237.9,34.2,Factory Floor,36.8
2024-09-21 16:00:00,2024-09-21,16,9,September,Saturday,4.88,220.7,32.2,Living Room,41.48
2024-09-21 17:00:00,2024-09-21,17,9,September,Saturday,4.97,233.8,37.1,Living Room,42.24
2024-09-21 18:00:00,2024-09-21,18,9,September,Saturday,9.37,239.0,37.7,Office,79.64
2024-09-21 19:00:00,2024-09-21,19,9,September,Saturday,9.28,236.4,31.9,AC Unit,78.88
2024-09-21 20:00:00,2024-09-21,20,9,September,Saturday,8.88,226.7,26.1,AC Unit,75.48
2024-09-21 21:00:00,2024-09-21,21,9,September,Saturday,11.52,228.8,34.8,AC Unit,97.92
2024-09-21 22:00:00,2024-09-21,22,9,September,Saturday,10.12,225.5,29.3,Factory Floor,86.02
2024-09-21 23:00:00,2024-09-21,23,9,September,Saturday,3.99,235.7,41.2,Living Room,33.91
2024-09-22 00:00:00,2024-09-22,0,9,September,Sunday,2.19,224.7,21.2,AC Unit,18.61
2024-09-22 01:00:00,2024-09-22,1,9,September,Sunday,3.66,236.1,34.8,AC Unit,31.11
2024-09-22 02:00:00,2024-09-22,2,9,September,Sunday,3.27,236.2,40.2,Office,27.8
2024-09-22 03:00:00,2024-09-22,3,9,September,Sunday,2.93,230.1,31.6,Office,24.91
2024-09-22 04:00:00,2024-09-22,4,9,September,Sunday,2.12,235.5,41.4,Living Room,18.02
2024-09-22 05:00:00,2024-09-22,5,9,September,Sunday,1.34,236.7,34.9,Living Room,11.39
2024-09-22 06:00:00,2024-09-22,6,9,September,Sunday,9.58,225.4,36.7,Living Room,81.43
2024-09-22 07:00:00,2024-09-22,7,9,September,Sunday,10.82,220.5,29.8,Factory Floor,91.97
2024-09-22 08:00:00,2024-09-22,8,9,September,Sunday,8.59,220.3,39.5,AC Unit,73.02
2024-09-22 09:00:00,2024-09-22,9,9,September,Sunday,8.56,228.0,40.9,Kitchen,72.76
2024-09-22 10:00:00,2024-09-22,10,9,September,Sunday,5.05,225.0,38.1,Factory Floor,42.92
2024-09-22 11:00:00,2024-09-22,11,9,September,Sunday,3.38,231.2,30.3,Living Room,28.73
2024-09-22 12:00:00,2024-09-22,12,9,September,Sunday,5.59,230.0,30.3,Living Room,47.52
2024-09-22 13:00:00,2024-09-22,13,9,September,Sunday,3.62,229.1,21.0,AC Unit,30.77
2024-09-22 14:00:00,2024-09-22,14,9,September,Sunday,4.54,236.1,30.2,Kitchen,38.59
2024-09-22 15:00:00,2024-09-22,15,9,September,Sunday,3.99,228.2,31.7,Office,33.91
2024-09-22 16:00:00,2024-09-22,16,9,September,Sunday,5.41,224.2,37.8,Living Room,45.98
2024-09-22 17:00:00,2024-09-22,17,9,September,Sunday,5.15,219.4,37.6,Kitchen,43.78
2024-09-22 18:00:00,2024-09-22,18,9,September,Sunday,9.72,233.0,39.3,Office,82.62
2024-09-22 19:00:00,2024-09-22,19,9,September,Sunday,12.14,238.2,23.5,Factory Floor,103.19
2024-09-22 20:00:00,2024-09-22,20,9,September,Sunday,8.92,240.3,35.0,Living Room,75.82
2024-09-22 21:00:00,2024-09-22,21,9,September,Sunday,9.2,223.9,25.4,AC Unit,78.2
2024-09-22 22:00:00,2024-09-22,22,9,September,Sunday,12.88,220.3,37.3,Kitchen,109.48
2024-09-22 23:00:00,2024-09-22,23,9,September,Sunday,4.52,239.5,30.4,Living Room,38.42
2024-09-23 00:00:00,2024-09-23,0,9,September,Monday,3.0,224.5,36.0,Kitchen,25.5
2024-09-23 01:00:00,2024-09-23,1,9,September,Monday,3.09,225.1,41.4,AC Unit,26.27
2024-09-23 02:00:00,2024-09-23,2,9,September,Monday,2.16,233.6,23.4,Living Room,18.36
2024-09-23 03:00:00,2024-09-23,3,9,September,Monday,2.71,219.6,33.0,Living Room,23.04
2024-09-23 04:00:00,2024-09-23,4,9,September,Monday,1.43,220.5,36.2,Office,12.15
2024-09-23 05:00:00,2024-09-23,5,9,September,Monday,3.72,221.1,21.7,AC Unit,31.62
2024-09-23 06:00:00,2024-09-23,6,9,September,Monday,8.51,240.3,34.4,Kitchen,72.33
2024-09-23 07:00:00,2024-09-23,7,9,September,Monday,9.18,224.4,23.0,Factory Floor,78.03
2024-09-23 08:00:00,2024-09-23,8,9,September,Monday,8.13,234.5,34.7,Office,69.11
2024-09-23 09:00:00,2024-09-23,9,9,September,Monday,9.2,221.4,37.4,Living Room,78.2
2024-09-23 10:00:00,2024-09-23,10,9,September,Monday,4.92,225.9,24.6,AC Unit,41.82
2024-09-23 11:00:00,2024-09-23,11,9,September,Monday,4.22,230.7,35.8,Office,35.87
2024-09-23 12:00:00,2024-09-23,12,9,September,Monday,4.27,224.5,33.5,AC Unit,36.29
2024-09-23 13:00:00,2024-09-23,13,9,September,Monday,5.12,222.6,24.3,Office,43.52
2024-09-23 14:00:00,2024-09-23,14,9,September,Monday,3.97,226.3,21.2,Kitchen,33.75
2024-09-23 15:00:00,2024-09-23,15,9,September,Monday,5.63,233.1,39.3,Kitchen,47.85
2024-09-23 16:00:00,2024-09-23,16,9,September,Monday,4.05,218.7,37.7,AC Unit,34.42
2024-09-23 17:00:00,2024-09-23,17,9,September,Monday,3.59,234.0,21.9,Factory Floor,30.52
2024-09-23 18:00:00,2024-09-23,18,9,September,Monday,11.74,237.7,40.1,AC Unit,99.79
2024-09-23 19:00:00,2024-09-23,19,9,September,Monday,9.6,229.7,25.6,AC Unit,81.6
2024-09-23 20:00:00,2024-09-23,20,9,September,Monday,10.38,218.8,29.4,Living Room,88.23
2024-09-23 21:00:00,2024-09-23,21,9,September,Monday,7.78,239.0,40.3,Factory Floor,66.13
2024-09-23 22:00:00,2024-09-23,22,9,September,Monday,10.02,234.1,28.0,AC Unit,85.17
2024-09-23 23:00:00,2024-09-23,23,9,September,Monday,5.1,232.2,37.3,Office,43.35
2024-09-24 00:00:00,2024-09-24,0,9,September,Tuesday,3.24,237.3,20.5,Living Room,27.54
2024-09-24 01:00:00,2024-09-24,1,9,September,Tuesday,2.75,218.6,23.5,AC Unit,23.38
2024-09-24 02:00:00,2024-09-24,2,9,September,Tuesday,4.43,232.5,21.0,Factory Floor,37.66
2024-09-24 03:00:00,2024-09-24,3,9,September,Tuesday,4.22,241.7,24.9,AC Unit,35.87
2024-09-24 04:00:00,2024-09-24,4,9,September,Tuesday,2.56,240.9,27.9,Living Room,21.76
2024-09-24 05:00:00,2024-09-24,5,9,September,Tuesday,2.01,227.5,21.2,Kitchen,17.08
2024-09-24 06:00:00,2024-09-24,6,9,September,Tuesday,8.64,234.3,35.2,Office,73.44
2024-09-24 07:00:00,2024-09-24,7,9,September,Tuesday,8.84,240.4,25.7,AC Unit,75.14
2024-09-24 08:00:00,2024-09-24,8,9,September,Tuesday,10.31,221.7,40.3,Factory Floor,87.64
2024-09-24 09:00:00,2024-09-24,9,9,September,Tuesday,8.57,224.4,29.1,AC Unit,72.84
2024-09-24 10:00:00,2024-09-24,10,9,September,Tuesday,4.47,232.5,36.5,AC Unit,37.99
2024-09-24 11:00:00,2024-09-24,11,9,September,Tuesday,4.78,229.0,31.2,Living Room,40.63
2024-09-24 12:00:00,2024-09-24,12,9,September,Tuesday,4.07,235.4,30.8,AC Unit,34.59
2024-09-24 13:00:00,2024-09-24,13,9,September,Tuesday,5.23,237.2,29.7,Living Room,44.46
2024-09-24 14:00:00,2024-09-24,14,9,September,Tuesday,4.19,221.5,35.0,Living Room,35.62
2024-09-24 15:00:00,2024-09-24,15,9,September,Tuesday,3.92,223.0,39.0,Kitchen,33.32
2024-09-24 16:00:00,2024-09-24,16,9,September,Tuesday,4.05,227.8,37.9,Living Room,34.42
2024-09-24 17:00:00,2024-09-24,17,9,September,Tuesday,4.81,219.0,36.0,Factory Floor,40.88
2024-09-24 18:00:00,2024-09-24,18,9,September,Tuesday,9.16,231.3,25.1,Living Room,77.86
2024-09-24 19:00:00,2024-09-24,19,9,September,Tuesday,13.11,240.5,35.6,Kitchen,111.44
2024-09-24 20:00:00,2024-09-24,20,9,September,Tuesday,10.37,236.6,26.4,AC Unit,88.14
2024-09-24 21:00:00,2024-09-24,21,9,September,Tuesday,10.64,230.6,35.8,Kitchen,90.44
2024-09-24 22:00:00,2024-09-24,22,9,September,Tuesday,11.05,229.6,26.0,Kitchen,93.93
2024-09-24 23:00:00,2024-09-24,23,9,September,Tuesday,4.57,224.4,40.0,Kitchen,38.84
2024-09-25 00:00:00,2024-09-25,0,9,September,Wednesday,3.63,235.6,22.9,Factory Floor,30.86
2024-09-25 01:00:00,2024-09-25,1,9,September,Wednesday,2.33,235.9,24.1,AC Unit,19.8
2024-09-25 02:00:00,2024-09-25,2,9,September,Wednesday,2.28,229.8,36.6,Living Room,19.38
2024-09-25 03:00:00,2024-09-25,3,9,September,Wednesday,4.16,240.9,35.3,Factory Floor,35.36
2024-09-25 04:00:00,2024-09-25,4,9,September,Wednesday,2.97,241.3,40.4,AC Unit,25.25
2024-09-25 05:00:00,2024-09-25,5,9,September,Wednesday,3.14,226.6,25.5,Living Room,26.69
2024-09-25 06:00:00,2024-09-25,6,9,September,Wednesday,7.64,222.7,32.2,Kitchen,64.94
2024-09-25 07:00:00,2024-09-25,7,9,September,Wednesday,8.7,219.2,33.7,Kitchen,73.95
2024-09-25 08:00:00,2024-09-25,8,9,September,Wednesday,10.01,220.5,22.9,Factory Floor,85.08
2024-09-25 09:00:00,2024-09-25,9,9,September,Wednesday,11.02,220.1,26.8,AC Unit,93.67
2024-09-25 10:00:00,2024-09-25,10,9,September,Wednesday,4.08,221.8,35.2,AC Unit,34.68
2024-09-25 11:00:00,2024-09-25,11,9,September,Wednesday,5.04,234.7,31.6,Factory Floor,42.84
2024-09-25 12:00:00,2024-09-25,12,9,September,Wednesday,4.11,232.6,30.4,Kitchen,34.94
2024-09-25 13:00:00,2024-09-25,13,9,September,Wednesday,3.71,229.5,39.2,Living Room,31.54
2024-09-25 14:00:00,2024-09-25,14,9,September,Wednesday,4.89,241.4,27.6,Kitchen,41.56
2024-09-25 15:00:00,2024-09-25,15,9,September,Wednesday,4.84,225.8,29.1,Living Room,41.14
2024-09-25 16:00:00,2024-09-25,16,9,September,Wednesday,3.47,237.5,37.8,Office,29.5
2024-09-25 17:00:00,2024-09-25,17,9,September,Wednesday,4.5,226.4,30.1,Factory Floor,38.25
2024-09-25 18:00:00,2024-09-25,18,9,September,Wednesday,10.38,218.3,40.6,Office,88.23
2024-09-25 19:00:00,2024-09-25,19,9,September,Wednesday,11.61,239.3,26.2,Living Room,98.69
2024-09-25 20:00:00,2024-09-25,20,9,September,Wednesday,9.84,235.6,22.7,Kitchen,83.64
2024-09-25 21:00:00,2024-09-25,21,9,September,Wednesday,11.34,231.1,30.9,AC Unit,96.39
2024-09-25 22:00:00,2024-09-25,22,9,September,Wednesday,10.95,234.4,27.4,Living Room,93.07
2024-09-25 23:00:00,2024-09-25,23,9,September,Wednesday,4.75,220.3,27.4,AC Unit,40.38
2024-09-26 00:00:00,2024-09-26,0,9,September,Thursday,3.37,224.0,29.1,AC Unit,28.64
2024-09-26 01:00:00,2024-09-26,1,9,September,Thursday,1.76,228.3,27.5,Office,14.96
2024-09-26 02:00:00,2024-09-26,2,9,September,Thursday,2.35,218.9,37.5,Kitchen,19.98
2024-09-26 03:00:00,2024-09-26,3,9,September,Thursday,2.55,239.9,35.0,AC Unit,21.67
2024-09-26 04:00:00,2024-09-26,4,9,September,Thursday,1.87,227.3,34.6,AC Unit,15.9
2024-09-26 05:00:00,2024-09-26,5,9,September,Thursday,2.37,224.9,29.4,Factory Floor,20.14
2024-09-26 06:00:00,2024-09-26,6,9,September,Thursday,9.73,239.5,32.3,Factory Floor,82.7
2024-09-26 07:00:00,2024-09-26,7,9,September,Thursday,10.03,234.7,38.4,AC Unit,85.25
2024-09-26 08:00:00,2024-09-26,8,9,September,Thursday,9.11,241.0,21.9,Factory Floor,77.44
2024-09-26 09:00:00,2024-09-26,9,9,September,Thursday,10.27,221.6,29.4,Living Room,87.3
2024-09-26 10:00:00,2024-09-26,10,9,September,Thursday,4.63,233.7,29.9,Office,39.35
2024-09-26 11:00:00,2024-09-26,11,9,September,Thursday,5.0,229.3,21.6,Kitchen,42.5
2024-09-26 12:00:00,2024-09-26,12,9,September,Thursday,3.77,238.2,29.5,AC Unit,32.05
2024-09-26 13:00:00,2024-09-26,13,9,September,Thursday,4.38,230.5,23.2,AC Unit,37.23
2024-09-26 14:00:00,2024-09-26,14,9,September,Thursday,5.95,228.5,20.3,Factory Floor,50.58
2024-09-26 15:00:00,2024-09-26,15,9,September,Thursday,3.04,233.1,24.4,AC Unit,25.84
2024-09-26 16:00:00,2024-09-26,16,9,September,Thursday,3.65,228.7,28.7,Office,31.02
2024-09-26 17:00:00,2024-09-26,17,9,September,Thursday,3.79,234.7,33.0,Living Room,32.22
2024-09-26 18:00:00,2024-09-26,18,9,September,Thursday,12.82,223.3,41.3,Kitchen,108.97
2024-09-26 19:00:00,2024-09-26,19,9,September,Thursday,9.64,229.9,23.1,Factory Floor,81.94
2024-09-26 20:00:00,2024-09-26,20,9,September,Thursday,13.53,221.7,25.5,Living Room,115.0
2024-09-26 21:00:00,2024-09-26,21,9,September,Thursday,10.55,238.7,27.7,Office,89.68
2024-09-26 22:00:00,2024-09-26,22,9,September,Thursday,8.63,222.4,37.1,Factory Floor,73.36
2024-09-26 23:00:00,2024-09-26,23,9,September,Thursday,3.62,236.8,38.8,AC Unit,30.77
2024-09-27 00:00:00,2024-09-27,0,9,September,Friday,2.92,233.7,21.0,Kitchen,24.82
2024-09-27 01:00:00,2024-09-27,1,9,September,Friday,4.04,237.7,41.5,Factory Floor,34.34
2024-09-27 02:00:00,2024-09-27,2,9,September,Friday,2.63,225.8,36.1,Office,22.36
2024-09-27 03:00:00,2024-09-27,3,9,September,Friday,4.12,238.6,39.0,Factory Floor,35.02
2024-09-27 04:00:00,2024-09-27,4,9,September,Friday,1.74,219.0,21.0,Factory Floor,14.79
2024-09-27 05:00:00,2024-09-27,5,9,September,Friday,3.31,236.9,25.4,Factory Floor,28.14
2024-09-27 06:00:00,2024-09-27,6,9,September,Friday,6.47,232.2,36.1,Factory Floor,54.99
2024-09-27 07:00:00,2024-09-27,7,9,September,Friday,11.04,227.3,29.6,Factory Floor,93.84
2024-09-27 08:00:00,2024-09-27,8,9,September,Friday,8.99,222.5,21.7,AC Unit,76.42
2024-09-27 09:00:00,2024-09-27,9,9,September,Friday,10.89,238.0,36.3,AC Unit,92.56
2024-09-27 10:00:00,2024-09-27,10,9,September,Friday,5.78,228.5,22.7,Kitchen,49.13
2024-09-27 11:00:00,2024-09-27,11,9,September,Friday,4.12,230.0,21.5,Kitchen,35.02
2024-09-27 12:00:00,2024-09-27,12,9,September,Friday,4.34,223.6,21.4,Living Room,36.89
2024-09-27 13:00:00,2024-09-27,13,9,September,Friday,5.06,230.0,23.8,Kitchen,43.01
2024-09-27 14:00:00,2024-09-27,14,9,September,Friday,5.1,222.1,33.9,Kitchen,43.35
2024-09-27 15:00:00,2024-09-27,15,9,September,Friday,3.63,238.9,38.4,Office,30.86
2024-09-27 16:00:00,2024-09-27,16,9,September,Friday,5.61,221.8,26.9,Living Room,47.69
2024-09-27 17:00:00,2024-09-27,17,9,September,Friday,3.73,221.0,38.9,Kitchen,31.7
2024-09-27 18:00:00,2024-09-27,18,9,September,Friday,10.38,240.8,25.7,AC Unit,88.23
2024-09-27 19:00:00,2024-09-27,19,9,September,Friday,11.01,226.7,38.2,AC Unit,93.58
2024-09-27 20:00:00,2024-09-27,20,9,September,Friday,9.99,227.1,20.2,AC Unit,84.92
2024-09-27 21:00:00,2024-09-27,21,9,September,Friday,10.08,220.0,22.2,AC Unit,85.68
2024-09-27 22:00:00,2024-09-27,22,9,September,Friday,10.28,236.9,34.7,Factory Floor,87.38
2024-09-27 23:00:00,2024-09-27,23,9,September,Friday,4.9,226.9,30.4,Factory Floor,41.65
2024-09-28 00:00:00,2024-09-28,0,9,September,Saturday,3.82,227.5,32.4,Kitchen,32.47
2024-09-28 01:00:00,2024-09-28,1,9,September,Saturday,4.26,238.4,23.1,Factory Floor,36.21
2024-09-28 02:00:00,2024-09-28,2,9,September,Saturday,4.38,219.7,28.0,AC Unit,37.23
2024-09-28 03:00:00,2024-09-28,3,9,September,Saturday,3.0,221.2,32.3,Factory Floor,25.5
2024-09-28 04:00:00,2024-09-28,4,9,September,Saturday,2.24,224.6,23.7,Factory Floor,19.04
2024-09-28 05:00:00,2024-09-28,5,9,September,Saturday,3.68,219.0,39.6,Kitchen,31.28
2024-09-28 06:00:00,2024-09-28,6,9,September,Saturday,9.64,223.6,31.6,AC Unit,81.94
2024-09-28 07:00:00,2024-09-28,7,9,September,Saturday,7.34,225.3,38.9,Factory Floor,62.39
2024-09-28 08:00:00,2024-09-28,8,9,September,Saturday,6.84,238.8,25.7,Living Room,58.14
2024-09-28 09:00:00,2024-09-28,9,9,September,Saturday,7.86,231.6,39.8,Kitchen,66.81
2024-09-28 10:00:00,2024-09-28,10,9,September,Saturday,5.54,220.6,22.5,Office,47.09
2024-09-28 11:00:00,2024-09-28,11,9,September,Saturday,3.55,226.5,31.0,AC Unit,30.17
2024-09-28 12:00:00,2024-09-28,12,9,September,Saturday,4.18,226.9,35.3,AC Unit,35.53
2024-09-28 13:00:00,2024-09-28,13,9,September,Saturday,3.7,226.2,26.1,Factory Floor,31.45
2024-09-28 14:00:00,2024-09-28,14,9,September,Saturday,5.15,226.3,35.6,Office,43.78
2024-09-28 15:00:00,2024-09-28,15,9,September,Saturday,3.5,228.9,32.6,Office,29.75
2024-09-28 16:00:00,2024-09-28,16,9,September,Saturday,3.9,235.1,22.0,Kitchen,33.15
2024-09-28 17:00:00,2024-09-28,17,9,September,Saturday,4.63,240.9,40.1,Factory Floor,39.35
2024-09-28 18:00:00,2024-09-28,18,9,September,Saturday,12.38,237.4,31.9,Office,105.23
2024-09-28 19:00:00,2024-09-28,19,9,September,Saturday,10.73,233.9,21.5,Office,91.2
2024-09-28 20:00:00,2024-09-28,20,9,September,Saturday,12.03,239.7,35.2,Office,102.25
2024-09-28 21:00:00,2024-09-28,21,9,September,Saturday,10.74,237.7,36.2,Kitchen,91.29
2024-09-28 22:00:00,2024-09-28,22,9,September,Saturday,9.51,233.2,29.3,Kitchen,80.83
2024-09-28 23:00:00,2024-09-28,23,9,September,Saturday,4.58,239.2,40.6,AC Unit,38.93
2024-09-29 00:00:00,2024-09-29,0,9,September,Sunday,3.27,220.8,41.3,Factory Floor,27.8
2024-09-29 01:00:00,2024-09-29,1,9,September,Sunday,3.5,232.5,41.7,Living Room,29.75
2024-09-29 02:00:00,2024-09-29,2,9,September,Sunday,1.85,240.3,38.7,Living Room,15.73
2024-09-29 03:00:00,2024-09-29,3,9,September,Sunday,2.3,232.9,38.8,Kitchen,19.55
2024-09-29 04:00:00,2024-09-29,4,9,September,Sunday,2.49,228.9,22.2,Kitchen,21.17
2024-09-29 05:00:00,2024-09-29,5,9,September,Sunday,3.96,219.8,20.9,AC Unit,33.66
2024-09-29 06:00:00,2024-09-29,6,9,September,Sunday,10.54,237.8,37.9,AC Unit,89.59
2024-09-29 07:00:00,2024-09-29,7,9,September,Sunday,7.65,227.4,29.4,Kitchen,65.03
2024-09-29 08:00:00,2024-09-29,8,9,September,Sunday,8.58,234.3,20.8,Kitchen,72.93
2024-09-29 09:00:00,2024-09-29,9,9,September,Sunday,8.71,225.8,34.8,Living Room,74.04
2024-09-29 10:00:00,2024-09-29,10,9,September,Sunday,4.92,219.3,30.9,AC Unit,41.82
2024-09-29 11:00:00,2024-09-29,11,9,September,Sunday,5.48,230.6,26.2,AC Unit,46.58
2024-09-29 12:00:00,2024-09-29,12,9,September,Sunday,4.85,239.2,31.6,Kitchen,41.22
2024-09-29 13:00:00,2024-09-29,13,9,September,Sunday,4.85,229.7,28.1,Office,41.22
2024-09-29 14:00:00,2024-09-29,14,9,September,Sunday,4.29,240.6,31.3,Office,36.47
2024-09-29 15:00:00,2024-09-29,15,9,September,Sunday,5.16,232.6,30.2,Kitchen,43.86
2024-09-29 16:00:00,2024-09-29,16,9,September,Sunday,3.53,240.3,24.4,Living Room,30.0
2024-09-29 17:00:00,2024-09-29,17,9,September,Sunday,4.83,229.6,34.7,Kitchen,41.05
2024-09-29 18:00:00,2024-09-29,18,9,September,Sunday,9.29,240.5,22.8,Factory Floor,78.96
2024-09-29 19:00:00,2024-09-29,19,9,September,Sunday,10.67,226.5,25.7,Factory Floor,90.69
2024-09-29 20:00:00,2024-09-29,20,9,September,Sunday,7.87,240.7,27.4,AC Unit,66.89
2024-09-29 21:00:00,2024-09-29,21,9,September,Sunday,9.91,220.3,40.0,Factory Floor,84.23
2024-09-29 22:00:00,2024-09-29,22,9,September,Sunday,10.07,231.9,37.6,Office,85.59
2024-09-29 23:00:00,2024-09-29,23,9,September,Sunday,4.62,224.4,30.2,Living Room,39.27
2024-09-30 00:00:00,2024-09-30,0,9,September,Monday,3.44,240.4,22.2,AC Unit,29.24
2024-09-30 01:00:00,2024-09-30,1,9,September,Monday,1.86,219.2,23.5,Office,15.81
2024-09-30 02:00:00,2024-09-30,2,9,September,Monday,2.84,239.2,31.1,AC Unit,24.14
2024-09-30 03:00:00,2024-09-30,3,9,September,Monday,2.35,239.2,32.4,Kitchen,19.98
2024-09-30 04:00:00,2024-09-30,4,9,September,Monday,2.65,228.8,22.5,Office,22.52
2024-09-30 05:00:00,2024-09-30,5,9,September,Monday,4.21,223.8,35.3,AC Unit,35.78
2024-09-30 06:00:00,2024-09-30,6,9,September,Monday,8.37,224.9,24.0,Living Room,71.14
2024-09-30 07:00:00,2024-09-30,7,9,September,Monday,9.59,218.8,40.4,Factory Floor,81.52
2024-09-30 08:00:00,2024-09-30,8,9,September,Monday,10.34,220.1,20.1,AC Unit,87.89
2024-09-30 09:00:00,2024-09-30,9,9,September,Monday,9.13,223.2,25.9,AC Unit,77.61
2024-09-30 10:00:00,2024-09-30,10,9,September,Monday,3.58,236.7,37.8,Factory Floor,30.43
2024-09-30 11:00:00,2024-09-30,11,9,September,Monday,4.43,221.8,36.7,Living Room,37.66
2024-09-30 12:00:00,2024-09-30,12,9,September,Monday,4.73,221.6,40.2,Factory Floor,40.21
2024-09-30 13:00:00,2024-09-30,13,9,September,Monday,4.3,225.7,30.2,Living Room,36.55
2024-09-30 14:00:00,2024-09-30,14,9,September,Monday,5.2,239.2,29.8,Office,44.2
2024-09-30 15:00:00,2024-09-30,15,9,September,Monday,4.12,219.4,40.2,Kitchen,35.02
2024-09-30 16:00:00,2024-09-30,16,9,September,Monday,4.45,218.9,21.0,Living Room,37.83
2024-09-30 17:00:00,2024-09-30,17,9,September,Monday,5.46,223.1,41.5,AC Unit,46.41
2024-09-30 18:00:00,2024-09-30,18,9,September,Monday,11.42,229.4,29.8,AC Unit,97.07
2024-09-30 19:00:00,2024-09-30,19,9,September,Monday,9.29,229.5,32.2,AC Unit,78.96
2024-09-30 20:00:00,2024-09-30,20,9,September,Monday,12.41,224.6,29.3,Kitchen,105.48
2024-09-30 21:00:00,2024-09-30,21,9,September,Monday,10.12,226.5,37.4,Factory Floor,86.02
2024-09-30 22:00:00,2024-09-30,22,9,September,Monday,12.42,236.5,27.4,Factory Floor,105.57
2024-09-30 23:00:00,2024-09-30,23,9,September,Monday,4.8,229.2,30.9,AC Unit,40.8
2024-10-01 00:00:00,2024-10-01,0,10,October,Tuesday,0.78,237.6,17.7,Living Room,6.63
2024-10-01 01:00:00,2024-10-01,1,10,October,Tuesday,1.06,230.0,18.5,Factory Floor,9.01
2024-10-01 02:00:00,2024-10-01,2,10,October,Tuesday,1.46,226.7,18.7,AC Unit,12.41
2024-10-01 03:00:00,2024-10-01,3,10,October,Tuesday,0.5,236.9,19.6,Kitchen,4.25
2024-10-01 04:00:00,2024-10-01,4,10,October,Tuesday,0.74,225.6,12.7,Factory Floor,6.29
2024-10-01 05:00:00,2024-10-01,5,10,October,Tuesday,0.78,233.3,11.3,Office,6.63
2024-10-01 06:00:00,2024-10-01,6,10,October,Tuesday,6.45,221.1,11.4,AC Unit,54.83
2024-10-01 07:00:00,2024-10-01,7,10,October,Tuesday,6.5,232.1,15.5,Kitchen,55.25
2024-10-01 08:00:00,2024-10-01,8,10,October,Tuesday,6.49,229.6,16.2,AC Unit,55.16
2024-10-01 09:00:00,2024-10-01,9,10,October,Tuesday,5.35,228.3,13.2,Kitchen,45.47
2024-10-01 10:00:00,2024-10-01,10,10,October,Tuesday,2.62,229.3,18.2,Kitchen,22.27
2024-10-01 11:00:00,2024-10-01,11,10,October,Tuesday,2.79,221.7,18.9,Kitchen,23.71
2024-10-01 12:00:00,2024-10-01,12,10,October,Tuesday,2.12,232.9,13.0,Kitchen,18.02
2024-10-01 13:00:00,2024-10-01,13,10,October,Tuesday,2.31,241.5,12.9,Kitchen,19.64
2024-10-01 14:00:00,2024-10-01,14,10,October,Tuesday,2.17,233.3,10.5,AC Unit,18.45
2024-10-01 15:00:00,2024-10-01,15,10,October,Tuesday,2.57,239.5,18.4,Living Room,21.84
2024-10-01 16:00:00,2024-10-01,16,10,October,Tuesday,2.46,228.4,19.7,Office,20.91
2024-10-01 17:00:00,2024-10-01,17,10,October,Tuesday,2.81,222.8,10.8,Office,23.89
2024-10-01 18:00:00,2024-10-01,18,10,October,Tuesday,8.81,233.8,19.8,Factory Floor,74.89
2024-10-01 19:00:00,2024-10-01,19,10,October,Tuesday,8.3,218.6,24.3,Factory Floor,70.55
2024-10-01 20:00:00,2024-10-01,20,10,October,Tuesday,8.33,227.6,24.7,Factory Floor,70.81
2024-10-01 21:00:00,2024-10-01,21,10,October,Tuesday,9.12,223.3,23.9,Living Room,77.52
2024-10-01 22:00:00,2024-10-01,22,10,October,Tuesday,9.29,225.4,17.8,Office,78.96
2024-10-01 23:00:00,2024-10-01,23,10,October,Tuesday,2.16,234.4,15.3,Living Room,18.36
2024-10-02 00:00:00,2024-10-02,0,10,October,Wednesday,0.81,222.3,21.8,Factory Floor,6.89
2024-10-02 01:00:00,2024-10-02,1,10,October,Wednesday,1.31,222.4,15.7,Kitchen,11.13
2024-10-02 02:00:00,2024-10-02,2,10,October,Wednesday,1.7,221.4,16.7,Kitchen,14.45
2024-10-02 03:00:00,2024-10-02,3,10,October,Wednesday,1.14,225.3,22.4,Factory Floor,9.69
2024-10-02 04:00:00,2024-10-02,4,10,October,Wednesday,0.9,232.5,12.5,Living Room,7.65
2024-10-02 05:00:00,2024-10-02,5,10,October,Wednesday,0.54,222.2,21.7,Kitchen,4.59
2024-10-02 06:00:00,2024-10-02,6,10,October,Wednesday,6.01,239.1,16.5,Factory Floor,51.09
2024-10-02 07:00:00,2024-10-02,7,10,October,Wednesday,5.67,240.5,14.5,Factory Floor,48.2
2024-10-02 08:00:00,2024-10-02,8,10,October,Wednesday,5.31,227.1,17.7,Kitchen,45.13
2024-10-02 09:00:00,2024-10-02,9,10,October,Wednesday,7.06,236.2,21.2,Office,60.01
2024-10-02 10:00:00,2024-10-02,10,10,October,Wednesday,2.96,240.6,19.2,Kitchen,25.16
2024-10-02 11:00:00,2024-10-02,11,10,October,Wednesday,2.27,224.0,23.4,AC Unit,19.3
2024-10-02 12:00:00,2024-10-02,12,10,October,Wednesday,2.89,236.1,20.2,Office,24.57
2024-10-02 13:00:00,2024-10-02,13,10,October,Wednesday,2.36,230.5,16.4,AC Unit,20.06
2024-10-02 14:00:00,2024-10-02,14,10,October,Wednesday,2.42,220.1,20.0,AC Unit,20.57
2024-10-02 15:00:00,2024-10-02,15,10,October,Wednesday,2.05,231.5,18.1,Kitchen,17.42
2024-10-02 16:00:00,2024-10-02,16,10,October,Wednesday,2.87,231.1,18.2,Living Room,24.39
2024-10-02 17:00:00,2024-10-02,17,10,October,Wednesday,2.4,235.8,14.0,Factory Floor,20.4
2024-10-02 18:00:00,2024-10-02,18,10,October,Wednesday,9.15,233.5,21.8,Kitchen,77.78
2024-10-02 19:00:00,2024-10-02,19,10,October,Wednesday,8.47,241.3,13.7,Office,72.0
2024-10-02 20:00:00,2024-10-02,20,10,October,Wednesday,8.21,236.6,23.1,Kitchen,69.79
2024-10-02 21:00:00,2024-10-02,21,10,October,Wednesday,9.75,227.3,11.4,AC Unit,82.88
2024-10-02 22:00:00,2024-10-02,22,10,October,Wednesday,6.73,221.7,18.7,AC Unit,57.21
2024-10-02 23:00:00,2024-10-02,23,10,October,Wednesday,2.15,219.8,12.9,Factory Floor,18.27
2024-10-03 00:00:00,2024-10-03,0,10,October,Thursday,1.05,234.3,14.4,Living Room,8.93
2024-10-03 01:00:00,2024-10-03,1,10,October,Thursday,0.58,222.0,10.7,Kitchen,4.93
2024-10-03 02:00:00,2024-10-03,2,10,October,Thursday,1.47,228.2,12.8,Living Room,12.49
2024-10-03 03:00:00,2024-10-03,3,10,October,Thursday,1.16,218.4,22.7,Kitchen,9.86
2024-10-03 04:00:00,2024-10-03,4,10,October,Thursday,1.68,229.7,14.8,Office,14.28
2024-10-03 05:00:00,2024-10-03,5,10,October,Thursday,0.5,234.8,20.4,Office,4.25
2024-10-03 06:00:00,2024-10-03,6,10,October,Thursday,7.67,219.9,16.9,AC Unit,65.19
2024-10-03 07:00:00,2024-10-03,7,10,October,Thursday,8.41,237.7,12.6,AC Unit,71.48
2024-10-03 08:00:00,2024-10-03,8,10,October,Thursday,8.08,224.2,13.3,Office,68.68
2024-10-03 09:00:00,2024-10-03,9,10,October,Thursday,8.21,226.9,11.1,AC Unit,69.79
2024-10-03 10:00:00,2024-10-03,10,10,October,Thursday,2.72,225.3,19.3,Living Room,23.12
2024-10-03 11:00:00,2024-10-03,11,10,October,Thursday,2.47,233.0,23.5,Office,21.0
2024-10-03 12:00:00,2024-10-03,12,10,October,Thursday,2.45,221.2,12.1,Kitchen,20.83
2024-10-03 13:00:00,2024-10-03,13,10,October,Thursday,2.91,238.3,10.8,Office,24.73
2024-10-03 14:00:00,2024-10-03,14,10,October,Thursday,2.24,241.8,20.8,Living Room,19.04
2024-10-03 15:00:00,2024-10-03,15,10,October,Thursday,2.86,231.1,20.9,AC Unit,24.31
2024-10-03 16:00:00,2024-10-03,16,10,October,Thursday,2.63,231.6,11.7,Kitchen,22.36
2024-10-03 17:00:00,2024-10-03,17,10,October,Thursday,2.17,227.1,20.2,Living Room,18.45
2024-10-03 18:00:00,2024-10-03,18,10,October,Thursday,8.1,235.0,12.7,Living Room,68.85
2024-10-03 19:00:00,2024-10-03,19,10,October,Thursday,8.32,235.7,15.3,Factory Floor,70.72
2024-10-03 20:00:00,2024-10-03,20,10,October,Thursday,7.9,233.7,10.6,Kitchen,67.15
2024-10-03 21:00:00,2024-10-03,21,10,October,Thursday,6.46,228.5,18.5,AC Unit,54.91
2024-10-03 22:00:00,2024-10-03,22,10,October,Thursday,7.62,235.9,12.5,Factory Floor,64.77
2024-10-03 23:00:00,2024-10-03,23,10,October,Thursday,2.49,218.6,21.2,Living Room,21.17
2024-10-04 00:00:00,2024-10-04,0,10,October,Friday,1.1,220.7,16.5,Factory Floor,9.35
2024-10-04 01:00:00,2024-10-04,1,10,October,Friday,0.95,227.9,12.0,Office,8.07
2024-10-04 02:00:00,2024-10-04,2,10,October,Friday,1.31,226.0,17.6,AC Unit,11.13
2024-10-04 03:00:00,2024-10-04,3,10,October,Friday,0.68,223.6,10.2,Kitchen,5.78
2024-10-04 04:00:00,2024-10-04,4,10,October,Friday,1.53,220.0,20.3,AC Unit,13.01
2024-10-04 05:00:00,2024-10-04,5,10,October,Friday,1.65,224.8,20.1,AC Unit,14.02
2024-10-04 06:00:00,2024-10-04,6,10,October,Friday,7.45,230.5,21.7,Living Room,63.33
2024-10-04 07:00:00,2024-10-04,7,10,October,Friday,7.02,225.7,14.8,Office,59.67
2024-10-04 08:00:00,2024-10-04,8,10,October,Friday,6.1,231.1,16.2,Factory Floor,51.85
2024-10-04 09:00:00,2024-10-04,9,10,October,Friday,6.57,229.9,13.8,Factory Floor,55.84
2024-10-04 10:00:00,2024-10-04,10,10,October,Friday,2.61,219.2,10.1,Kitchen,22.18
2024-10-04 11:00:00,2024-10-04,11,10,October,Friday,3.0,233.6,15.9,AC Unit,25.5
2024-10-04 12:00:00,2024-10-04,12,10,October,Friday,2.83,226.2,17.6,AC Unit,24.05
2024-10-04 13:00:00,2024-10-04,13,10,October,Friday,2.33,239.5,11.3,Kitchen,19.8
2024-10-04 14:00:00,2024-10-04,14,10,October,Friday,2.44,228.9,18.9,Factory Floor,20.74
2024-10-04 15:00:00,2024-10-04,15,10,October,Friday,2.24,235.4,18.2,Office,19.04
2024-10-04 16:00:00,2024-10-04,16,10,October,Friday,2.03,238.3,18.2,Kitchen,17.25
2024-10-04 17:00:00,2024-10-04,17,10,October,Friday,2.13,226.7,11.3,Kitchen,18.11
2024-10-04 18:00:00,2024-10-04,18,10,October,Friday,6.45,218.7,23.4,Factory Floor,54.83
2024-10-04 19:00:00,2024-10-04,19,10,October,Friday,8.21,232.8,10.6,Living Room,69.79
2024-10-04 20:00:00,2024-10-04,20,10,October,Friday,6.76,225.6,11.0,Factory Floor,57.46
2024-10-04 21:00:00,2024-10-04,21,10,October,Friday,9.38,238.5,17.1,Living Room,79.73
2024-10-04 22:00:00,2024-10-04,22,10,October,Friday,9.34,234.0,14.1,AC Unit,79.39
2024-10-04 23:00:00,2024-10-04,23,10,October,Friday,2.94,238.6,18.5,Office,24.99
2024-10-05 00:00:00,2024-10-05,0,10,October,Saturday,1.4,233.1,11.3,AC Unit,11.9
2024-10-05 01:00:00,2024-10-05,1,10,October,Saturday,0.62,233.8,10.4,AC Unit,5.27
2024-10-05 02:00:00,2024-10-05,2,10,October,Saturday,0.54,223.9,24.7,Office,4.59
2024-10-05 03:00:00,2024-10-05,3,10,October,Saturday,0.94,221.0,25.0,AC Unit,7.99
2024-10-05 04:00:00,2024-10-05,4,10,October,Saturday,0.51,227.8,21.9,Factory Floor,4.33
2024-10-05 05:00:00,2024-10-05,5,10,October,Saturday,0.95,219.7,22.9,Kitchen,8.07
2024-10-05 06:00:00,2024-10-05,6,10,October,Saturday,6.2,218.7,17.3,Office,52.7
2024-10-05 07:00:00,2024-10-05,7,10,October,Saturday,5.55,228.1,15.0,Factory Floor,47.17
2024-10-05 08:00:00,2024-10-05,8,10,October,Saturday,8.08,237.2,11.9,Kitchen,68.68
2024-10-05 09:00:00,2024-10-05,9,10,October,Saturday,7.55,224.0,24.8,Kitchen,64.17
2024-10-05 10:00:00,2024-10-05,10,10,October,Saturday,2.31,230.1,12.4,Factory Floor,19.64
2024-10-05 11:00:00,2024-10-05,11,10,October,Saturday,2.66,225.7,12.8,Kitchen,22.61
2024-10-05 12:00:00,2024-10-05,12,10,October,Saturday,2.06,240.0,19.5,Kitchen,17.51
2024-10-05 13:00:00,2024-10-05,13,10,October,Saturday,2.53,230.6,18.3,Kitchen,21.5
2024-10-05 14:00:00,2024-10-05,14,10,October,Saturday,2.36,230.0,12.6,Factory Floor,20.06
2024-10-05 15:00:00,2024-10-05,15,10,October,Saturday,2.96,232.9,23.1,Kitchen,25.16
2024-10-05 16:00:00,2024-10-05,16,10,October,Saturday,2.21,235.4,20.5,Living Room,18.79
2024-10-05 17:00:00,2024-10-05,17,10,October,Saturday,2.16,239.6,10.5,Office,18.36
2024-10-05 18:00:00,2024-10-05,18,10,October,Saturday,7.47,234.0,12.9,Office,63.49
2024-10-05 19:00:00,2024-10-05,19,10,October,Saturday,9.51,227.2,18.0,AC Unit,80.83
2024-10-05 20:00:00,2024-10-05,20,10,October,Saturday,7.0,232.1,13.5,Factory Floor,59.5
2024-10-05 21:00:00,2024-10-05,21,10,October,Saturday,9.53,235.0,19.0,Office,81.0
2024-10-05 22:00:00,2024-10-05,22,10,October,Saturday,9.35,228.9,12.5,Kitchen,79.47
2024-10-05 23:00:00,2024-10-05,23,10,October,Saturday,2.47,226.0,24.7,Kitchen,21.0
2024-10-06 00:00:00,2024-10-06,0,10,October,Sunday,1.03,239.5,24.1,Kitchen,8.76
2024-10-06 01:00:00,2024-10-06,1,10,October,Sunday,1.05,228.2,13.7,Living Room,8.93
2024-10-06 02:00:00,2024-10-06,2,10,October,Sunday,1.57,221.2,15.6,Kitchen,13.35
2024-10-06 03:00:00,2024-10-06,3,10,October,Sunday,1.43,226.2,24.6,Factory Floor,12.15
2024-10-06 04:00:00,2024-10-06,4,10,October,Sunday,0.96,238.8,18.3,Kitchen,8.16
2024-10-06 05:00:00,2024-10-06,5,10,October,Sunday,0.5,229.0,14.2,AC Unit,4.25
2024-10-06 06:00:00,2024-10-06,6,10,October,Sunday,6.89,220.8,23.6,AC Unit,58.56
2024-10-06 07:00:00,2024-10-06,7,10,October,Sunday,6.48,240.4,11.3,Living Room,55.08
2024-10-06 08:00:00,2024-10-06,8,10,October,Sunday,6.67,231.8,14.4,Office,56.7
2024-10-06 09:00:00,2024-10-06,9,10,October,Sunday,6.64,222.0,22.2,Office,56.44
2024-10-06 10:00:00,2024-10-06,10,10,October,Sunday,2.53,225.2,22.8,AC Unit,21.5
2024-10-06 11:00:00,2024-10-06,11,10,October,Sunday,2.38,230.1,23.5,Living Room,20.23
2024-10-06 12:00:00,2024-10-06,12,10,October,Sunday,2.16,220.7,24.7,Factory Floor,18.36
2024-10-06 13:00:00,2024-10-06,13,10,October,Sunday,2.27,229.8,19.2,AC Unit,19.3
2024-10-06 14:00:00,2024-10-06,14,10,October,Sunday,2.66,224.9,18.8,Office,22.61
2024-10-06 15:00:00,2024-10-06,15,10,October,Sunday,2.99,222.2,16.6,Kitchen,25.42
2024-10-06 16:00:00,2024-10-06,16,10,October,Sunday,2.32,233.6,19.3,Office,19.72
2024-10-06 17:00:00,2024-10-06,17,10,October,Sunday,2.88,227.0,19.7,Living Room,24.48
2024-10-06 18:00:00,2024-10-06,18,10,October,Sunday,8.29,219.5,14.7,Living Room,70.46
2024-10-06 19:00:00,2024-10-06,19,10,October,Sunday,8.03,233.6,22.0,Kitchen,68.25
2024-10-06 20:00:00,2024-10-06,20,10,October,Sunday,9.91,231.7,23.8,Kitchen,84.23
2024-10-06 21:00:00,2024-10-06,21,10,October,Sunday,7.15,237.5,18.4,AC Unit,60.78
2024-10-06 22:00:00,2024-10-06,22,10,October,Sunday,7.49,219.8,20.9,Living Room,63.66
2024-10-06 23:00:00,2024-10-06,23,10,October,Sunday,2.14,227.7,14.5,Kitchen,18.19
2024-10-07 00:00:00,2024-10-07,0,10,October,Monday,0.79,234.3,24.7,Kitchen,6.71
2024-10-07 01:00:00,2024-10-07,1,10,October,Monday,1.44,241.7,19.5,AC Unit,12.24
2024-10-07 02:00:00,2024-10-07,2,10,October,Monday,0.5,228.1,21.2,Factory Floor,4.25
2024-10-07 03:00:00,2024-10-07,3,10,October,Monday,0.91,237.4,18.9,Factory Floor,7.74
2024-10-07 04:00:00,2024-10-07,4,10,October,Monday,1.2,225.4,11.5,Kitchen,10.2
2024-10-07 05:00:00,2024-10-07,5,10,October,Monday,1.0,230.5,17.4,Living Room,8.5
2024-10-07 06:00:00,2024-10-07,6,10,October,Monday,6.17,219.9,21.6,Factory Floor,52.45
2024-10-07 07:00:00,2024-10-07,7,10,October,Monday,5.83,220.5,23.5,AC Unit,49.55
2024-10-07 08:00:00,2024-10-07,8,10,October,Monday,5.73,222.6,16.2,Living Room,48.71
2024-10-07 09:00:00,2024-10-07,9,10,October,Monday,8.49,222.5,24.7,Kitchen,72.17
2024-10-07 10:00:00,2024-10-07,10,10,October,Monday,2.56,237.5,18.1,Office,21.76
2024-10-07 11:00:00,2024-10-07,11,10,October,Monday,2.96,233.3,11.7,Kitchen,25.16
2024-10-07 12:00:00,2024-10-07,12,10,October,Monday,2.06,227.4,11.2,Office,17.51
2024-10-07 13:00:00,2024-10-07,13,10,October,Monday,2.55,221.4,10.6,Factory Floor,21.67
2024-10-07 14:00:00,2024-10-07,14,10,October,Monday,2.62,236.3,19.3,Factory Floor,22.27
2024-10-07 15:00:00,2024-10-07,15,10,October,Monday,2.51,224.3,10.5,Living Room,21.33
2024-10-07 16:00:00,2024-10-07,16,10,October,Monday,2.65,224.9,14.2,AC Unit,22.52
2024-10-07 17:00:00,2024-10-07,17,10,October,Monday,2.14,227.4,19.6,Kitchen,18.19
2024-10-07 18:00:00,2024-10-07,18,10,October,Monday,9.54,234.9,18.0,Factory Floor,81.09
2024-10-07 19:00:00,2024-10-07,19,10,October,Monday,7.25,231.9,12.5,AC Unit,61.62
2024-10-07 20:00:00,2024-10-07,20,10,October,Monday,9.67,232.4,16.9,AC Unit,82.19
2024-10-07 21:00:00,2024-10-07,21,10,October,Monday,9.34,223.1,21.3,Factory Floor,79.39
2024-10-07 22:00:00,2024-10-07,22,10,October,Monday,9.42,222.1,13.4,AC Unit,80.07
2024-10-07 23:00:00,2024-10-07,23,10,October,Monday,2.31,229.5,17.0,Office,19.64
2024-10-08 00:00:00,2024-10-08,0,10,October,Tuesday,1.21,223.0,16.7,Living Room,10.29
2024-10-08 01:00:00,2024-10-08,1,10,October,Tuesday,1.25,220.4,15.5,Kitchen,10.62
2024-10-08 02:00:00,2024-10-08,2,10,October,Tuesday,1.12,230.9,14.7,AC Unit,9.52
2024-10-08 03:00:00,2024-10-08,3,10,October,Tuesday,0.5,219.3,13.5,Factory Floor,4.25
2024-10-08 04:00:00,2024-10-08,4,10,October,Tuesday,1.13,230.7,21.5,Factory Floor,9.6
2024-10-08 05:00:00,2024-10-08,5,10,October,Tuesday,1.34,228.2,10.2,Office,11.39
2024-10-08 06:00:00,2024-10-08,6,10,October,Tuesday,6.61,234.2,23.6,Factory Floor,56.19
2024-10-08 07:00:00,2024-10-08,7,10,October,Tuesday,5.54,238.3,22.0,Living Room,47.09
2024-10-08 08:00:00,2024-10-08,8,10,October,Tuesday,5.67,221.1,12.5,Kitchen,48.2
2024-10-08 09:00:00,2024-10-08,9,10,October,Tuesday,6.98,224.9,11.6,Living Room,59.33
2024-10-08 10:00:00,2024-10-08,10,10,October,Tuesday,2.88,221.1,14.2,Office,24.48
2024-10-08 11:00:00,2024-10-08,11,10,October,Tuesday,2.29,230.0,24.7,Office,19.46
2024-10-08 12:00:00,2024-10-08,12,10,October,Tuesday,2.63,225.7,15.6,AC Unit,22.36
2024-10-08 13:00:00,2024-10-08,13,10,October,Tuesday,2.16,224.6,13.7,Factory Floor,18.36
2024-10-08 14:00:00,2024-10-08,14,10,October,Tuesday,2.76,240.7,15.0,Factory Floor,23.46
2024-10-08 15:00:00,2024-10-08,15,10,October,Tuesday,2.72,228.0,20.2,AC Unit,23.12
2024-10-08 16:00:00,2024-10-08,16,10,October,Tuesday,2.77,225.7,23.4,Factory Floor,23.55
2024-10-08 17:00:00,2024-10-08,17,10,October,Tuesday,2.88,224.0,22.2,AC Unit,24.48
2024-10-08 18:00:00,2024-10-08,18,10,October,Tuesday,9.66,225.9,12.6,AC Unit,82.11
2024-10-08 19:00:00,2024-10-08,19,10,October,Tuesday,10.5,237.9,16.3,Office,89.25
2024-10-08 20:00:00,2024-10-08,20,10,October,Tuesday,9.43,233.8,22.1,Kitchen,80.16
2024-10-08 21:00:00,2024-10-08,21,10,October,Tuesday,10.26,232.1,19.5,Kitchen,87.21
2024-10-08 22:00:00,2024-10-08,22,10,October,Tuesday,9.05,236.3,24.9,AC Unit,76.93
2024-10-08 23:00:00,2024-10-08,23,10,October,Tuesday,2.88,223.0,19.4,Factory Floor,24.48
2024-10-09 00:00:00,2024-10-09,0,10,October,Wednesday,1.62,240.8,18.5,Living Room,13.77
2024-10-09 01:00:00,2024-10-09,1,10,October,Wednesday,1.68,234.0,15.1,Living Room,14.28
2024-10-09 02:00:00,2024-10-09,2,10,October,Wednesday,0.62,224.3,11.3,Office,5.27
2024-10-09 03:00:00,2024-10-09,3,10,October,Wednesday,1.23,224.8,16.2,AC Unit,10.46
2024-10-09 04:00:00,2024-10-09,4,10,October,Wednesday,0.85,238.1,18.2,Living Room,7.22
2024-10-09 05:00:00,2024-10-09,5,10,October,Wednesday,0.5,240.6,23.1,Factory Floor,4.25
2024-10-09 06:00:00,2024-10-09,6,10,October,Wednesday,7.45,232.8,16.3,AC Unit,63.33
2024-10-09 07:00:00,2024-10-09,7,10,October,Wednesday,5.83,222.0,14.1,Office,49.55
2024-10-09 08:00:00,2024-10-09,8,10,October,Wednesday,6.08,237.0,13.1,Factory Floor,51.68
2024-10-09 09:00:00,2024-10-09,9,10,October,Wednesday,5.76,230.0,17.4,Factory Floor,48.96
2024-10-09 10:00:00,2024-10-09,10,10,October,Wednesday,2.14,222.3,15.7,AC Unit,18.19
2024-10-09 11:00:00,2024-10-09,11,10,October,Wednesday,3.0,239.4,12.8,Kitchen,25.5
2024-10-09 12:00:00,2024-10-09,12,10,October,Wednesday,2.69,219.0,11.5,Office,22.86
2024-10-09 13:00:00,2024-10-09,13,10,October,Wednesday,2.07,220.0,23.3,Factory Floor,17.59
2024-10-09 14:00:00,2024-10-09,14,10,October,Wednesday,2.05,223.9,24.8,Kitchen,17.42
2024-10-09 15:00:00,2024-10-09,15,10,October,Wednesday,2.06,237.6,14.4,Living Room,17.51
2024-10-09 16:00:00,2024-10-09,16,10,October,Wednesday,2.53,225.2,16.3,Factory Floor,21.5
2024-10-09 17:00:00,2024-10-09,17,10,October,Wednesday,2.05,222.3,10.2,Office,17.42
2024-10-09 18:00:00,2024-10-09,18,10,October,Wednesday,9.76,229.3,18.3,Living Room,82.96
2024-10-09 19:00:00,2024-10-09,19,10,October,Wednesday,9.61,219.6,18.7,Factory Floor,81.69
2024-10-09 20:00:00,2024-10-09,20,10,October,Wednesday,8.92,240.4,17.5,Factory Floor,75.82
2024-10-09 21:00:00,2024-10-09,21,10,October,Wednesday,9.59,238.5,15.1,Factory Floor,81.52
2024-10-09 22:00:00,2024-10-09,22,10,October,Wednesday,7.87,225.2,19.3,Living Room,66.89
2024-10-09 23:00:00,2024-10-09,23,10,October,Wednesday,2.21,239.6,17.6,Office,18.79
2024-10-10 00:00:00,2024-10-10,0,10,October,Thursday,1.53,224.0,15.4,Living Room,13.01
2024-10-10 01:00:00,2024-10-10,1,10,October,Thursday,0.94,227.2,13.1,AC Unit,7.99
2024-10-10 02:00:00,2024-10-10,2,10,October,Thursday,0.86,219.2,19.3,Kitchen,7.31
2024-10-10 03:00:00,2024-10-10,3,10,October,Thursday,1.06,233.7,23.2,Kitchen,9.01
2024-10-10 04:00:00,2024-10-10,4,10,October,Thursday,1.38,219.7,24.6,Office,11.73
2024-10-10 05:00:00,2024-10-10,5,10,October,Thursday,1.43,218.7,10.3,Factory Floor,12.15
2024-10-10 06:00:00,2024-10-10,6,10,October,Thursday,6.18,237.2,16.3,Factory Floor,52.53
2024-10-10 07:00:00,2024-10-10,7,10,October,Thursday,7.04,225.7,25.0,AC Unit,59.84
2024-10-10 08:00:00,2024-10-10,8,10,October,Thursday,6.42,228.5,11.6,Factory Floor,54.57
2024-10-10 09:00:00,2024-10-10,9,10,October,Thursday,8.44,223.9,24.8,Kitchen,71.74
2024-10-10 10:00:00,2024-10-10,10,10,October,Thursday,2.45,239.1,23.4,Factory Floor,20.83
2024-10-10 11:00:00,2024-10-10,11,10,October,Thursday,2.25,222.2,14.2,Factory Floor,19.12
2024-10-10 12:00:00,2024-10-10,12,10,October,Thursday,2.57,237.8,23.8,AC Unit,21.84
2024-10-10 13:00:00,2024-10-10,13,10,October,Thursday,2.17,218.8,13.4,AC Unit,18.45
2024-10-10 14:00:00,2024-10-10,14,10,October,Thursday,2.51,222.9,16.9,Living Room,21.33
2024-10-10 15:00:00,2024-10-10,15,10,October,Thursday,2.16,231.1,18.1,Office,18.36
2024-10-10 16:00:00,2024-10-10,16,10,October,Thursday,2.99,231.4,23.4,Office,25.42
2024-10-10 17:00:00,2024-10-10,17,10,October,Thursday,2.67,237.9,18.8,AC Unit,22.7
2024-10-10 18:00:00,2024-10-10,18,10,October,Thursday,9.68,220.0,20.2,AC Unit,82.28
2024-10-10 19:00:00,2024-10-10,19,10,October,Thursday,8.57,235.0,18.8,AC Unit,72.84
2024-10-10 20:00:00,2024-10-10,20,10,October,Thursday,9.74,242.0,25.0,Factory Floor,82.79
2024-10-10 21:00:00,2024-10-10,21,10,October,Thursday,7.33,223.7,18.8,Living Room,62.3
2024-10-10 22:00:00,2024-10-10,22,10,October,Thursday,8.0,222.1,23.1,Office,68.0
2024-10-10 23:00:00,2024-10-10,23,10,October,Thursday,2.38,230.9,15.0,Factory Floor,20.23
2024-10-11 00:00:00,2024-10-11,0,10,October,Friday,0.9,230.1,17.0,Factory Floor,7.65
2024-10-11 01:00:00,2024-10-11,1,10,October,Friday,0.75,219.1,23.4,AC Unit,6.38
2024-10-11 02:00:00,2024-10-11,2,10,October,Friday,1.56,236.0,19.2,Kitchen,13.26
2024-10-11 03:00:00,2024-10-11,3,10,October,Friday,0.72,233.4,15.2,Living Room,6.12
2024-10-11 04:00:00,2024-10-11,4,10,October,Friday,1.16,234.7,10.9,AC Unit,9.86
2024-10-11 05:00:00,2024-10-11,5,10,October,Friday,0.8,239.6,10.5,Factory Floor,6.8
2024-10-11 06:00:00,2024-10-11,6,10,October,Friday,6.42,228.2,20.1,Living Room,54.57
2024-10-11 07:00:00,2024-10-11,7,10,October,Friday,6.46,225.2,21.2,Office,54.91
2024-10-11 08:00:00,2024-10-11,8,10,October,Friday,7.66,235.9,15.8,AC Unit,65.11
2024-10-11 09:00:00,2024-10-11,9,10,October,Friday,6.37,222.3,15.2,Kitchen,54.15
2024-10-11 10:00:00,2024-10-11,10,10,October,Friday,2.72,235.1,20.0,Kitchen,23.12
2024-10-11 11:00:00,2024-10-11,11,10,October,Friday,2.87,236.2,21.3,Factory Floor,24.39
2024-10-11 12:00:00,2024-10-11,12,10,October,Friday,2.69,230.1,23.8,AC Unit,22.86
2024-10-11 13:00:00,2024-10-11,13,10,October,Friday,2.68,228.1,23.3,Office,22.78
2024-10-11 14:00:00,2024-10-11,14,10,October,Friday,2.94,219.7,15.4,Factory Floor,24.99
2024-10-11 15:00:00,2024-10-11,15,10,October,Friday,2.11,225.8,22.5,Factory Floor,17.93
2024-10-11 16:00:00,2024-10-11,16,10,October,Friday,2.08,228.1,18.4,Office,17.68
2024-10-11 17:00:00,2024-10-11,17,10,October,Friday,2.89,241.5,18.5,Factory Floor,24.57
2024-10-11 18:00:00,2024-10-11,18,10,October,Friday,9.98,224.0,19.6,AC Unit,84.83
2024-10-11 19:00:00,2024-10-11,19,10,October,Friday,8.65,220.9,16.2,Living Room,73.53
2024-10-11 20:00:00,2024-10-11,20,10,October,Friday,7.46,228.0,12.8,Kitchen,63.41
2024-10-11 21:00:00,2024-10-11,21,10,October,Friday,7.41,219.8,12.2,Factory Floor,62.98
2024-10-11 22:00:00,2024-10-11,22,10,October,Friday,8.5,221.1,24.2,Factory Floor,72.25
2024-10-11 23:00:00,2024-10-11,23,10,October,Friday,2.9,228.8,21.1,AC Unit,24.65
2024-10-12 00:00:00,2024-10-12,0,10,October,Saturday,1.2,239.1,18.7,Office,10.2
2024-10-12 01:00:00,2024-10-12,1,10,October,Saturday,1.18,236.1,17.6,Office,10.03
2024-10-12 02:00:00,2024-10-12,2,10,October,Saturday,0.75,220.0,16.4,Kitchen,6.38
2024-10-12 03:00:00,2024-10-12,3,10,October,Saturday,1.1,233.0,13.9,Kitchen,9.35
2024-10-12 04:00:00,2024-10-12,4,10,October,Saturday,1.49,241.7,12.7,AC Unit,12.66
2024-10-12 05:00:00,2024-10-12,5,10,October,Saturday,0.92,228.1,12.0,Living Room,7.82
2024-10-12 06:00:00,2024-10-12,6,10,October,Saturday,7.96,224.8,18.8,Living Room,67.66
2024-10-12 07:00:00,2024-10-12,7,10,October,Saturday,5.72,241.4,21.3,Living Room,48.62
2024-10-12 08:00:00,2024-10-12,8,10,October,Saturday,7.21,228.2,17.0,Living Room,61.28
2024-10-12 09:00:00,2024-10-12,9,10,October,Saturday,7.87,226.3,22.2,Living Room,66.89
2024-10-12 10:00:00,2024-10-12,10,10,October,Saturday,2.42,221.6,12.9,Factory Floor,20.57
2024-10-12 11:00:00,2024-10-12,11,10,October,Saturday,2.19,228.0,13.1,AC Unit,18.61
2024-10-12 12:00:00,2024-10-12,12,10,October,Saturday,2.49,227.0,19.3,AC Unit,21.17
2024-10-12 13:00:00,2024-10-12,13,10,October,Saturday,2.17,232.6,14.6,Living Room,18.45
2024-10-12 14:00:00,2024-10-12,14,10,October,Saturday,2.0,225.2,10.1,Living Room,17.0
2024-10-12 15:00:00,2024-10-12,15,10,October,Saturday,2.22,235.9,17.0,Living Room,18.87
2024-10-12 16:00:00,2024-10-12,16,10,October,Saturday,2.22,221.1,21.5,Kitchen,18.87
2024-10-12 17:00:00,2024-10-12,17,10,October,Saturday,2.71,225.3,20.4,Factory Floor,23.04
2024-10-12 18:00:00,2024-10-12,18,10,October,Saturday,7.62,221.1,20.9,AC Unit,64.77
2024-10-12 19:00:00,2024-10-12,19,10,October,Saturday,9.44,231.4,20.4,Kitchen,80.24
2024-10-12 20:00:00,2024-10-12,20,10,October,Saturday,6.29,241.4,10.0,Factory Floor,53.47
2024-10-12 21:00:00,2024-10-12,21,10,October,Saturday,10.1,235.3,14.9,Factory Floor,85.85
2024-10-12 22:00:00,2024-10-12,22,10,October,Saturday,10.53,231.5,13.0,Living Room,89.5
2024-10-12 23:00:00,2024-10-12,23,10,October,Saturday,2.71,220.3,24.0,Office,23.04
2024-10-13 00:00:00,2024-10-13,0,10,October,Sunday,0.7,237.1,10.5,Kitchen,5.95
2024-10-13 01:00:00,2024-10-13,1,10,October,Sunday,0.79,227.4,15.9,Office,6.71
2024-10-13 02:00:00,2024-10-13,2,10,October,Sunday,0.87,219.8,13.7,Factory Floor,7.39
2024-10-13 03:00:00,2024-10-13,3,10,October,Sunday,0.5,230.4,15.0,Kitchen,4.25
2024-10-13 04:00:00,2024-10-13,4,10,October,Sunday,1.48,232.7,20.8,Office,12.58
2024-10-13 05:00:00,2024-10-13,5,10,October,Sunday,1.72,238.0,17.4,Kitchen,14.62
2024-10-13 06:00:00,2024-10-13,6,10,October,Sunday,6.72,234.0,11.6,Kitchen,57.12
2024-10-13 07:00:00,2024-10-13,7,10,October,Sunday,5.72,226.2,22.7,Factory Floor,48.62
2024-10-13 08:00:00,2024-10-13,8,10,October,Sunday,8.19,228.8,11.5,AC Unit,69.61
2024-10-13 09:00:00,2024-10-13,9,10,October,Sunday,5.95,236.8,13.7,AC Unit,50.58
2024-10-13 10:00:00,2024-10-13,10,10,October,Sunday,2.4,228.9,10.9,Living Room,20.4
2024-10-13 11:00:00,2024-10-13,11,10,October,Sunday,2.13,238.6,16.0,Kitchen,18.11
2024-10-13 12:00:00,2024-10-13,12,10,October,Sunday,2.28,238.5,14.4,Office,19.38
2024-10-13 13:00:00,2024-10-13,13,10,October,Sunday,2.6,230.0,12.4,Office,22.1
2024-10-13 14:00:00,2024-10-13,14,10,October,Sunday,2.96,223.7,17.5,Kitchen,25.16
2024-10-13 15:00:00,2024-10-13,15,10,October,Sunday,2.91,239.8,11.1,Living Room,24.73
2024-10-13 16:00:00,2024-10-13,16,10,October,Sunday,2.28,229.2,17.4,AC Unit,19.38
2024-10-13 17:00:00,2024-10-13,17,10,October,Sunday,2.57,223.9,20.9,Factory Floor,21.84
2024-10-13 18:00:00,2024-10-13,18,10,October,Sunday,9.87,238.1,12.1,Kitchen,83.89
2024-10-13 19:00:00,2024-10-13,19,10,October,Sunday,10.54,237.3,15.8,Office,89.59
2024-10-13 20:00:00,2024-10-13,20,10,October,Sunday,9.28,235.0,18.5,Living Room,78.88
2024-10-13 21:00:00,2024-10-13,21,10,October,Sunday,10.51,231.5,18.4,AC Unit,89.33
2024-10-13 22:00:00,2024-10-13,22,10,October,Sunday,8.62,234.1,21.2,AC Unit,73.27
2024-10-13 23:00:00,2024-10-13,23,10,October,Sunday,2.74,225.7,17.2,Factory Floor,23.29
2024-10-14 00:00:00,2024-10-14,0,10,October,Monday,0.5,239.2,23.8,Office,4.25
2024-10-14 01:00:00,2024-10-14,1,10,October,Monday,0.5,226.2,21.7,Living Room,4.25
2024-10-14 02:00:00,2024-10-14,2,10,October,Monday,0.88,220.2,15.5,AC Unit,7.48
2024-10-14 03:00:00,2024-10-14,3,10,October,Monday,1.02,230.4,12.1,Kitchen,8.67
2024-10-14 04:00:00,2024-10-14,4,10,October,Monday,1.09,235.8,21.5,Office,9.27
2024-10-14 05:00:00,2024-10-14,5,10,October,Monday,0.63,218.4,11.8,AC Unit,5.36
2024-10-14 06:00:00,2024-10-14,6,10,October,Monday,5.9,218.7,15.7,Office,50.15
2024-10-14 07:00:00,2024-10-14,7,10,October,Monday,8.0,227.8,20.6,Factory Floor,68.0
2024-10-14 08:00:00,2024-10-14,8,10,October,Monday,7.6,228.5,10.0,Kitchen,64.6
2024-10-14 09:00:00,2024-10-14,9,10,October,Monday,5.95,223.4,19.5,Kitchen,50.58
2024-10-14 10:00:00,2024-10-14,10,10,October,Monday,2.55,231.2,24.2,Kitchen,21.67
2024-10-14 11:00:00,2024-10-14,11,10,October,Monday,2.01,239.9,19.3,Factory Floor,17.08
2024-10-14 12:00:00,2024-10-14,12,10,October,Monday,2.85,228.3,13.3,Kitchen,24.23
2024-10-14 13:00:00,2024-10-14,13,10,October,Monday,2.94,222.8,16.7,AC Unit,24.99
2024-10-14 14:00:00,2024-10-14,14,10,October,Monday,2.77,230.1,24.8,Factory Floor,23.55
2024-10-14 15:00:00,2024-10-14,15,10,October,Monday,2.36,229.6,16.9,Living Room,20.06
2024-10-14 16:00:00,2024-10-14,16,10,October,Monday,2.58,234.7,15.2,AC Unit,21.93
2024-10-14 17:00:00,2024-10-14,17,10,October,Monday,2.49,224.9,22.9,Kitchen,21.17
2024-10-14 18:00:00,2024-10-14,18,10,October,Monday,8.84,218.8,13.9,Factory Floor,75.14
2024-10-14 19:00:00,2024-10-14,19,10,October,Monday,7.05,227.4,20.9,Living Room,59.92
2024-10-14 20:00:00,2024-10-14,20,10,October,Monday,9.1,226.2,24.8,Office,77.35
2024-10-14 21:00:00,2024-10-14,21,10,October,Monday,9.11,241.2,20.8,Living Room,77.44
2024-10-14 22:00:00,2024-10-14,22,10,October,Monday,9.54,230.1,18.0,Living Room,81.09
2024-10-14 23:00:00,2024-10-14,23,10,October,Monday,2.85,225.9,24.7,Kitchen,24.23
2024-10-15 00:00:00,2024-10-15,0,10,October,Tuesday,0.83,228.1,23.2,Kitchen,7.05
2024-10-15 01:00:00,2024-10-15,1,10,October,Tuesday,1.67,236.7,23.4,Living Room,14.2
2024-10-15 02:00:00,2024-10-15,2,10,October,Tuesday,0.95,225.3,22.7,AC Unit,8.07
2024-10-15 03:00:00,2024-10-15,3,10,October,Tuesday,1.45,232.6,17.0,Living Room,12.32
2024-10-15 04:00:00,2024-10-15,4,10,October,Tuesday,1.03,231.9,10.8,Living Room,8.76
2024-10-15 05:00:00,2024-10-15,5,10,October,Tuesday,1.07,240.5,13.9,Factory Floor,9.1
2024-10-15 06:00:00,2024-10-15,6,10,October,Tuesday,8.46,233.1,20.9,AC Unit,71.91
2024-10-15 07:00:00,2024-10-15,7,10,October,Tuesday,6.13,231.7,22.3,Living Room,52.1
2024-10-15 08:00:00,2024-10-15,8,10,October,Tuesday,6.94,223.1,18.6,AC Unit,58.99
2024-10-15 09:00:00,2024-10-15,9,10,October,Tuesday,8.22,219.6,13.3,Living Room,69.87
2024-10-15 10:00:00,2024-10-15,10,10,October,Tuesday,2.2,218.3,14.4,Office,18.7
2024-10-15 11:00:00,2024-10-15,11,10,October,Tuesday,2.64,233.7,20.6,AC Unit,22.44
2024-10-15 12:00:00,2024-10-15,12,10,October,Tuesday,2.63,220.5,24.5,Office,22.36
2024-10-15 13:00:00,2024-10-15,13,10,October,Tuesday,2.66,222.7,15.3,AC Unit,22.61
2024-10-15 14:00:00,2024-10-15,14,10,October,Tuesday,2.86,218.3,14.4,Office,24.31
2024-10-15 15:00:00,2024-10-15,15,10,October,Tuesday,2.28,237.8,14.7,Factory Floor,19.38
2024-10-15 16:00:00,2024-10-15,16,10,October,Tuesday,2.62,235.7,18.8,Kitchen,22.27
2024-10-15 17:00:00,2024-10-15,17,10,October,Tuesday,2.76,221.3,18.4,Factory Floor,23.46
2024-10-15 18:00:00,2024-10-15,18,10,October,Tuesday,9.7,227.3,16.5,Factory Floor,82.45
2024-10-15 19:00:00,2024-10-15,19,10,October,Tuesday,10.17,230.6,24.1,Living Room,86.44
2024-10-15 20:00:00,2024-10-15,20,10,October,Tuesday,10.36,238.0,10.3,Kitchen,88.06
2024-10-15 21:00:00,2024-10-15,21,10,October,Tuesday,9.07,229.3,13.3,Factory Floor,77.09
2024-10-15 22:00:00,2024-10-15,22,10,October,Tuesday,7.82,233.7,10.3,Living Room,66.47
2024-10-15 23:00:00,2024-10-15,23,10,October,Tuesday,2.51,227.8,12.4,Office,21.33
2024-10-16 00:00:00,2024-10-16,0,10,October,Wednesday,0.97,238.9,22.3,Living Room,8.24
2024-10-16 01:00:00,2024-10-16,1,10,October,Wednesday,1.57,223.8,12.5,Living Room,13.35
2024-10-16 02:00:00,2024-10-16,2,10,October,Wednesday,0.88,225.4,11.2,AC Unit,7.48
2024-10-16 03:00:00,2024-10-16,3,10,October,Wednesday,1.11,238.8,11.2,Factory Floor,9.44
2024-10-16 04:00:00,2024-10-16,4,10,October,Wednesday,0.55,228.5,16.7,Factory Floor,4.68
2024-10-16 05:00:00,2024-10-16,5,10,October,Wednesday,1.1,241.7,21.7,Office,9.35
2024-10-16 06:00:00,2024-10-16,6,10,October,Wednesday,6.79,218.8,13.4,Kitchen,57.72
2024-10-16 07:00:00,2024-10-16,7,10,October,Wednesday,7.57,228.7,22.1,AC Unit,64.34
2024-10-16 08:00:00,2024-10-16,8,10,October,Wednesday,5.6,236.1,12.8,Living Room,47.6
2024-10-16 09:00:00,2024-10-16,9,10,October,Wednesday,5.64,228.5,17.9,Living Room,47.94
2024-10-16 10:00:00,2024-10-16,10,10,October,Wednesday,2.59,233.4,14.0,Office,22.02
2024-10-16 11:00:00,2024-10-16,11,10,October,Wednesday,2.47,240.3,15.7,AC Unit,21.0
2024-10-16 12:00:00,2024-10-16,12,10,October,Wednesday,2.75,229.2,12.8,Factory Floor,23.38
2024-10-16 13:00:00,2024-10-16,13,10,October,Wednesday,2.28,238.2,17.1,AC Unit,19.38
2024-10-16 14:00:00,2024-10-16,14,10,October,Wednesday,2.7,220.3,21.2,AC Unit,22.95
2024-10-16 15:00:00,2024-10-16,15,10,October,Wednesday,2.23,226.6,12.7,Factory Floor,18.95
2024-10-16 16:00:00,2024-10-16,16,10,October,Wednesday,2.72,241.3,14.5,Office,23.12
2024-10-16 17:00:00,2024-10-16,17,10,October,Wednesday,2.53,241.6,14.8,Factory Floor,21.5
2024-10-16 18:00:00,2024-10-16,18,10,October,Wednesday,9.57,231.8,10.7,Living Room,81.34
2024-10-16 19:00:00,2024-10-16,19,10,October,Wednesday,9.63,220.5,23.9,Living Room,81.86
2024-10-16 20:00:00,2024-10-16,20,10,October,Wednesday,7.69,239.4,21.8,Office,65.37
2024-10-16 21:00:00,2024-10-16,21,10,October,Wednesday,9.53,229.0,14.3,Factory Floor,81.0
2024-10-16 22:00:00,2024-10-16,22,10,October,Wednesday,8.01,226.8,19.9,Office,68.08
2024-10-16 23:00:00,2024-10-16,23,10,October,Wednesday,2.01,232.6,13.0,Kitchen,17.08
2024-10-17 00:00:00,2024-10-17,0,10,October,Thursday,0.87,223.4,16.5,Living Room,7.39
2024-10-17 01:00:00,2024-10-17,1,10,October,Thursday,1.31,230.2,16.4,Kitchen,11.13
2024-10-17 02:00:00,2024-10-17,2,10,October,Thursday,0.5,235.9,15.2,Kitchen,4.25
2024-10-17 03:00:00,2024-10-17,3,10,October,Thursday,1.17,236.7,18.7,Kitchen,9.95
2024-10-17 04:00:00,2024-10-17,4,10,October,Thursday,1.67,226.6,14.2,AC Unit,14.2
2024-10-17 05:00:00,2024-10-17,5,10,October,Thursday,0.89,225.6,23.2,AC Unit,7.57
2024-10-17 06:00:00,2024-10-17,6,10,October,Thursday,8.02,240.5,19.6,Factory Floor,68.17
2024-10-17 07:00:00,2024-10-17,7,10,October,Thursday,6.12,237.8,13.0,Kitchen,52.02
2024-10-17 08:00:00,2024-10-17,8,10,October,Thursday,8.88,235.7,23.6,Factory Floor,75.48
2024-10-17 09:00:00,2024-10-17,9,10,October,Thursday,5.38,230.6,20.1,Kitchen,45.73
2024-10-17 10:00:00,2024-10-17,10,10,October,Thursday,2.72,234.5,23.6,Factory Floor,23.12
2024-10-17 11:00:00,2024-10-17,11,10,October,Thursday,2.58,229.1,21.0,Factory Floor,21.93
2024-10-17 12:00:00,2024-10-17,12,10,October,Thursday,2.42,237.3,24.3,Kitchen,20.57
2024-10-17 13:00:00,2024-10-17,13,10,October,Thursday,2.63,218.6,20.3,AC Unit,22.36
2024-10-17 14:00:00,2024-10-17,14,10,October,Thursday,2.65,224.7,18.4,Factory Floor,22.52
2024-10-17 15:00:00,2024-10-17,15,10,October,Thursday,2.75,234.7,16.2,Living Room,23.38
2024-10-17 16:00:00,2024-10-17,16,10,October,Thursday,2.57,238.8,23.8,Office,21.84
2024-10-17 17:00:00,2024-10-17,17,10,October,Thursday,2.16,235.4,24.3,Living Room,18.36
2024-10-17 18:00:00,2024-10-17,18,10,October,Thursday,9.8,222.2,24.4,Kitchen,83.3
2024-10-17 19:00:00,2024-10-17,19,10,October,Thursday,7.31,218.0,24.1,Factory Floor,62.13
2024-10-17 20:00:00,2024-10-17,20,10,October,Thursday,6.98,231.9,23.0,Living Room,59.33
2024-10-17 21:00:00,2024-10-17,21,10,October,Thursday,10.01,226.2,14.2,Office,85.08
2024-10-17 22:00:00,2024-10-17,22,10,October,Thursday,8.77,239.5,23.3,Kitchen,74.55
2024-10-17 23:00:00,2024-10-17,23,10,October,Thursday,2.09,236.4,10.8,Kitchen,17.77
2024-10-18 00:00:00,2024-10-18,0,10,October,Friday,0.88,222.9,23.7,Office,7.48
2024-10-18 01:00:00,2024-10-18,1,10,October,Friday,1.32,225.8,14.5,Office,11.22
2024-10-18 02:00:00,2024-10-18,2,10,October,Friday,1.97,231.9,21.3,Factory Floor,16.75
2024-10-18 03:00:00,2024-10-18,3,10,October,Friday,0.74,237.9,17.6,Factory Floor,6.29
2024-10-18 04:00:00,2024-10-18,4,10,October,Friday,0.5,221.5,21.1,AC Unit,4.25
2024-10-18 05:00:00,2024-10-18,5,10,October,Friday,1.36,238.4,16.1,Office,11.56
2024-10-18 06:00:00,2024-10-18,6,10,October,Friday,6.23,233.0,14.5,Factory Floor,52.96
2024-10-18 07:00:00,2024-10-18,7,10,October,Friday,5.83,237.8,24.1,Kitchen,49.55
2024-10-18 08:00:00,2024-10-18,8,10,October,Friday,6.21,238.4,18.2,Kitchen,52.78
2024-10-18 09:00:00,2024-10-18,9,10,October,Friday,7.35,233.4,15.9,Kitchen,62.47
2024-10-18 10:00:00,2024-10-18,10,10,October,Friday,2.39,219.9,13.0,Living Room,20.32
2024-10-18 11:00:00,2024-10-18,11,10,October,Friday,2.85,225.0,10.6,Factory Floor,24.23
2024-10-18 12:00:00,2024-10-18,12,10,October,Friday,2.16,227.5,23.4,Office,18.36
2024-10-18 13:00:00,2024-10-18,13,10,October,Friday,2.77,223.7,13.1,Factory Floor,23.55
2024-10-18 14:00:00,2024-10-18,14,10,October,Friday,2.31,219.2,22.4,AC Unit,19.64
2024-10-18 15:00:00,2024-10-18,15,10,October,Friday,2.78,234.0,14.2,Living Room,23.63
2024-10-18 16:00:00,2024-10-18,16,10,October,Friday,2.63,228.4,25.0,AC Unit,22.36
2024-10-18 17:00:00,2024-10-18,17,10,October,Friday,2.85,235.0,22.9,Living Room,24.23
2024-10-18 18:00:00,2024-10-18,18,10,October,Friday,7.01,235.1,20.3,Factory Floor,59.59
2024-10-18 19:00:00,2024-10-18,19,10,October,Friday,8.42,228.4,24.8,Kitchen,71.57
2024-10-18 20:00:00,2024-10-18,20,10,October,Friday,8.46,225.6,11.1,Living Room,71.91
2024-10-18 21:00:00,2024-10-18,21,10,October,Friday,8.46,232.8,23.9,Factory Floor,71.91
2024-10-18 22:00:00,2024-10-18,22,10,October,Friday,7.5,226.4,21.5,Living Room,63.75
2024-10-18 23:00:00,2024-10-18,23,10,October,Friday,2.63,230.3,17.9,Living Room,22.36
2024-10-19 00:00:00,2024-10-19,0,10,October,Saturday,1.69,236.6,21.2,Living Room,14.37
2024-10-19 01:00:00,2024-10-19,1,10,October,Saturday,1.21,218.1,16.3,Living Room,10.29
2024-10-19 02:00:00,2024-10-19,2,10,October,Saturday,0.81,232.7,15.0,Office,6.89
2024-10-19 03:00:00,2024-10-19,3,10,October,Saturday,0.79,239.8,20.8,Kitchen,6.71
2024-10-19 04:00:00,2024-10-19,4,10,October,Saturday,0.5,241.1,16.2,Factory Floor,4.25
2024-10-19 05:00:00,2024-10-19,5,10,October,Saturday,0.74,241.7,23.1,Kitchen,6.29
2024-10-19 06:00:00,2024-10-19,6,10,October,Saturday,7.69,219.8,15.2,Kitchen,65.37
2024-10-19 07:00:00,2024-10-19,7,10,October,Saturday,8.01,239.5,21.6,Office,68.08
2024-10-19 08:00:00,2024-10-19,8,10,October,Saturday,5.85,224.1,22.5,Factory Floor,49.72
2024-10-19 09:00:00,2024-10-19,9,10,October,Saturday,5.3,240.2,20.3,Kitchen,45.05
2024-10-19 10:00:00,2024-10-19,10,10,October,Saturday,2.62,227.0,12.5,Living Room,22.27
2024-10-19 11:00:00,2024-10-19,11,10,October,Saturday,2.99,233.3,21.2,Factory Floor,25.42
2024-10-19 12:00:00,2024-10-19,12,10,October,Saturday,2.43,220.3,18.1,Kitchen,20.66
2024-10-19 13:00:00,2024-10-19,13,10,October,Saturday,2.93,233.8,21.6,Factory Floor,24.91
2024-10-19 14:00:00,2024-10-19,14,10,October,Saturday,2.76,224.1,18.6,AC Unit,23.46
2024-10-19 15:00:00,2024-10-19,15,10,October,Saturday,2.36,235.7,11.0,Office,20.06
2024-10-19 16:00:00,2024-10-19,16,10,October,Saturday,2.92,238.8,20.4,AC Unit,24.82
2024-10-19 17:00:00,2024-10-19,17,10,October,Saturday,2.75,231.9,12.3,Kitchen,23.38
2024-10-19 18:00:00,2024-10-19,18,10,October,Saturday,8.7,231.2,15.3,Kitchen,73.95
2024-10-19 19:00:00,2024-10-19,19,10,October,Saturday,6.78,242.0,15.3,Living Room,57.63
2024-10-19 20:00:00,2024-10-19,20,10,October,Saturday,10.25,231.1,11.8,Kitchen,87.12
2024-10-19 21:00:00,2024-10-19,21,10,October,Saturday,8.1,226.0,10.7,AC Unit,68.85
2024-10-19 22:00:00,2024-10-19,22,10,October,Saturday,9.51,223.5,20.7,AC Unit,80.83
2024-10-19 23:00:00,2024-10-19,23,10,October,Saturday,2.75,232.4,13.5,Office,23.38
2024-10-20 00:00:00,2024-10-20,0,10,October,Sunday,0.76,237.6,20.3,Kitchen,6.46
2024-10-20 01:00:00,2024-10-20,1,10,October,Sunday,1.38,222.0,13.8,Factory Floor,11.73
2024-10-20 02:00:00,2024-10-20,2,10,October,Sunday,0.97,223.8,13.5,AC Unit,8.24
2024-10-20 03:00:00,2024-10-20,3,10,October,Sunday,1.46,240.4,24.6,Kitchen,12.41
2024-10-20 04:00:00,2024-10-20,4,10,October,Sunday,0.91,224.2,18.9,Office,7.74
2024-10-20 05:00:00,2024-10-20,5,10,October,Sunday,1.58,231.5,15.3,Office,13.43
2024-10-20 06:00:00,2024-10-20,6,10,October,Sunday,5.28,218.6,16.2,AC Unit,44.88
2024-10-20 07:00:00,2024-10-20,7,10,October,Sunday,7.75,227.9,13.7,Kitchen,65.88
2024-10-20 08:00:00,2024-10-20,8,10,October,Sunday,6.82,225.7,10.3,Living Room,57.97
2024-10-20 09:00:00,2024-10-20,9,10,October,Sunday,7.53,234.1,22.8,Living Room,64.0
2024-10-20 10:00:00,2024-10-20,10,10,October,Sunday,2.33,218.7,14.7,Office,19.8
2024-10-20 11:00:00,2024-10-20,11,10,October,Sunday,2.13,223.1,17.3,Living Room,18.11
2024-10-20 12:00:00,2024-10-20,12,10,October,Sunday,2.06,219.2,13.8,AC Unit,17.51
2024-10-20 13:00:00,2024-10-20,13,10,October,Sunday,2.47,234.6,18.5,Living Room,21.0
2024-10-20 14:00:00,2024-10-20,14,10,October,Sunday,2.47,229.6,13.8,Living Room,21.0
2024-10-20 15:00:00,2024-10-20,15,10,October,Sunday,2.03,235.0,15.3,Office,17.25
2024-10-20 16:00:00,2024-10-20,16,10,October,Sunday,2.68,230.1,14.2,Office,22.78
2024-10-20 17:00:00,2024-10-20,17,10,October,Sunday,2.4,234.2,17.3,Kitchen,20.4
2024-10-20 18:00:00,2024-10-20,18,10,October,Sunday,8.7,232.4,16.1,Living Room,73.95
2024-10-20 19:00:00,2024-10-20,19,10,October,Sunday,7.99,227.1,10.9,AC Unit,67.92
2024-10-20 20:00:00,2024-10-20,20,10,October,Sunday,10.2,224.3,12.2,Office,86.7
2024-10-20 21:00:00,2024-10-20,21,10,October,Sunday,6.42,228.5,18.9,Office,54.57
2024-10-20 22:00:00,2024-10-20,22,10,October,Sunday,8.91,238.6,21.9,Office,75.73
2024-10-20 23:00:00,2024-10-20,23,10,October,Sunday,2.63,218.1,13.2,Kitchen,22.36
2024-10-21 00:00:00,2024-10-21,0,10,October,Monday,0.5,218.4,15.9,AC Unit,4.25
2024-10-21 01:00:00,2024-10-21,1,10,October,Monday,0.96,221.2,23.8,Factory Floor,8.16
2024-10-21 02:00:00,2024-10-21,2,10,October,Monday,1.39,240.4,13.3,Living Room,11.81
2024-10-21 03:00:00,2024-10-21,3,10,October,Monday,0.97,230.6,16.9,Kitchen,8.24
2024-10-21 04:00:00,2024-10-21,4,10,October,Monday,1.39,219.6,15.1,Factory Floor,11.81
2024-10-21 05:00:00,2024-10-21,5,10,October,Monday,0.88,232.6,23.2,Office,7.48
2024-10-21 06:00:00,2024-10-21,6,10,October,Monday,6.3,218.3,24.3,AC Unit,53.55
2024-10-21 07:00:00,2024-10-21,7,10,October,Monday,6.09,235.8,23.2,Factory Floor,51.77
2024-10-21 08:00:00,2024-10-21,8,10,October,Monday,5.78,241.6,12.8,Office,49.13
2024-10-21 09:00:00,2024-10-21,9,10,October,Monday,8.25,239.1,14.4,Living Room,70.12
2024-10-21 10:00:00,2024-10-21,10,10,October,Monday,2.09,224.1,22.1,Factory Floor,17.77
2024-10-21 11:00:00,2024-10-21,11,10,October,Monday,2.84,225.3,24.7,AC Unit,24.14
2024-10-21 12:00:00,2024-10-21,12,10,October,Monday,2.73,222.8,23.0,Factory Floor,23.2
2024-10-21 13:00:00,2024-10-21,13,10,October,Monday,2.86,218.9,21.4,Office,24.31
2024-10-21 14:00:00,2024-10-21,14,10,October,Monday,2.04,241.6,16.9,Living Room,17.34
2024-10-21 15:00:00,2024-10-21,15,10,October,Monday,2.6,226.8,21.9,AC Unit,22.1
2024-10-21 16:00:00,2024-10-21,16,10,October,Monday,2.57,240.7,13.5,Factory Floor,21.84
2024-10-21 17:00:00,2024-10-21,17,10,October,Monday,2.09,240.3,19.9,AC Unit,17.77
2024-10-21 18:00:00,2024-10-21,18,10,October,Monday,6.56,239.8,16.0,Office,55.76
2024-10-21 19:00:00,2024-10-21,19,10,October,Monday,6.44,238.8,10.3,Living Room,54.74
2024-10-21 20:00:00,2024-10-21,20,10,October,Monday,9.32,239.2,16.4,AC Unit,79.22
2024-10-21 21:00:00,2024-10-21,21,10,October,Monday,9.59,238.5,23.7,Living Room,81.52
2024-10-21 22:00:00,2024-10-21,22,10,October,Monday,10.09,237.0,16.8,Factory Floor,85.77
2024-10-21 23:00:00,2024-10-21,23,10,October,Monday,2.8,234.3,16.4,Office,23.8
2024-10-22 00:00:00,2024-10-22,0,10,October,Tuesday,0.8,230.2,12.7,Factory Floor,6.8
2024-10-22 01:00:00,2024-10-22,1,10,October,Tuesday,1.52,220.8,14.0,AC Unit,12.92
2024-10-22 02:00:00,2024-10-22,2,10,October,Tuesday,1.12,235.1,16.7,Living Room,9.52
2024-10-22 03:00:00,2024-10-22,3,10,October,Tuesday,0.5,237.4,20.4,Office,4.25
2024-10-22 04:00:00,2024-10-22,4,10,October,Tuesday,0.72,221.4,21.6,Living Room,6.12
2024-10-22 05:00:00,2024-10-22,5,10,October,Tuesday,1.32,231.5,19.6,Office,11.22
2024-10-22 06:00:00,2024-10-22,6,10,October,Tuesday,7.44,222.0,18.7,Office,63.24
2024-10-22 07:00:00,2024-10-22,7,10,October,Tuesday,6.07,218.6,17.9,Living Room,51.59
2024-10-22 08:00:00,2024-10-22,8,10,October,Tuesday,7.5,242.0,21.7,AC Unit,63.75
2024-10-22 09:00:00,2024-10-22,9,10,October,Tuesday,6.29,219.5,21.9,Kitchen,53.47
2024-10-22 10:00:00,2024-10-22,10,10,October,Tuesday,2.46,228.0,11.9,AC Unit,20.91
2024-10-22 11:00:00,2024-10-22,11,10,October,Tuesday,2.37,227.7,17.4,Factory Floor,20.14
2024-10-22 12:00:00,2024-10-22,12,10,October,Tuesday,2.82,228.4,19.3,AC Unit,23.97
2024-10-22 13:00:00,2024-10-22,13,10,October,Tuesday,2.26,235.0,22.7,AC Unit,19.21
2024-10-22 14:00:00,2024-10-22,14,10,October,Tuesday,2.75,218.1,10.9,AC Unit,23.38
2024-10-22 15:00:00,2024-10-22,15,10,October,Tuesday,2.04,228.7,16.2,Kitchen,17.34
2024-10-22 16:00:00,2024-10-22,16,10,October,Tuesday,2.24,238.7,11.8,Factory Floor,19.04
2024-10-22 17:00:00,2024-10-22,17,10,October,Tuesday,2.31,236.6,16.7,Office,19.64
2024-10-22 18:00:00,2024-10-22,18,10,October,Tuesday,8.53,230.6,12.4,Office,72.5
2024-10-22 19:00:00,2024-10-22,19,10,October,Tuesday,8.91,236.0,14.6,Factory Floor,75.73
2024-10-22 20:00:00,2024-10-22,20,10,October,Tuesday,10.44,224.2,18.8,Factory Floor,88.74
2024-10-22 21:00:00,2024-10-22,21,10,October,Tuesday,9.04,221.6,23.0,Living Room,76.84
2024-10-22 22:00:00,2024-10-22,22,10,October,Tuesday,9.83,232.3,20.3,Factory Floor,83.56
2024-10-22 23:00:00,2024-10-22,23,10,October,Tuesday,2.41,237.8,14.8,AC Unit,20.48
2024-10-23 00:00:00,2024-10-23,0,10,October,Wednesday,1.49,230.2,22.5,Office,12.66
2024-10-23 01:00:00,2024-10-23,1,10,October,Wednesday,1.24,241.2,13.7,Factory Floor,10.54
2024-10-23 02:00:00,2024-10-23,2,10,October,Wednesday,1.0,238.1,14.8,Office,8.5
2024-10-23 03:00:00,2024-10-23,3,10,October,Wednesday,0.5,233.5,18.9,Factory Floor,4.25
2024-10-23 04:00:00,2024-10-23,4,10,October,Wednesday,0.8,220.9,14.9,Factory Floor,6.8
2024-10-23 05:00:00,2024-10-23,5,10,October,Wednesday,1.63,229.4,23.9,Living Room,13.85
2024-10-23 06:00:00,2024-10-23,6,10,October,Wednesday,6.73,221.8,15.7,Living Room,57.21
2024-10-23 07:00:00,2024-10-23,7,10,October,Wednesday,5.26,239.6,16.1,Factory Floor,44.71
2024-10-23 08:00:00,2024-10-23,8,10,October,Wednesday,8.01,221.5,21.6,Living Room,68.08
2024-10-23 09:00:00,2024-10-23,9,10,October,Wednesday,7.3,239.2,18.6,Factory Floor,62.05
2024-10-23 10:00:00,2024-10-23,10,10,October,Wednesday,2.1,228.3,21.1,AC Unit,17.85
2024-10-23 11:00:00,2024-10-23,11,10,October,Wednesday,2.01,239.0,21.4,Kitchen,17.08
2024-10-23 12:00:00,2024-10-23,12,10,October,Wednesday,3.0,229.0,18.5,Office,25.5
2024-10-23 13:00:00,2024-10-23,13,10,October,Wednesday,2.92,234.5,13.2,Office,24.82
2024-10-23 14:00:00,2024-10-23,14,10,October,Wednesday,2.63,229.7,20.8,Factory Floor,22.36
2024-10-23 15:00:00,2024-10-23,15,10,October,Wednesday,2.4,240.4,12.5,Factory Floor,20.4
2024-10-23 16:00:00,2024-10-23,16,10,October,Wednesday,2.03,235.7,14.7,Living Room,17.25
2024-10-23 17:00:00,2024-10-23,17,10,October,Wednesday,2.4,241.6,13.5,Living Room,20.4
2024-10-23 18:00:00,2024-10-23,18,10,October,Wednesday,7.58,228.1,23.3,Kitchen,64.43
2024-10-23 19:00:00,2024-10-23,19,10,October,Wednesday,7.4,224.8,22.1,Office,62.9
2024-10-23 20:00:00,2024-10-23,20,10,October,Wednesday,7.28,234.4,16.5,Living Room,61.88
2024-10-23 21:00:00,2024-10-23,21,10,October,Wednesday,8.47,225.7,21.9,AC Unit,72.0
2024-10-23 22:00:00,2024-10-23,22,10,October,Wednesday,6.94,227.4,11.0,AC Unit,58.99
2024-10-23 23:00:00,2024-10-23,23,10,October,Wednesday,2.03,233.0,24.9,Kitchen,17.25
2024-10-24 00:00:00,2024-10-24,0,10,October,Thursday,1.04,237.0,20.1,Factory Floor,8.84
2024-10-24 01:00:00,2024-10-24,1,10,October,Thursday,1.05,241.3,14.3,Living Room,8.93
2024-10-24 02:00:00,2024-10-24,2,10,October,Thursday,1.41,222.3,12.4,Living Room,11.98
2024-10-24 03:00:00,2024-10-24,3,10,October,Thursday,0.72,231.6,13.3,Kitchen,6.12
2024-10-24 04:00:00,2024-10-24,4,10,October,Thursday,1.24,230.0,16.5,Living Room,10.54
2024-10-24 05:00:00,2024-10-24,5,10,October,Thursday,1.2,226.8,23.3,Kitchen,10.2
2024-10-24 06:00:00,2024-10-24,6,10,October,Thursday,8.45,240.9,16.8,Kitchen,71.82
2024-10-24 07:00:00,2024-10-24,7,10,October,Thursday,5.73,237.4,22.9,Office,48.71
2024-10-24 08:00:00,2024-10-24,8,10,October,Thursday,6.51,238.0,12.0,Living Room,55.34
2024-10-24 09:00:00,2024-10-24,9,10,October,Thursday,5.98,218.3,21.0,AC Unit,50.83
2024-10-24 10:00:00,2024-10-24,10,10,October,Thursday,2.98,218.2,24.5,Kitchen,25.33
2024-10-24 11:00:00,2024-10-24,11,10,October,Thursday,2.62,227.0,18.4,Office,22.27
2024-10-24 12:00:00,2024-10-24,12,10,October,Thursday,2.49,237.1,14.3,Kitchen,21.17
2024-10-24 13:00:00,2024-10-24,13,10,October,Thursday,2.77,226.2,20.1,Office,23.55
2024-10-24 14:00:00,2024-10-24,14,10,October,Thursday,2.84,241.2,18.2,Factory Floor,24.14
2024-10-24 15:00:00,2024-10-24,15,10,October,Thursday,2.66,240.4,14.8,Factory Floor,22.61
2024-10-24 16:00:00,2024-10-24,16,10,October,Thursday,2.6,239.0,13.7,Factory Floor,22.1
2024-10-24 17:00:00,2024-10-24,17,10,October,Thursday,2.02,227.2,12.8,AC Unit,17.17
2024-10-24 18:00:00,2024-10-24,18,10,October,Thursday,6.34,237.2,24.3,Factory Floor,53.89
2024-10-24 19:00:00,2024-10-24,19,10,October,Thursday,9.14,238.8,13.0,Office,77.69
2024-10-24 20:00:00,2024-10-24,20,10,October,Thursday,7.34,219.6,24.7,Factory Floor,62.39
2024-10-24 21:00:00,2024-10-24,21,10,October,Thursday,9.48,238.8,22.1,AC Unit,80.58
2024-10-24 22:00:00,2024-10-24,22,10,October,Thursday,8.14,219.6,24.9,Factory Floor,69.19
2024-10-24 23:00:00,2024-10-24,23,10,October,Thursday,2.69,220.7,24.1,Factory Floor,22.86
2024-10-25 00:00:00,2024-10-25,0,10,October,Friday,0.63,234.4,11.2,Kitchen,5.36
2024-10-25 01:00:00,2024-10-25,1,10,October,Friday,0.87,228.4,15.0,Kitchen,7.39
2024-10-25 02:00:00,2024-10-25,2,10,October,Friday,0.5,234.2,13.9,Factory Floor,4.25
2024-10-25 03:00:00,2024-10-25,3,10,October,Friday,1.64,220.3,24.8,Living Room,13.94
2024-10-25 04:00:00,2024-10-25,4,10,October,Friday,1.42,222.0,20.8,Living Room,12.07
2024-10-25 05:00:00,2024-10-25,5,10,October,Friday,0.92,219.0,22.6,Office,7.82
2024-10-25 06:00:00,2024-10-25,6,10,October,Friday,8.3,223.9,21.5,AC Unit,70.55
2024-10-25 07:00:00,2024-10-25,7,10,October,Friday,7.43,238.7,20.9,Living Room,63.16
2024-10-25 08:00:00,2024-10-25,8,10,October,Friday,8.32,230.4,17.3,Office,70.72
2024-10-25 09:00:00,2024-10-25,9,10,October,Friday,6.48,230.5,10.3,Office,55.08
2024-10-25 10:00:00,2024-10-25,10,10,October,Friday,2.54,232.2,23.1,AC Unit,21.59
2024-10-25 11:00:00,2024-10-25,11,10,October,Friday,2.85,239.8,17.6,Office,24.23
2024-10-25 12:00:00,2024-10-25,12,10,October,Friday,2.12,218.4,13.2,Living Room,18.02
2024-10-25 13:00:00,2024-10-25,13,10,October,Friday,2.34,218.8,22.6,Living Room,19.89
2024-10-25 14:00:00,2024-10-25,14,10,October,Friday,2.69,239.4,15.1,Kitchen,22.86
2024-10-25 15:00:00,2024-10-25,15,10,October,Friday,2.34,233.4,20.8,Factory Floor,19.89
2024-10-25 16:00:00,2024-10-25,16,10,October,Friday,2.81,232.2,10.6,Kitchen,23.89
2024-10-25 17:00:00,2024-10-25,17,10,October,Friday,2.96,236.7,25.0,Living Room,25.16
2024-10-25 18:00:00,2024-10-25,18,10,October,Friday,8.06,225.3,10.3,Kitchen,68.51
2024-10-25 19:00:00,2024-10-25,19,10,October,Friday,9.92,239.9,23.2,Factory Floor,84.32
2024-10-25 20:00:00,2024-10-25,20,10,October,Friday,10.68,236.6,12.2,Living Room,90.78
2024-10-25 21:00:00,2024-10-25,21,10,October,Friday,7.28,235.5,18.5,Kitchen,61.88
2024-10-25 22:00:00,2024-10-25,22,10,October,Friday,7.74,229.0,22.1,Office,65.79
2024-10-25 23:00:00,2024-10-25,23,10,October,Friday,2.51,231.4,22.6,Office,21.33
2024-10-26 00:00:00,2024-10-26,0,10,October,Saturday,0.82,232.4,22.7,Factory Floor,6.97
2024-10-26 01:00:00,2024-10-26,1,10,October,Saturday,1.57,218.0,13.4,AC Unit,13.35
2024-10-26 02:00:00,2024-10-26,2,10,October,Saturday,0.62,241.2,15.3,Living Room,5.27
2024-10-26 03:00:00,2024-10-26,3,10,October,Saturday,0.63,229.8,22.9,Office,5.36
2024-10-26 04:00:00,2024-10-26,4,10,October,Saturday,0.58,224.8,18.6,AC Unit,4.93
2024-10-26 05:00:00,2024-10-26,5,10,October,Saturday,0.5,240.3,18.5,Factory Floor,4.25
2024-10-26 06:00:00,2024-10-26,6,10,October,Saturday,5.97,224.5,10.6,Factory Floor,50.74
2024-10-26 07:00:00,2024-10-26,7,10,October,Saturday,6.16,240.4,23.2,Kitchen,52.36
2024-10-26 08:00:00,2024-10-26,8,10,October,Saturday,7.51,221.0,13.4,Factory Floor,63.84
2024-10-26 09:00:00,2024-10-26,9,10,October,Saturday,8.98,239.4,24.7,Office,76.33
2024-10-26 10:00:00,2024-10-26,10,10,October,Saturday,2.92,227.3,11.4,Kitchen,24.82
2024-10-26 11:00:00,2024-10-26,11,10,October,Saturday,2.41,239.4,20.0,Office,20.48
2024-10-26 12:00:00,2024-10-26,12,10,October,Saturday,2.36,238.2,21.7,Factory Floor,20.06
2024-10-26 13:00:00,2024-10-26,13,10,October,Saturday,2.25,231.1,11.8,Living Room,19.12
2024-10-26 14:00:00,2024-10-26,14,10,October,Saturday,2.69,238.5,13.0,Kitchen,22.86
2024-10-26 15:00:00,2024-10-26,15,10,October,Saturday,2.31,241.1,17.8,AC Unit,19.64
2024-10-26 16:00:00,2024-10-26,16,10,October,Saturday,2.27,237.6,14.2,Kitchen,19.3
2024-10-26 17:00:00,2024-10-26,17,10,October,Saturday,2.68,229.4,18.0,Office,22.78
2024-10-26 18:00:00,2024-10-26,18,10,October,Saturday,8.69,232.1,10.2,Office,73.86
2024-10-26 19:00:00,2024-10-26,19,10,October,Saturday,7.91,222.7,15.6,Office,67.23
2024-10-26 20:00:00,2024-10-26,20,10,October,Saturday,7.8,229.0,20.3,Kitchen,66.3
2024-10-26 21:00:00,2024-10-26,21,10,October,Saturday,7.5,220.0,12.6,AC Unit,63.75
2024-10-26 22:00:00,2024-10-26,22,10,October,Saturday,7.18,230.8,19.2,Office,61.03
2024-10-26 23:00:00,2024-10-26,23,10,October,Saturday,2.7,242.0,24.5,Factory Floor,22.95
2024-10-27 00:00:00,2024-10-27,0,10,October,Sunday,0.99,236.7,10.5,Kitchen,8.41
2024-10-27 01:00:00,2024-10-27,1,10,October,Sunday,0.5,238.7,17.5,Living Room,4.25
2024-10-27 02:00:00,2024-10-27,2,10,October,Sunday,1.14,226.7,23.7,Kitchen,9.69
2024-10-27 03:00:00,2024-10-27,3,10,October,Sunday,0.91,231.7,14.0,Kitchen,7.74
2024-10-27 04:00:00,2024-10-27,4,10,October,Sunday,0.89,224.7,24.9,AC Unit,7.57
2024-10-27 05:00:00,2024-10-27,5,10,October,Sunday,0.92,218.7,13.3,Kitchen,7.82
2024-10-27 06:00:00,2024-10-27,6,10,October,Sunday,7.33,230.7,22.6,Factory Floor,62.3
2024-10-27 07:00:00,2024-10-27,7,10,October,Sunday,8.76,233.3,23.3,Factory Floor,74.46
2024-10-27 08:00:00,2024-10-27,8,10,October,Sunday,7.88,224.2,17.2,Kitchen,66.98
2024-10-27 09:00:00,2024-10-27,9,10,October,Sunday,7.97,220.3,19.9,Living Room,67.75
2024-10-27 10:00:00,2024-10-27,10,10,October,Sunday,2.3,231.2,17.6,Kitchen,19.55
2024-10-27 11:00:00,2024-10-27,11,10,October,Sunday,2.74,238.3,12.6,Living Room,23.29
2024-10-27 12:00:00,2024-10-27,12,10,October,Sunday,2.79,233.4,16.7,Factory Floor,23.71
2024-10-27 13:00:00,2024-10-27,13,10,October,Sunday,2.79,236.1,19.7,Kitchen,23.71
2024-10-27 14:00:00,2024-10-27,14,10,October,Sunday,2.87,235.9,14.2,Kitchen,24.39
2024-10-27 15:00:00,2024-10-27,15,10,October,Sunday,2.32,232.2,24.1,Kitchen,19.72
2024-10-27 16:00:00,2024-10-27,16,10,October,Sunday,2.13,221.1,23.3,Factory Floor,18.11
2024-10-27 17:00:00,2024-10-27,17,10,October,Sunday,2.48,236.5,16.8,AC Unit,21.08
2024-10-27 18:00:00,2024-10-27,18,10,October,Sunday,8.12,219.1,24.9,Office,69.02
2024-10-27 19:00:00,2024-10-27,19,10,October,Sunday,8.45,220.2,24.0,AC Unit,71.82
2024-10-27 20:00:00,2024-10-27,20,10,October,Sunday,8.54,218.8,20.7,Kitchen,72.59
2024-10-27 21:00:00,2024-10-27,21,10,October,Sunday,8.71,227.5,21.5,Factory Floor,74.04
2024-10-27 22:00:00,2024-10-27,22,10,October,Sunday,8.67,225.1,22.2,Living Room,73.69
2024-10-27 23:00:00,2024-10-27,23,10,October,Sunday,2.76,237.1,14.3,AC Unit,23.46
2024-10-28 00:00:00,2024-10-28,0,10,October,Monday,0.73,239.2,21.6,Kitchen,6.21
2024-10-28 01:00:00,2024-10-28,1,10,October,Monday,1.13,232.3,16.7,Factory Floor,9.6
2024-10-28 02:00:00,2024-10-28,2,10,October,Monday,1.33,234.8,20.8,Kitchen,11.3
2024-10-28 03:00:00,2024-10-28,3,10,October,Monday,0.5,226.2,12.0,Living Room,4.25
2024-10-28 04:00:00,2024-10-28,4,10,October,Monday,1.82,225.6,16.1,Factory Floor,15.47
2024-10-28 05:00:00,2024-10-28,5,10,October,Monday,0.99,229.4,24.3,Factory Floor,8.41
2024-10-28 06:00:00,2024-10-28,6,10,October,Monday,7.68,228.9,20.0,Living Room,65.28
2024-10-28 07:00:00,2024-10-28,7,10,October,Monday,7.32,230.4,16.5,Factory Floor,62.22
2024-10-28 08:00:00,2024-10-28,8,10,October,Monday,7.32,223.4,18.6,Office,62.22
2024-10-28 09:00:00,2024-10-28,9,10,October,Monday,7.94,225.9,21.8,Kitchen,67.49
2024-10-28 10:00:00,2024-10-28,10,10,October,Monday,2.7,219.6,20.7,AC Unit,22.95
2024-10-28 11:00:00,2024-10-28,11,10,October,Monday,2.75,222.1,24.3,AC Unit,23.38
2024-10-28 12:00:00,2024-10-28,12,10,October,Monday,2.96,219.2,19.3,Factory Floor,25.16
2024-10-28 13:00:00,2024-10-28,13,10,October,Monday,2.21,229.7,16.3,Factory Floor,18.79
2024-10-28 14:00:00,2024-10-28,14,10,October,Monday,2.67,230.1,21.7,Factory Floor,22.7
2024-10-28 15:00:00,2024-10-28,15,10,October,Monday,2.88,226.5,21.5,Office,24.48
2024-10-28 16:00:00,2024-10-28,16,10,October,Monday,2.94,239.1,20.2,Office,24.99
2024-10-28 17:00:00,2024-10-28,17,10,October,Monday,2.09,229.5,19.4,Kitchen,17.77
2024-10-28 18:00:00,2024-10-28,18,10,October,Monday,10.03,218.5,18.3,Living Room,85.25
2024-10-28 19:00:00,2024-10-28,19,10,October,Monday,6.12,235.8,12.7,Factory Floor,52.02
2024-10-28 20:00:00,2024-10-28,20,10,October,Monday,9.27,227.5,14.8,AC Unit,78.8
2024-10-28 21:00:00,2024-10-28,21,10,October,Monday,8.54,220.6,23.0,Living Room,72.59
2024-10-28 22:00:00,2024-10-28,22,10,October,Monday,8.66,220.4,20.5,Living Room,73.61
2024-10-28 23:00:00,2024-10-28,23,10,October,Monday,2.66,218.2,20.7,AC Unit,22.61
2024-10-29 00:00:00,2024-10-29,0,10,October,Tuesday,0.97,222.4,12.3,Kitchen,8.24
2024-10-29 01:00:00,2024-10-29,1,10,October,Tuesday,1.19,233.4,23.1,Office,10.12
2024-10-29 02:00:00,2024-10-29,2,10,October,Tuesday,0.5,234.9,11.9,AC Unit,4.25
2024-10-29 03:00:00,2024-10-29,3,10,October,Tuesday,0.5,219.1,24.9,Living Room,4.25
2024-10-29 04:00:00,2024-10-29,4,10,October,Tuesday,1.13,221.7,15.0,Kitchen,9.6
2024-10-29 05:00:00,2024-10-29,5,10,October,Tuesday,1.21,224.1,21.4,Kitchen,10.29
2024-10-29 06:00:00,2024-10-29,6,10,October,Tuesday,6.93,229.1,20.1,Factory Floor,58.91
2024-10-29 07:00:00,2024-10-29,7,10,October,Tuesday,6.71,239.7,21.8,Kitchen,57.03
2024-10-29 08:00:00,2024-10-29,8,10,October,Tuesday,7.0,226.0,22.8,AC Unit,59.5
2024-10-29 09:00:00,2024-10-29,9,10,October,Tuesday,5.81,218.2,20.6,Office,49.38
2024-10-29 10:00:00,2024-10-29,10,10,October,Tuesday,2.44,220.2,10.0,Factory Floor,20.74
2024-10-29 11:00:00,2024-10-29,11,10,October,Tuesday,2.08,239.5,19.4,Office,17.68
2024-10-29 12:00:00,2024-10-29,12,10,October,Tuesday,2.03,236.9,11.3,Office,17.25
2024-10-29 13:00:00,2024-10-29,13,10,October,Tuesday,2.6,229.6,14.0,Factory Floor,22.1
2024-10-29 14:00:00,2024-10-29,14,10,October,Tuesday,2.39,235.0,16.2,Factory Floor,20.32
2024-10-29 15:00:00,2024-10-29,15,10,October,Tuesday,2.83,224.6,12.3,Living Room,24.05
2024-10-29 16:00:00,2024-10-29,16,10,October,Tuesday,2.46,236.0,12.6,Kitchen,20.91
2024-10-29 17:00:00,2024-10-29,17,10,October,Tuesday,2.37,228.2,19.8,Kitchen,20.14
2024-10-29 18:00:00,2024-10-29,18,10,October,Tuesday,9.87,223.2,15.2,Kitchen,83.89
2024-10-29 19:00:00,2024-10-29,19,10,October,Tuesday,8.54,240.0,15.6,Kitchen,72.59
2024-10-29 20:00:00,2024-10-29,20,10,October,Tuesday,9.86,228.7,21.0,Factory Floor,83.81
2024-10-29 21:00:00,2024-10-29,21,10,October,Tuesday,8.28,218.3,24.5,Living Room,70.38
2024-10-29 22:00:00,2024-10-29,22,10,October,Tuesday,9.65,222.2,20.3,Office,82.03
2024-10-29 23:00:00,2024-10-29,23,10,October,Tuesday,2.3,229.1,15.8,Factory Floor,19.55
2024-10-30 00:00:00,2024-10-30,0,10,October,Wednesday,1.22,219.7,20.2,Living Room,10.37
2024-10-30 01:00:00,2024-10-30,1,10,October,Wednesday,1.44,236.9,13.1,Factory Floor,12.24
2024-10-30 02:00:00,2024-10-30,2,10,October,Wednesday,0.57,236.5,15.9,Factory Floor,4.84
2024-10-30 03:00:00,2024-10-30,3,10,October,Wednesday,1.36,224.1,18.7,Living Room,11.56
2024-10-30 04:00:00,2024-10-30,4,10,October,Wednesday,0.5,232.5,15.1,Factory Floor,4.25
2024-10-30 05:00:00,2024-10-30,5,10,October,Wednesday,0.8,233.6,13.0,Kitchen,6.8
2024-10-30 06:00:00,2024-10-30,6,10,October,Wednesday,7.25,241.8,15.4,Living Room,61.62
2024-10-30 07:00:00,2024-10-30,7,10,October,Wednesday,6.22,230.3,23.1,Living Room,52.87
2024-10-30 08:00:00,2024-10-30,8,10,October,Wednesday,8.45,230.0,11.4,AC Unit,71.82
2024-10-30 09:00:00,2024-10-30,9,10,October,Wednesday,8.19,222.7,24.0,Factory Floor,69.61
2024-10-30 10:00:00,2024-10-30,10,10,October,Wednesday,2.75,241.8,19.5,Office,23.38
2024-10-30 11:00:00,2024-10-30,11,10,October,Wednesday,2.42,240.3,17.2,Kitchen,20.57
2024-10-30 12:00:00,2024-10-30,12,10,October,Wednesday,2.77,232.3,18.7,Office,23.55
2024-10-30 13:00:00,2024-10-30,13,10,October,Wednesday,2.39,229.1,20.5,AC Unit,20.32
2024-10-30 14:00:00,2024-10-30,14,10,October,Wednesday,2.36,230.4,18.8,Living Room,20.06
2024-10-30 15:00:00,2024-10-30,15,10,October,Wednesday,2.47,241.7,20.4,Office,21.0
2024-10-30 16:00:00,2024-10-30,16,10,October,Wednesday,2.38,236.4,24.0,AC Unit,20.23
2024-10-30 17:00:00,2024-10-30,17,10,October,Wednesday,2.29,231.2,24.6,Factory Floor,19.46
2024-10-30 18:00:00,2024-10-30,18,10,October,Wednesday,6.69,231.8,13.3,Living Room,56.87
2024-10-30 19:00:00,2024-10-30,19,10,October,Wednesday,6.98,230.2,12.9,AC Unit,59.33
2024-10-30 20:00:00,2024-10-30,20,10,October,Wednesday,7.84,224.0,21.4,Office,66.64
2024-10-30 21:00:00,2024-10-30,21,10,October,Wednesday,7.51,229.6,20.4,Office,63.84
2024-10-30 22:00:00,2024-10-30,22,10,October,Wednesday,10.49,222.1,19.4,AC Unit,89.17
2024-10-30 23:00:00,2024-10-30,23,10,October,Wednesday,2.06,232.2,21.9,Living Room,17.51
2024-10-31 00:00:00,2024-10-31,0,10,October,Thursday,1.19,239.8,15.0,Office,10.12
2024-10-31 01:00:00,2024-10-31,1,10,October,Thursday,1.06,226.8,23.2,Office,9.01
2024-10-31 02:00:00,2024-10-31,2,10,October,Thursday,1.17,218.6,24.8,Factory Floor,9.95
2024-10-31 03:00:00,2024-10-31,3,10,October,Thursday,1.59,221.6,12.2,Kitchen,13.52
2024-10-31 04:00:00,2024-10-31,4,10,October,Thursday,0.61,223.7,24.3,Office,5.18
2024-10-31 05:00:00,2024-10-31,5,10,October,Thursday,0.67,229.9,15.6,Kitchen,5.7
2024-10-31 06:00:00,2024-10-31,6,10,October,Thursday,6.96,233.6,14.5,Kitchen,59.16
2024-10-31 07:00:00,2024-10-31,7,10,October,Thursday,6.9,238.4,17.5,Factory Floor,58.65
2024-10-31 08:00:00,2024-10-31,8,10,October,Thursday,6.19,218.8,20.3,Office,52.62
2024-10-31 09:00:00,2024-10-31,9,10,October,Thursday,6.49,240.2,11.8,Office,55.16
2024-10-31 10:00:00,2024-10-31,10,10,October,Thursday,2.95,235.4,10.7,Office,25.08
2024-10-31 11:00:00,2024-10-31,11,10,October,Thursday,2.05,231.0,14.7,AC Unit,17.42
2024-10-31 12:00:00,2024-10-31,12,10,October,Thursday,2.82,240.6,21.3,AC Unit,23.97
2024-10-31 13:00:00,2024-10-31,13,10,October,Thursday,2.54,233.6,14.8,Living Room,21.59
2024-10-31 14:00:00,2024-10-31,14,10,October,Thursday,2.11,231.5,19.6,Factory Floor,17.93
2024-10-31 15:00:00,2024-10-31,15,10,October,Thursday,2.49,229.8,24.5,AC Unit,21.17
2024-10-31 16:00:00,2024-10-31,16,10,October,Thursday,2.5,219.9,13.2,Office,21.25
2024-10-31 17:00:00,2024-10-31,17,10,October,Thursday,2.81,235.5,24.3,Factory Floor,23.89
2024-10-31 18:00:00,2024-10-31,18,10,October,Thursday,7.16,233.2,15.8,AC Unit,60.86
2024-10-31 19:00:00,2024-10-31,19,10,October,Thursday,7.19,225.2,16.7,AC Unit,61.12
2024-10-31 20:00:00,2024-10-31,20,10,October,Thursday,9.38,223.5,24.3,Office,79.73
2024-10-31 21:00:00,2024-10-31,21,10,October,Thursday,9.72,237.0,24.0,Factory Floor,82.62
2024-10-31 22:00:00,2024-10-31,22,10,October,Thursday,9.85,220.7,23.9,AC Unit,83.72
2024-10-31 23:00:00,2024-10-31,23,10,October,Thursday,2.0,223.2,14.4,Office,17.0
2024-11-01 00:00:00,2024-11-01,0,11,November,Friday,0.61,224.9,14.7,AC Unit,5.18
2024-11-01 01:00:00,2024-11-01,1,11,November,Friday,0.5,225.0,14.8,Living Room,4.25
2024-11-01 02:00:00,2024-11-01,2,11,November,Friday,0.88,228.0,19.4,Office,7.48
2024-11-01 03:00:00,2024-11-01,3,11,November,Friday,1.17,224.5,24.2,Factory Floor,9.95
2024-11-01 04:00:00,2024-11-01,4,11,November,Friday,1.53,227.8,10.2,Office,13.01
2024-11-01 05:00:00,2024-11-01,5,11,November,Friday,1.18,231.9,19.1,Living Room,10.03
2024-11-01 06:00:00,2024-11-01,6,11,November,Friday,6.62,241.4,13.5,Factory Floor,56.27
2024-11-01 07:00:00,2024-11-01,7,11,November,Friday,6.71,233.5,17.9,Office,57.03
2024-11-01 08:00:00,2024-11-01,8,11,November,Friday,6.65,235.9,20.2,AC Unit,56.53
2024-11-01 09:00:00,2024-11-01,9,11,November,Friday,8.58,228.9,13.7,Office,72.93
2024-11-01 10:00:00,2024-11-01,10,11,November,Friday,2.54,241.0,14.0,Office,21.59
2024-11-01 11:00:00,2024-11-01,11,11,November,Friday,2.93,219.5,16.5,Office,24.91
2024-11-01 12:00:00,2024-11-01,12,11,November,Friday,2.32,226.1,13.8,Factory Floor,19.72
2024-11-01 13:00:00,2024-11-01,13,11,November,Friday,2.48,223.7,19.6,Living Room,21.08
2024-11-01 14:00:00,2024-11-01,14,11,November,Friday,2.14,230.2,17.7,Factory Floor,18.19
2024-11-01 15:00:00,2024-11-01,15,11,November,Friday,2.37,239.7,11.1,Office,20.14
2024-11-01 16:00:00,2024-11-01,16,11,November,Friday,2.08,231.2,18.4,Office,17.68
2024-11-01 17:00:00,2024-11-01,17,11,November,Friday,2.47,227.0,18.9,Office,21.0
2024-11-01 18:00:00,2024-11-01,18,11,November,Friday,9.61,235.5,22.2,Living Room,81.69
2024-11-01 19:00:00,2024-11-01,19,11,November,Friday,8.59,219.4,18.8,AC Unit,73.02
2024-11-01 20:00:00,2024-11-01,20,11,November,Friday,7.89,228.5,15.7,Office,67.06
2024-11-01 21:00:00,2024-11-01,21,11,November,Friday,7.49,235.5,11.0,Kitchen,63.66
2024-11-01 22:00:00,2024-11-01,22,11,November,Friday,8.03,225.0,11.9,Factory Floor,68.25
2024-11-01 23:00:00,2024-11-01,23,11,November,Friday,2.1,221.2,19.2,Kitchen,17.85
2024-11-02 00:00:00,2024-11-02,0,11,November,Saturday,0.97,236.6,21.4,AC Unit,8.24
2024-11-02 01:00:00,2024-11-02,1,11,November,Saturday,1.14,237.0,23.2,AC Unit,9.69
2024-11-02 02:00:00,2024-11-02,2,11,November,Saturday,0.86,240.4,22.3,Office,7.31
2024-11-02 03:00:00,2024-11-02,3,11,November,Saturday,1.38,237.5,17.6,Living Room,11.73
2024-11-02 04:00:00,2024-11-02,4,11,November,Saturday,1.32,230.6,18.4,AC Unit,11.22
2024-11-02 05:00:00,2024-11-02,5,11,November,Saturday,0.87,238.6,12.2,Factory Floor,7.39
2024-11-02 06:00:00,2024-11-02,6,11,November,Saturday,8.42,240.5,13.7,Office,71.57
2024-11-02 07:00:00,2024-11-02,7,11,November,Saturday,8.25,231.9,22.2,Kitchen,70.12
2024-11-02 08:00:00,2024-11-02,8,11,November,Saturday,8.45,227.9,18.5,Office,71.82
2024-11-02 09:00:00,2024-11-02,9,11,November,Saturday,8.49,225.8,15.0,Living Room,72.17
2024-11-02 10:00:00,2024-11-02,10,11,November,Saturday,2.79,236.1,20.3,AC Unit,23.71
2024-11-02 11:00:00,2024-11-02,11,11,November,Saturday,2.28,226.7,10.7,Kitchen,19.38
2024-11-02 12:00:00,2024-11-02,12,11,November,Saturday,2.6,221.8,19.1,Living Room,22.1
2024-11-02 13:00:00,2024-11-02,13,11,November,Saturday,2.69,218.4,16.6,Kitchen,22.86
2024-11-02 14:00:00,2024-11-02,14,11,November,Saturday,2.71,234.6,12.2,AC Unit,23.04
2024-11-02 15:00:00,2024-11-02,15,11,November,Saturday,2.15,230.4,15.2,Factory Floor,18.27
2024-11-02 16:00:00,2024-11-02,16,11,November,Saturday,2.24,226.0,14.6,Living Room,19.04
2024-11-02 17:00:00,2024-11-02,17,11,November,Saturday,2.74,228.2,11.8,Factory Floor,23.29
2024-11-02 18:00:00,2024-11-02,18,11,November,Saturday,7.97,231.2,21.6,Factory Floor,67.75
2024-11-02 19:00:00,2024-11-02,19,11,November,Saturday,7.46,225.6,11.4,Office,63.41
2024-11-02 20:00:00,2024-11-02,20,11,November,Saturday,9.99,229.0,10.5,Office,84.92
2024-11-02 21:00:00,2024-11-02,21,11,November,Saturday,8.99,229.9,20.7,Kitchen,76.42
2024-11-02 22:00:00,2024-11-02,22,11,November,Saturday,9.57,226.7,21.1,AC Unit,81.34
2024-11-02 23:00:00,2024-11-02,23,11,November,Saturday,2.62,229.5,16.6,Kitchen,22.27
2024-11-03 00:00:00,2024-11-03,0,11,November,Sunday,1.08,218.8,16.8,Living Room,9.18
2024-11-03 01:00:00,2024-11-03,1,11,November,Sunday,1.45,238.4,16.1,Factory Floor,12.32
2024-11-03 02:00:00,2024-11-03,2,11,November,Sunday,0.62,221.1,11.6,Factory Floor,5.27
2024-11-03 03:00:00,2024-11-03,3,11,November,Sunday,1.01,236.8,22.4,Kitchen,8.59
2024-11-03 04:00:00,2024-11-03,4,11,November,Sunday,1.46,240.5,13.4,Office,12.41
2024-11-03 05:00:00,2024-11-03,5,11,November,Sunday,0.68,221.7,14.3,Office,5.78
2024-11-03 06:00:00,2024-11-03,6,11,November,Sunday,5.6,229.4,17.2,Living Room,47.6
2024-11-03 07:00:00,2024-11-03,7,11,November,Sunday,8.04,222.6,10.5,Office,68.34
2024-11-03 08:00:00,2024-11-03,8,11,November,Sunday,6.33,227.8,13.9,Office,53.8
2024-11-03 09:00:00,2024-11-03,9,11,November,Sunday,6.47,236.7,21.4,Living Room,54.99
2024-11-03 10:00:00,2024-11-03,10,11,November,Sunday,2.42,221.9,18.0,Factory Floor,20.57
2024-11-03 11:00:00,2024-11-03,11,11,November,Sunday,2.34,227.9,24.0,Factory Floor,19.89
2024-11-03 12:00:00,2024-11-03,12,11,November,Sunday,2.48,241.9,15.2,AC Unit,21.08
2024-11-03 13:00:00,2024-11-03,13,11,November,Sunday,2.45,223.8,23.7,AC Unit,20.83
2024-11-03 14:00:00,2024-11-03,14,11,November,Sunday,2.29,237.5,14.8,Factory Floor,19.46
2024-11-03 15:00:00,2024-11-03,15,11,November,Sunday,2.48,233.8,15.3,Living Room,21.08
2024-11-03 16:00:00,2024-11-03,16,11,November,Sunday,2.29,222.3,20.3,Office,19.46
2024-11-03 17:00:00,2024-11-03,17,11,November,Sunday,2.65,235.7,18.2,Living Room,22.52
2024-11-03 18:00:00,2024-11-03,18,11,November,Sunday,9.42,237.3,17.9,Kitchen,80.07
2024-11-03 19:00:00,2024-11-03,19,11,November,Sunday,7.33,225.0,15.4,Factory Floor,62.3
2024-11-03 20:00:00,2024-11-03,20,11,November,Sunday,8.56,218.5,14.3,Living Room,72.76
2024-11-03 21:00:00,2024-11-03,21,11,November,Sunday,6.35,226.9,21.8,AC Unit,53.97
2024-11-03 22:00:00,2024-11-03,22,11,November,Sunday,8.44,227.1,17.8,Living Room,71.74
2024-11-03 23:00:00,2024-11-03,23,11,November,Sunday,2.43,234.3,11.7,AC Unit,20.66
2024-11-04 00:00:00,2024-11-04,0,11,November,Monday,0.99,241.3,11.3,AC Unit,8.41
2024-11-04 01:00:00,2024-11-04,1,11,November,Monday,1.26,233.9,15.3,Living Room,10.71
2024-11-04 02:00:00,2024-11-04,2,11,November,Monday,1.79,226.1,14.5,Office,15.21
2024-11-04 03:00:00,2024-11-04,3,11,November,Monday,0.54,229.5,16.1,Office,4.59
2024-11-04 04:00:00,2024-11-04,4,11,November,Monday,0.5,233.6,14.7,AC Unit,4.25
2024-11-04 05:00:00,2024-11-04,5,11,November,Monday,0.71,233.6,21.1,Office,6.04
2024-11-04 06:00:00,2024-11-04,6,11,November,Monday,8.76,223.4,19.8,Kitchen,74.46
2024-11-04 07:00:00,2024-11-04,7,11,November,Monday,7.09,229.7,23.1,AC Unit,60.27
2024-11-04 08:00:00,2024-11-04,8,11,November,Monday,6.86,240.0,11.5,Living Room,58.31
2024-11-04 09:00:00,2024-11-04,9,11,November,Monday,6.79,226.4,21.7,AC Unit,57.72
2024-11-04 10:00:00,2024-11-04,10,11,November,Monday,2.87,234.0,13.9,Office,24.39
2024-11-04 11:00:00,2024-11-04,11,11,November,Monday,2.63,235.0,16.0,Kitchen,22.36
2024-11-04 12:00:00,2024-11-04,12,11,November,Monday,2.67,218.8,10.6,Living Room,22.7
2024-11-04 13:00:00,2024-11-04,13,11,November,Monday,2.26,223.1,23.6,Office,19.21
2024-11-04 14:00:00,2024-11-04,14,11,November,Monday,2.02,234.8,23.1,Office,17.17
2024-11-04 15:00:00,2024-11-04,15,11,November,Monday,2.87,231.0,21.0,Factory Floor,24.39
2024-11-04 16:00:00,2024-11-04,16,11,November,Monday,2.63,238.2,11.6,Living Room,22.36
2024-11-04 17:00:00,2024-11-04,17,11,November,Monday,2.69,227.0,21.1,Living Room,22.86
2024-11-04 18:00:00,2024-11-04,18,11,November,Monday,8.76,228.7,11.1,Living Room,74.46
2024-11-04 19:00:00,2024-11-04,19,11,November,Monday,10.31,220.8,16.0,Factory Floor,87.64
2024-11-04 20:00:00,2024-11-04,20,11,November,Monday,10.75,220.5,23.4,Kitchen,91.38
2024-11-04 21:00:00,2024-11-04,21,11,November,Monday,9.98,227.1,11.6,Kitchen,84.83
2024-11-04 22:00:00,2024-11-04,22,11,November,Monday,8.56,220.4,13.8,AC Unit,72.76
2024-11-04 23:00:00,2024-11-04,23,11,November,Monday,2.93,227.2,12.3,Factory Floor,24.91
2024-11-05 00:00:00,2024-11-05,0,11,November,Tuesday,0.92,226.4,16.3,Kitchen,7.82
2024-11-05 01:00:00,2024-11-05,1,11,November,Tuesday,1.15,228.9,12.6,Kitchen,9.77
2024-11-05 02:00:00,2024-11-05,2,11,November,Tuesday,1.16,232.0,23.9,Office,9.86
2024-11-05 03:00:00,2024-11-05,3,11,November,Tuesday,0.55,226.7,18.3,Office,4.68
2024-11-05 04:00:00,2024-11-05,4,11,November,Tuesday,0.97,228.8,17.0,Kitchen,8.24
2024-11-05 05:00:00,2024-11-05,5,11,November,Tuesday,0.5,226.1,17.4,Factory Floor,4.25
2024-11-05 06:00:00,2024-11-05,6,11,November,Tuesday,5.39,227.2,24.2,Living Room,45.81
2024-11-05 07:00:00,2024-11-05,7,11,November,Tuesday,6.7,224.1,11.3,Factory Floor,56.95
2024-11-05 08:00:00,2024-11-05,8,11,November,Tuesday,6.85,224.3,11.6,Kitchen,58.22
2024-11-05 09:00:00,2024-11-05,9,11,November,Tuesday,6.57,226.3,19.9,Kitchen,55.84
2024-11-05 10:00:00,2024-11-05,10,11,November,Tuesday,2.6,237.0,21.1,AC Unit,22.1
2024-11-05 11:00:00,2024-11-05,11,11,November,Tuesday,2.73,226.9,11.3,Office,23.2
2024-11-05 12:00:00,2024-11-05,12,11,November,Tuesday,2.8,220.7,13.3,Factory Floor,23.8
2024-11-05 13:00:00,2024-11-05,13,11,November,Tuesday,2.56,224.1,17.6,Factory Floor,21.76
2024-11-05 14:00:00,2024-11-05,14,11,November,Tuesday,2.14,232.5,22.2,Kitchen,18.19
2024-11-05 15:00:00,2024-11-05,15,11,November,Tuesday,2.44,232.3,24.0,Kitchen,20.74
2024-11-05 16:00:00,2024-11-05,16,11,November,Tuesday,2.31,222.2,17.1,Factory Floor,19.64
2024-11-05 17:00:00,2024-11-05,17,11,November,Tuesday,2.0,237.2,14.2,Living Room,17.0
2024-11-05 18:00:00,2024-11-05,18,11,November,Tuesday,7.51,236.3,14.1,Kitchen,63.84
2024-11-05 19:00:00,2024-11-05,19,11,November,Tuesday,7.87,226.5,14.2,AC Unit,66.89
2024-11-05 20:00:00,2024-11-05,20,11,November,Tuesday,7.8,231.4,12.2,Factory Floor,66.3
2024-11-05 21:00:00,2024-11-05,21,11,November,Tuesday,9.71,223.0,13.8,Living Room,82.54
2024-11-05 22:00:00,2024-11-05,22,11,November,Tuesday,9.81,219.7,10.1,AC Unit,83.39
2024-11-05 23:00:00,2024-11-05,23,11,November,Tuesday,2.27,221.2,24.5,AC Unit,19.3
2024-11-06 00:00:00,2024-11-06,0,11,November,Wednesday,1.09,226.1,15.5,Office,9.27
2024-11-06 01:00:00,2024-11-06,1,11,November,Wednesday,0.56,239.7,19.7,Office,4.76
2024-11-06 02:00:00,2024-11-06,2,11,November,Wednesday,0.77,228.5,17.1,Kitchen,6.54
2024-11-06 03:00:00,2024-11-06,3,11,November,Wednesday,0.81,218.8,20.0,Office,6.89
2024-11-06 04:00:00,2024-11-06,4,11,November,Wednesday,1.32,220.5,21.7,Kitchen,11.22
2024-11-06 05:00:00,2024-11-06,5,11,November,Wednesday,0.75,223.9,12.3,Factory Floor,6.38
2024-11-06 06:00:00,2024-11-06,6,11,November,Wednesday,5.82,235.3,16.6,Factory Floor,49.47
2024-11-06 07:00:00,2024-11-06,7,11,November,Wednesday,7.98,230.2,17.6,Living Room,67.83
2024-11-06 08:00:00,2024-11-06,8,11,November,Wednesday,7.59,236.3,18.1,Factory Floor,64.52
2024-11-06 09:00:00,2024-11-06,9,11,November,Wednesday,7.38,225.1,20.3,Office,62.73
2024-11-06 10:00:00,2024-11-06,10,11,November,Wednesday,2.29,232.6,12.9,Living Room,19.46
2024-11-06 11:00:00,2024-11-06,11,11,November,Wednesday,2.2,229.7,19.6,Factory Floor,18.7
2024-11-06 12:00:00,2024-11-06,12,11,November,Wednesday,2.16,238.8,20.9,Factory Floor,18.36
2024-11-06 13:00:00,2024-11-06,13,11,November,Wednesday,2.41,224.3,22.2,Living Room,20.48
2024-11-06 14:00:00,2024-11-06,14,11,November,Wednesday,2.91,225.9,16.1,Factory Floor,24.73
2024-11-06 15:00:00,2024-11-06,15,11,November,Wednesday,2.9,233.5,13.1,Kitchen,24.65
2024-11-06 16:00:00,2024-11-06,16,11,November,Wednesday,2.03,219.8,11.9,Kitchen,17.25
2024-11-06 17:00:00,2024-11-06,17,11,November,Wednesday,2.87,229.6,19.0,AC Unit,24.39
2024-11-06 18:00:00,2024-11-06,18,11,November,Wednesday,7.01,223.0,20.2,Kitchen,59.59
2024-11-06 19:00:00,2024-11-06,19,11,November,Wednesday,6.86,225.7,24.6,Living Room,58.31
2024-11-06 20:00:00,2024-11-06,20,11,November,Wednesday,8.15,227.7,18.1,Living Room,69.28
2024-11-06 21:00:00,2024-11-06,21,11,November,Wednesday,7.05,230.9,23.0,Office,59.92
2024-11-06 22:00:00,2024-11-06,22,11,November,Wednesday,7.42,234.6,23.7,AC Unit,63.07
2024-11-06 23:00:00,2024-11-06,23,11,November,Wednesday,2.96,219.7,15.3,Kitchen,25.16
2024-11-07 00:00:00,2024-11-07,0,11,November,Thursday,0.98,220.3,17.3,AC Unit,8.33
2024-11-07 01:00:00,2024-11-07,1,11,November,Thursday,1.05,231.9,11.3,Factory Floor,8.93
2024-11-07 02:00:00,2024-11-07,2,11,November,Thursday,0.5,228.1,12.8,Factory Floor,4.25
2024-11-07 03:00:00,2024-11-07,3,11,November,Thursday,0.94,218.9,12.1,Kitchen,7.99
2024-11-07 04:00:00,2024-11-07,4,11,November,Thursday,0.5,240.8,18.3,Office,4.25
2024-11-07 05:00:00,2024-11-07,5,11,November,Thursday,1.8,241.0,11.6,Office,15.3
2024-11-07 06:00:00,2024-11-07,6,11,November,Thursday,8.13,241.0,16.4,Living Room,69.11
2024-11-07 07:00:00,2024-11-07,7,11,November,Thursday,8.6,226.1,24.3,Kitchen,73.1
2024-11-07 08:00:00,2024-11-07,8,11,November,Thursday,5.72,218.8,14.8,Factory Floor,48.62
2024-11-07 09:00:00,2024-11-07,9,11,November,Thursday,8.42,229.9,19.8,Factory Floor,71.57
2024-11-07 10:00:00,2024-11-07,10,11,November,Thursday,2.14,232.8,17.9,Living Room,18.19
2024-11-07 11:00:00,2024-11-07,11,11,November,Thursday,2.56,232.7,19.6,Kitchen,21.76
2024-11-07 12:00:00,2024-11-07,12,11,November,Thursday,2.87,228.1,15.9,AC Unit,24.39
2024-11-07 13:00:00,2024-11-07,13,11,November,Thursday,2.05,230.8,16.3,Living Room,17.42
2024-11-07 14:00:00,2024-11-07,14,11,November,Thursday,2.76,231.4,22.1,Kitchen,23.46
2024-11-07 15:00:00,2024-11-07,15,11,November,Thursday,2.11,219.0,24.3,Factory Floor,17.93
2024-11-07 16:00:00,2024-11-07,16,11,November,Thursday,2.99,219.3,20.3,Factory Floor,25.42
2024-11-07 17:00:00,2024-11-07,17,11,November,Thursday,2.08,224.7,13.0,Living Room,17.68
2024-11-07 18:00:00,2024-11-07,18,11,November,Thursday,6.79,239.4,12.3,Living Room,57.72
2024-11-07 19:00:00,2024-11-07,19,11,November,Thursday,8.16,234.0,12.7,Living Room,69.36
2024-11-07 20:00:00,2024-11-07,20,11,November,Thursday,8.56,241.6,24.0,Factory Floor,72.76
2024-11-07 21:00:00,2024-11-07,21,11,November,Thursday,7.97,239.4,16.7,Office,67.75
2024-11-07 22:00:00,2024-11-07,22,11,November,Thursday,9.71,232.8,10.9,Kitchen,82.54
2024-11-07 23:00:00,2024-11-07,23,11,November,Thursday,2.46,230.8,23.3,Kitchen,20.91
2024-11-08 00:00:00,2024-11-08,0,11,November,Friday,1.63,223.0,12.0,Factory Floor,13.85
2024-11-08 01:00:00,2024-11-08,1,11,November,Friday,0.5,236.5,13.8,Living Room,4.25
2024-11-08 02:00:00,2024-11-08,2,11,November,Friday,1.37,234.2,18.3,AC Unit,11.65
2024-11-08 03:00:00,2024-11-08,3,11,November,Friday,1.39,225.0,19.6,Office,11.81
2024-11-08 04:00:00,2024-11-08,4,11,November,Friday,1.25,226.7,14.0,Office,10.62
2024-11-08 05:00:00,2024-11-08,5,11,November,Friday,1.42,233.1,22.5,Kitchen,12.07
2024-11-08 06:00:00,2024-11-08,6,11,November,Friday,7.48,228.3,16.0,Office,63.58
2024-11-08 07:00:00,2024-11-08,7,11,November,Friday,7.75,238.2,15.4,AC Unit,65.88
2024-11-08 08:00:00,2024-11-08,8,11,November,Friday,7.23,240.0,18.2,Office,61.46
2024-11-08 09:00:00,2024-11-08,9,11,November,Friday,6.52,239.0,17.5,Factory Floor,55.42
2024-11-08 10:00:00,2024-11-08,10,11,November,Friday,2.97,232.8,10.8,Kitchen,25.25
2024-11-08 11:00:00,2024-11-08,11,11,November,Friday,2.12,236.9,11.4,Living Room,18.02
2024-11-08 12:00:00,2024-11-08,12,11,November,Friday,2.79,236.4,24.9,Office,23.71
2024-11-08 13:00:00,2024-11-08,13,11,November,Friday,2.0,222.6,13.5,AC Unit,17.0
2024-11-08 14:00:00,2024-11-08,14,11,November,Friday,2.67,231.9,14.0,Living Room,22.7
2024-11-08 15:00:00,2024-11-08,15,11,November,Friday,2.05,225.5,10.5,Office,17.42
2024-11-08 16:00:00,2024-11-08,16,11,November,Friday,2.68,241.7,23.8,AC Unit,22.78
2024-11-08 17:00:00,2024-11-08,17,11,November,Friday,2.19,238.4,16.5,Kitchen,18.61
2024-11-08 18:00:00,2024-11-08,18,11,November,Friday,9.62,234.5,13.1,Factory Floor,81.77
2024-11-08 19:00:00,2024-11-08,19,11,November,Friday,9.1,227.3,22.6,Kitchen,77.35
2024-11-08 20:00:00,2024-11-08,20,11,November,Friday,7.3,225.0,23.6,Kitchen,62.05
2024-11-08 21:00:00,2024-11-08,21,11,November,Friday,6.77,229.4,20.4,Living Room,57.54
2024-11-08 22:00:00,2024-11-08,22,11,November,Friday,8.99,225.6,23.8,AC Unit,76.42
2024-11-08 23:00:00,2024-11-08,23,11,November,Friday,2.05,236.3,19.1,Office,17.42
2024-11-09 00:00:00,2024-11-09,0,11,November,Saturday,1.19,232.4,20.6,Living Room,10.12
2024-11-09 01:00:00,2024-11-09,1,11,November,Saturday,0.92,226.0,21.6,Kitchen,7.82
2024-11-09 02:00:00,2024-11-09,2,11,November,Saturday,0.52,228.0,13.4,Office,4.42
2024-11-09 03:00:00,2024-11-09,3,11,November,Saturday,1.1,228.4,15.4,AC Unit,9.35
2024-11-09 04:00:00,2024-11-09,4,11,November,Saturday,1.54,218.7,20.6,Office,13.09
2024-11-09 05:00:00,2024-11-09,5,11,November,Saturday,0.59,241.9,10.8,Factory Floor,5.01
2024-11-09 06:00:00,2024-11-09,6,11,November,Saturday,6.4,222.0,18.7,Kitchen,54.4
2024-11-09 07:00:00,2024-11-09,7,11,November,Saturday,6.54,228.7,11.2,AC Unit,55.59
2024-11-09 08:00:00,2024-11-09,8,11,November,Saturday,7.11,220.1,15.1,Kitchen,60.44
2024-11-09 09:00:00,2024-11-09,9,11,November,Saturday,5.88,234.4,23.9,Factory Floor,49.98
2024-11-09 10:00:00,2024-11-09,10,11,November,Saturday,2.69,234.3,15.2,Factory Floor,22.86
2024-11-09 11:00:00,2024-11-09,11,11,November,Saturday,2.99,225.6,17.0,Office,25.42
2024-11-09 12:00:00,2024-11-09,12,11,November,Saturday,2.62,239.8,23.9,Office,22.27
2024-11-09 13:00:00,2024-11-09,13,11,November,Saturday,2.81,220.8,22.2,Office,23.89
2024-11-09 14:00:00,2024-11-09,14,11,November,Saturday,2.86,220.4,24.6,AC Unit,24.31
2024-11-09 15:00:00,2024-11-09,15,11,November,Saturday,2.87,220.7,11.0,Kitchen,24.39
2024-11-09 16:00:00,2024-11-09,16,11,November,Saturday,2.72,220.8,14.4,Office,23.12
2024-11-09 17:00:00,2024-11-09,17,11,November,Saturday,2.31,226.7,14.6,Factory Floor,19.64
2024-11-09 18:00:00,2024-11-09,18,11,November,Saturday,7.83,234.1,13.1,Living Room,66.56
2024-11-09 19:00:00,2024-11-09,19,11,November,Saturday,10.16,238.2,20.7,Living Room,86.36
2024-11-09 20:00:00,2024-11-09,20,11,November,Saturday,9.22,234.4,16.0,AC Unit,78.37
2024-11-09 21:00:00,2024-11-09,21,11,November,Saturday,8.18,233.7,18.1,Factory Floor,69.53
2024-11-09 22:00:00,2024-11-09,22,11,November,Saturday,8.97,224.1,23.4,Living Room,76.25
2024-11-09 23:00:00,2024-11-09,23,11,November,Saturday,2.93,227.7,23.6,Factory Floor,24.91
2024-11-10 00:00:00,2024-11-10,0,11,November,Sunday,1.08,233.6,10.6,Living Room,9.18
2024-11-10 01:00:00,2024-11-10,1,11,November,Sunday,0.78,230.8,22.9,Office,6.63
2024-11-10 02:00:00,2024-11-10,2,11,November,Sunday,1.02,228.9,10.4,Kitchen,8.67
2024-11-10 03:00:00,2024-11-10,3,11,November,Sunday,0.51,227.1,24.3,Factory Floor,4.33
2024-11-10 04:00:00,2024-11-10,4,11,November,Sunday,0.77,231.7,20.0,AC Unit,6.54
2024-11-10 05:00:00,2024-11-10,5,11,November,Sunday,0.84,227.6,10.9,Factory Floor,7.14
2024-11-10 06:00:00,2024-11-10,6,11,November,Sunday,7.62,238.4,11.1,Factory Floor,64.77
2024-11-10 07:00:00,2024-11-10,7,11,November,Sunday,7.82,236.3,12.6,Living Room,66.47
2024-11-10 08:00:00,2024-11-10,8,11,November,Sunday,7.76,242.0,14.8,AC Unit,65.96
2024-11-10 09:00:00,2024-11-10,9,11,November,Sunday,7.92,221.5,23.6,Office,67.32
2024-11-10 10:00:00,2024-11-10,10,11,November,Sunday,2.15,223.5,22.6,Factory Floor,18.27
2024-11-10 11:00:00,2024-11-10,11,11,November,Sunday,2.89,239.2,11.9,Living Room,24.57
2024-11-10 12:00:00,2024-11-10,12,11,November,Sunday,2.8,228.1,17.7,Factory Floor,23.8
2024-11-10 13:00:00,2024-11-10,13,11,November,Sunday,2.05,230.4,24.2,Office,17.42
2024-11-10 14:00:00,2024-11-10,14,11,November,Sunday,2.81,220.3,20.5,Office,23.89
2024-11-10 15:00:00,2024-11-10,15,11,November,Sunday,2.15,224.7,20.3,Factory Floor,18.27
2024-11-10 16:00:00,2024-11-10,16,11,November,Sunday,2.32,219.6,21.3,AC Unit,19.72
2024-11-10 17:00:00,2024-11-10,17,11,November,Sunday,2.42,225.8,21.4,Kitchen,20.57
2024-11-10 18:00:00,2024-11-10,18,11,November,Sunday,6.83,238.8,18.7,AC Unit,58.05
2024-11-10 19:00:00,2024-11-10,19,11,November,Sunday,6.07,225.8,22.3,Living Room,51.59
2024-11-10 20:00:00,2024-11-10,20,11,November,Sunday,7.27,229.4,25.0,Living Room,61.79
2024-11-10 21:00:00,2024-11-10,21,11,November,Sunday,10.37,225.0,16.4,Kitchen,88.14
2024-11-10 22:00:00,2024-11-10,22,11,November,Sunday,9.29,218.3,17.4,Office,78.96
2024-11-10 23:00:00,2024-11-10,23,11,November,Sunday,2.85,219.1,17.3,Factory Floor,24.23
2024-11-11 00:00:00,2024-11-11,0,11,November,Monday,1.11,225.7,21.2,Living Room,9.44
2024-11-11 01:00:00,2024-11-11,1,11,November,Monday,1.69,230.6,24.8,AC Unit,14.37
2024-11-11 02:00:00,2024-11-11,2,11,November,Monday,1.57,233.2,24.5,AC Unit,13.35
2024-11-11 03:00:00,2024-11-11,3,11,November,Monday,1.35,223.8,14.0,Kitchen,11.48
2024-11-11 04:00:00,2024-11-11,4,11,November,Monday,1.28,233.7,19.1,Kitchen,10.88
2024-11-11 05:00:00,2024-11-11,5,11,November,Monday,1.17,218.8,20.0,Office,9.95
2024-11-11 06:00:00,2024-11-11,6,11,November,Monday,7.47,240.8,22.6,Living Room,63.49
2024-11-11 07:00:00,2024-11-11,7,11,November,Monday,7.84,229.6,22.9,Living Room,66.64
2024-11-11 08:00:00,2024-11-11,8,11,November,Monday,5.77,231.5,17.1,Living Room,49.04
2024-11-11 09:00:00,2024-11-11,9,11,November,Monday,7.85,225.9,16.0,Office,66.72
2024-11-11 10:00:00,2024-11-11,10,11,November,Monday,2.7,224.4,10.3,Office,22.95
2024-11-11 11:00:00,2024-11-11,11,11,November,Monday,2.36,231.6,14.9,AC Unit,20.06
2024-11-11 12:00:00,2024-11-11,12,11,November,Monday,2.03,226.4,23.8,Kitchen,17.25
2024-11-11 13:00:00,2024-11-11,13,11,November,Monday,2.5,230.7,16.7,Kitchen,21.25
2024-11-11 14:00:00,2024-11-11,14,11,November,Monday,2.39,230.1,16.0,Kitchen,20.32
2024-11-11 15:00:00,2024-11-11,15,11,November,Monday,2.74,232.6,19.5,Kitchen,23.29
2024-11-11 16:00:00,2024-11-11,16,11,November,Monday,2.29,228.2,19.5,Living Room,19.46
2024-11-11 17:00:00,2024-11-11,17,11,November,Monday,2.6,238.7,10.5,Factory Floor,22.1
2024-11-11 18:00:00,2024-11-11,18,11,November,Monday,7.2,233.5,23.4,Living Room,61.2
2024-11-11 19:00:00,2024-11-11,19,11,November,Monday,8.57,235.7,19.8,Factory Floor,72.84
2024-11-11 20:00:00,2024-11-11,20,11,November,Monday,8.21,236.3,12.3,Living Room,69.79
2024-11-11 21:00:00,2024-11-11,21,11,November,Monday,8.42,232.5,23.2,Kitchen,71.57
2024-11-11 22:00:00,2024-11-11,22,11,November,Monday,9.99,223.0,24.3,Kitchen,84.92
2024-11-11 23:00:00,2024-11-11,23,11,November,Monday,2.33,229.7,12.1,Living Room,19.8
2024-11-12 00:00:00,2024-11-12,0,11,November,Tuesday,0.88,223.1,22.8,Factory Floor,7.48
2024-11-12 01:00:00,2024-11-12,1,11,November,Tuesday,1.05,229.1,11.7,AC Unit,8.93
2024-11-12 02:00:00,2024-11-12,2,11,November,Tuesday,1.19,222.2,19.8,Factory Floor,10.12
2024-11-12 03:00:00,2024-11-12,3,11,November,Tuesday,1.01,233.6,13.5,Factory Floor,8.59
2024-11-12 04:00:00,2024-11-12,4,11,November,Tuesday,0.5,236.8,20.1,AC Unit,4.25
2024-11-12 05:00:00,2024-11-12,5,11,November,Tuesday,0.5,224.1,10.5,Office,4.25
2024-11-12 06:00:00,2024-11-12,6,11,November,Tuesday,6.2,220.7,19.7,Factory Floor,52.7
2024-11-12 07:00:00,2024-11-12,7,11,November,Tuesday,5.91,224.9,15.1,AC Unit,50.23
2024-11-12 08:00:00,2024-11-12,8,11,November,Tuesday,8.13,241.0,21.9,Kitchen,69.11
2024-11-12 09:00:00,2024-11-12,9,11,November,Tuesday,8.76,237.4,10.0,Office,74.46
2024-11-12 10:00:00,2024-11-12,10,11,November,Tuesday,2.36,234.5,21.1,Office,20.06
2024-11-12 11:00:00,2024-11-12,11,11,November,Tuesday,2.49,232.6,24.5,Office,21.17
2024-11-12 12:00:00,2024-11-12,12,11,November,Tuesday,2.22,225.1,21.8,Factory Floor,18.87
2024-11-12 13:00:00,2024-11-12,13,11,November,Tuesday,2.21,232.0,16.8,Kitchen,18.79
2024-11-12 14:00:00,2024-11-12,14,11,November,Tuesday,2.52,233.0,16.3,Living Room,21.42
2024-11-12 15:00:00,2024-11-12,15,11,November,Tuesday,2.13,221.6,13.6,Living Room,18.11
2024-11-12 16:00:00,2024-11-12,16,11,November,Tuesday,2.1,239.3,11.1,Kitchen,17.85
2024-11-12 17:00:00,2024-11-12,17,11,November,Tuesday,2.05,218.7,14.9,AC Unit,17.42
2024-11-12 18:00:00,2024-11-12,18,11,November,Tuesday,10.46,222.3,13.9,Office,88.91
2024-11-12 19:00:00,2024-11-12,19,11,November,Tuesday,7.64,236.6,14.3,Living Room,64.94
2024-11-12 20:00:00,2024-11-12,20,11,November,Tuesday,6.82,235.5,12.7,Kitchen,57.97
2024-11-12 21:00:00,2024-11-12,21,11,November,Tuesday,10.18,236.8,17.9,AC Unit,86.53
2024-11-12 22:00:00,2024-11-12,22,11,November,Tuesday,10.41,229.4,24.1,Office,88.48
2024-11-12 23:00:00,2024-11-12,23,11,November,Tuesday,2.3,232.0,22.5,Kitchen,19.55
2024-11-13 00:00:00,2024-11-13,0,11,November,Wednesday,1.5,241.4,18.4,Factory Floor,12.75
2024-11-13 01:00:00,2024-11-13,1,11,November,Wednesday,0.5,232.8,11.9,Living Room,4.25
2024-11-13 02:00:00,2024-11-13,2,11,November,Wednesday,1.52,231.3,12.1,Living Room,12.92
2024-11-13 03:00:00,2024-11-13,3,11,November,Wednesday,1.1,237.4,13.1,Living Room,9.35
2024-11-13 04:00:00,2024-11-13,4,11,November,Wednesday,1.25,219.8,16.7,Office,10.62
2024-11-13 05:00:00,2024-11-13,5,11,November,Wednesday,1.41,231.1,21.8,Kitchen,11.98
2024-11-13 06:00:00,2024-11-13,6,11,November,Wednesday,6.82,233.3,24.8,Factory Floor,57.97
2024-11-13 07:00:00,2024-11-13,7,11,November,Wednesday,8.47,231.0,11.4,Kitchen,72.0
2024-11-13 08:00:00,2024-11-13,8,11,November,Wednesday,7.01,231.8,15.9,AC Unit,59.59
2024-11-13 09:00:00,2024-11-13,9,11,November,Wednesday,7.84,218.7,22.8,Living Room,66.64
2024-11-13 10:00:00,2024-11-13,10,11,November,Wednesday,2.02,239.9,23.8,AC Unit,17.17
2024-11-13 11:00:00,2024-11-13,11,11,November,Wednesday,2.65,230.2,12.0,Kitchen,22.52
2024-11-13 12:00:00,2024-11-13,12,11,November,Wednesday,2.92,231.2,11.5,Living Room,24.82
2024-11-13 13:00:00,2024-11-13,13,11,November,Wednesday,2.78,218.7,18.3,Kitchen,23.63
2024-11-13 14:00:00,2024-11-13,14,11,November,Wednesday,2.56,235.9,17.8,AC Unit,21.76
2024-11-13 15:00:00,2024-11-13,15,11,November,Wednesday,2.06,240.3,20.9,Office,17.51
2024-11-13 16:00:00,2024-11-13,16,11,November,Wednesday,2.28,229.5,24.6,Kitchen,19.38
2024-11-13 17:00:00,2024-11-13,17,11,November,Wednesday,2.96,230.4,21.0,Kitchen,25.16
2024-11-13 18:00:00,2024-11-13,18,11,November,Wednesday,8.85,228.2,14.4,AC Unit,75.22
2024-11-13 19:00:00,2024-11-13,19,11,November,Wednesday,10.34,223.6,21.2,Factory Floor,87.89
2024-11-13 20:00:00,2024-11-13,20,11,November,Wednesday,9.47,228.0,23.4,Living Room,80.5
2024-11-13 21:00:00,2024-11-13,21,11,November,Wednesday,9.24,227.6,21.5,Kitchen,78.54
2024-11-13 22:00:00,2024-11-13,22,11,November,Wednesday,6.94,241.7,20.8,Living Room,58.99
2024-11-13 23:00:00,2024-11-13,23,11,November,Wednesday,3.0,241.7,18.9,AC Unit,25.5
2024-11-14 00:00:00,2024-11-14,0,11,November,Thursday,0.5,223.9,13.1,Living Room,4.25
2024-11-14 01:00:00,2024-11-14,1,11,November,Thursday,0.5,219.4,17.3,Office,4.25
2024-11-14 02:00:00,2024-11-14,2,11,November,Thursday,1.39,236.6,13.2,Office,11.81
2024-11-14 03:00:00,2024-11-14,3,11,November,Thursday,0.58,227.9,22.2,Office,4.93
2024-11-14 04:00:00,2024-11-14,4,11,November,Thursday,0.91,218.3,24.8,AC Unit,7.74
2024-11-14 05:00:00,2024-11-14,5,11,November,Thursday,0.53,221.5,11.4,Kitchen,4.5
2024-11-14 06:00:00,2024-11-14,6,11,November,Thursday,7.93,234.6,11.9,Factory Floor,67.41
2024-11-14 07:00:00,2024-11-14,7,11,November,Thursday,7.61,223.9,15.4,AC Unit,64.69
2024-11-14 08:00:00,2024-11-14,8,11,November,Thursday,5.61,225.9,12.0,Office,47.69
2024-11-14 09:00:00,2024-11-14,9,11,November,Thursday,5.79,223.3,22.1,Factory Floor,49.22
2024-11-14 10:00:00,2024-11-14,10,11,November,Thursday,2.62,220.9,10.4,Factory Floor,22.27
2024-11-14 11:00:00,2024-11-14,11,11,November,Thursday,2.99,239.8,21.2,Living Room,25.42
2024-11-14 12:00:00,2024-11-14,12,11,November,Thursday,2.62,229.4,22.2,Office,22.27
2024-11-14 13:00:00,2024-11-14,13,11,November,Thursday,2.02,223.6,20.4,AC Unit,17.17
2024-11-14 14:00:00,2024-11-14,14,11,November,Thursday,2.01,241.5,11.5,Office,17.08
2024-11-14 15:00:00,2024-11-14,15,11,November,Thursday,2.75,237.0,22.7,Office,23.38
2024-11-14 16:00:00,2024-11-14,16,11,November,Thursday,2.86,240.5,21.2,AC Unit,24.31
2024-11-14 17:00:00,2024-11-14,17,11,November,Thursday,2.32,225.8,20.6,Office,19.72
2024-11-14 18:00:00,2024-11-14,18,11,November,Thursday,9.94,228.7,14.4,Kitchen,84.49
2024-11-14 19:00:00,2024-11-14,19,11,November,Thursday,6.45,219.3,24.4,AC Unit,54.83
2024-11-14 20:00:00,2024-11-14,20,11,November,Thursday,10.59,240.1,23.8,AC Unit,90.02
2024-11-14 21:00:00,2024-11-14,21,11,November,Thursday,8.48,224.7,18.5,Kitchen,72.08
2024-11-14 22:00:00,2024-11-14,22,11,November,Thursday,6.92,233.5,22.0,Office,58.82
2024-11-14 23:00:00,2024-11-14,23,11,November,Thursday,2.74,234.3,10.5,Living Room,23.29
2024-11-15 00:00:00,2024-11-15,0,11,November,Friday,1.81,238.7,11.2,Living Room,15.38
2024-11-15 01:00:00,2024-11-15,1,11,November,Friday,1.28,219.3,19.5,Living Room,10.88
2024-11-15 02:00:00,2024-11-15,2,11,November,Friday,1.27,236.8,14.1,Factory Floor,10.79
2024-11-15 03:00:00,2024-11-15,3,11,November,Friday,1.16,218.1,10.7,Living Room,9.86
2024-11-15 04:00:00,2024-11-15,4,11,November,Friday,0.5,225.0,16.2,AC Unit,4.25
2024-11-15 05:00:00,2024-11-15,5,11,November,Friday,1.21,230.7,13.2,Office,10.29
2024-11-15 06:00:00,2024-11-15,6,11,November,Friday,7.78,226.7,10.3,Office,66.13
2024-11-15 07:00:00,2024-11-15,7,11,November,Friday,6.88,224.8,16.4,AC Unit,58.48
2024-11-15 08:00:00,2024-11-15,8,11,November,Friday,6.39,241.2,18.0,Factory Floor,54.31
2024-11-15 09:00:00,2024-11-15,9,11,November,Friday,7.55,220.1,17.6,Kitchen,64.17
2024-11-15 10:00:00,2024-11-15,10,11,November,Friday,2.67,220.6,22.2,AC Unit,22.7
2024-11-15 11:00:00,2024-11-15,11,11,November,Friday,2.18,233.8,10.9,Living Room,18.53
2024-11-15 12:00:00,2024-11-15,12,11,November,Friday,2.37,225.9,10.3,Kitchen,20.14
2024-11-15 13:00:00,2024-11-15,13,11,November,Friday,2.11,240.6,16.6,Living Room,17.93
2024-11-15 14:00:00,2024-11-15,14,11,November,Friday,2.78,224.2,19.5,AC Unit,23.63
2024-11-15 15:00:00,2024-11-15,15,11,November,Friday,2.48,237.3,22.9,Factory Floor,21.08
2024-11-15 16:00:00,2024-11-15,16,11,November,Friday,2.88,237.6,22.5,Living Room,24.48
2024-11-15 17:00:00,2024-11-15,17,11,November,Friday,2.63,234.6,23.4,Kitchen,22.36
2024-11-15 18:00:00,2024-11-15,18,11,November,Friday,8.92,229.0,17.1,Kitchen,75.82
2024-11-15 19:00:00,2024-11-15,19,11,November,Friday,8.41,220.4,17.6,AC Unit,71.48
2024-11-15 20:00:00,2024-11-15,20,11,November,Friday,7.71,224.8,21.4,Office,65.53
2024-11-15 21:00:00,2024-11-15,21,11,November,Friday,9.19,224.0,14.6,Office,78.11
2024-11-15 22:00:00,2024-11-15,22,11,November,Friday,7.42,236.5,23.0,Kitchen,63.07
2024-11-15 23:00:00,2024-11-15,23,11,November,Friday,2.86,233.2,14.1,AC Unit,24.31
2024-11-16 00:00:00,2024-11-16,0,11,November,Saturday,1.17,232.3,20.7,Office,9.95
2024-11-16 01:00:00,2024-11-16,1,11,November,Saturday,1.26,241.5,11.4,AC Unit,10.71
2024-11-16 02:00:00,2024-11-16,2,11,November,Saturday,0.5,230.7,23.8,AC Unit,4.25
2024-11-16 03:00:00,2024-11-16,3,11,November,Saturday,0.98,233.9,15.8,Office,8.33
2024-11-16 04:00:00,2024-11-16,4,11,November,Saturday,1.15,239.2,21.9,Kitchen,9.77
2024-11-16 05:00:00,2024-11-16,5,11,November,Saturday,0.64,235.8,22.0,Factory Floor,5.44
2024-11-16 06:00:00,2024-11-16,6,11,November,Saturday,7.32,229.4,13.7,Factory Floor,62.22
2024-11-16 07:00:00,2024-11-16,7,11,November,Saturday,7.67,229.5,22.0,Office,65.19
2024-11-16 08:00:00,2024-11-16,8,11,November,Saturday,6.62,230.7,14.8,AC Unit,56.27
2024-11-16 09:00:00,2024-11-16,9,11,November,Saturday,7.92,231.5,22.8,Factory Floor,67.32
2024-11-16 10:00:00,2024-11-16,10,11,November,Saturday,2.12,221.0,18.1,Factory Floor,18.02
2024-11-16 11:00:00,2024-11-16,11,11,November,Saturday,2.31,228.4,16.9,Factory Floor,19.64
2024-11-16 12:00:00,2024-11-16,12,11,November,Saturday,2.69,227.6,10.9,Office,22.86
2024-11-16 13:00:00,2024-11-16,13,11,November,Saturday,2.08,220.9,12.8,AC Unit,17.68
2024-11-16 14:00:00,2024-11-16,14,11,November,Saturday,2.16,238.1,11.9,Office,18.36
2024-11-16 15:00:00,2024-11-16,15,11,November,Saturday,2.66,232.7,11.7,Factory Floor,22.61
2024-11-16 16:00:00,2024-11-16,16,11,November,Saturday,2.86,229.9,23.9,Living Room,24.31
2024-11-16 17:00:00,2024-11-16,17,11,November,Saturday,2.53,226.5,21.3,Factory Floor,21.5
2024-11-16 18:00:00,2024-11-16,18,11,November,Saturday,7.39,233.1,22.7,Factory Floor,62.81
2024-11-16 19:00:00,2024-11-16,19,11,November,Saturday,9.15,239.4,18.9,Factory Floor,77.78
2024-11-16 20:00:00,2024-11-16,20,11,November,Saturday,8.6,238.5,21.8,Factory Floor,73.1
2024-11-16 21:00:00,2024-11-16,21,11,November,Saturday,10.78,241.9,14.1,AC Unit,91.63
2024-11-16 22:00:00,2024-11-16,22,11,November,Saturday,10.07,229.2,23.9,Kitchen,85.59
2024-11-16 23:00:00,2024-11-16,23,11,November,Saturday,2.97,241.9,21.2,Living Room,25.25
2024-11-17 00:00:00,2024-11-17,0,11,November,Sunday,1.6,224.1,14.2,Office,13.6
2024-11-17 01:00:00,2024-11-17,1,11,November,Sunday,1.19,225.7,22.2,Kitchen,10.12
2024-11-17 02:00:00,2024-11-17,2,11,November,Sunday,1.62,223.2,13.9,AC Unit,13.77
2024-11-17 03:00:00,2024-11-17,3,11,November,Sunday,0.62,226.6,21.0,Factory Floor,5.27
2024-11-17 04:00:00,2024-11-17,4,11,November,Sunday,1.44,236.1,16.2,Kitchen,12.24
2024-11-17 05:00:00,2024-11-17,5,11,November,Sunday,0.86,241.3,10.0,AC Unit,7.31
2024-11-17 06:00:00,2024-11-17,6,11,November,Sunday,5.64,226.2,13.2,Living Room,47.94
2024-11-17 07:00:00,2024-11-17,7,11,November,Sunday,7.22,240.3,17.1,Office,61.37
2024-11-17 08:00:00,2024-11-17,8,11,November,Sunday,7.57,221.4,15.8,AC Unit,64.34
2024-11-17 09:00:00,2024-11-17,9,11,November,Sunday,7.9,230.0,24.2,Office,67.15
2024-11-17 10:00:00,2024-11-17,10,11,November,Sunday,2.58,224.5,24.1,Kitchen,21.93
2024-11-17 11:00:00,2024-11-17,11,11,November,Sunday,2.74,233.5,16.4,Factory Floor,23.29
2024-11-17 12:00:00,2024-11-17,12,11,November,Sunday,2.02,227.8,16.4,Office,17.17
2024-11-17 13:00:00,2024-11-17,13,11,November,Sunday,2.54,236.9,12.8,Factory Floor,21.59
2024-11-17 14:00:00,2024-11-17,14,11,November,Sunday,2.44,239.0,14.0,Kitchen,20.74
2024-11-17 15:00:00,2024-11-17,15,11,November,Sunday,2.64,236.5,24.4,AC Unit,22.44
2024-11-17 16:00:00,2024-11-17,16,11,November,Sunday,2.2,226.6,10.8,Factory Floor,18.7
2024-11-17 17:00:00,2024-11-17,17,11,November,Sunday,2.6,227.6,11.5,AC Unit,22.1
2024-11-17 18:00:00,2024-11-17,18,11,November,Sunday,7.39,236.7,20.2,AC Unit,62.81
2024-11-17 19:00:00,2024-11-17,19,11,November,Sunday,7.05,228.1,14.3,Living Room,59.92
2024-11-17 20:00:00,2024-11-17,20,11,November,Sunday,8.74,240.7,16.4,AC Unit,74.29
2024-11-17 21:00:00,2024-11-17,21,11,November,Sunday,6.92,229.3,12.6,Office,58.82
2024-11-17 22:00:00,2024-11-17,22,11,November,Sunday,6.74,227.3,11.1,Factory Floor,57.29
2024-11-17 23:00:00,2024-11-17,23,11,November,Sunday,2.61,230.7,17.2,Office,22.18
2024-11-18 00:00:00,2024-11-18,0,11,November,Monday,0.91,234.1,10.3,Living Room,7.74
2024-11-18 01:00:00,2024-11-18,1,11,November,Monday,1.56,236.0,22.4,Office,13.26
2024-11-18 02:00:00,2024-11-18,2,11,November,Monday,1.19,236.5,14.5,Kitchen,10.12
2024-11-18 03:00:00,2024-11-18,3,11,November,Monday,0.6,238.7,12.6,AC Unit,5.1
2024-11-18 04:00:00,2024-11-18,4,11,November,Monday,0.5,218.1,20.5,Office,4.25
2024-11-18 05:00:00,2024-11-18,5,11,November,Monday,1.27,232.7,11.8,Kitchen,10.79
2024-11-18 06:00:00,2024-11-18,6,11,November,Monday,7.02,239.6,10.6,Living Room,59.67
2024-11-18 07:00:00,2024-11-18,7,11,November,Monday,8.52,231.3,24.9,Living Room,72.42
2024-11-18 08:00:00,2024-11-18,8,11,November,Monday,6.7,232.2,11.4,Living Room,56.95
2024-11-18 09:00:00,2024-11-18,9,11,November,Monday,6.99,222.5,13.5,Living Room,59.41
2024-11-18 10:00:00,2024-11-18,10,11,November,Monday,2.99,232.5,15.8,Factory Floor,25.42
2024-11-18 11:00:00,2024-11-18,11,11,November,Monday,2.68,233.5,13.8,Kitchen,22.78
2024-11-18 12:00:00,2024-11-18,12,11,November,Monday,2.57,240.3,22.4,Office,21.84
2024-11-18 13:00:00,2024-11-18,13,11,November,Monday,2.68,235.3,15.4,AC Unit,22.78
2024-11-18 14:00:00,2024-11-18,14,11,November,Monday,2.89,230.7,14.5,Kitchen,24.57
2024-11-18 15:00:00,2024-11-18,15,11,November,Monday,2.47,229.5,14.6,Office,21.0
2024-11-18 16:00:00,2024-11-18,16,11,November,Monday,2.63,225.8,21.0,Living Room,22.36
2024-11-18 17:00:00,2024-11-18,17,11,November,Monday,2.82,235.5,23.1,Factory Floor,23.97
2024-11-18 18:00:00,2024-11-18,18,11,November,Monday,9.85,219.9,16.8,Kitchen,83.72
2024-11-18 19:00:00,2024-11-18,19,11,November,Monday,9.66,226.6,24.2,AC Unit,82.11
2024-11-18 20:00:00,2024-11-18,20,11,November,Monday,7.57,228.6,19.1,AC Unit,64.34
2024-11-18 21:00:00,2024-11-18,21,11,November,Monday,10.1,225.3,21.6,Office,85.85
2024-11-18 22:00:00,2024-11-18,22,11,November,Monday,7.45,227.5,18.4,Factory Floor,63.33
2024-11-18 23:00:00,2024-11-18,23,11,November,Monday,2.76,229.7,23.3,Office,23.46
2024-11-19 00:00:00,2024-11-19,0,11,November,Tuesday,0.65,238.0,22.9,Living Room,5.53
2024-11-19 01:00:00,2024-11-19,1,11,November,Tuesday,1.05,241.2,16.6,Office,8.93
2024-11-19 02:00:00,2024-11-19,2,11,November,Tuesday,0.77,236.9,15.8,Office,6.54
2024-11-19 03:00:00,2024-11-19,3,11,November,Tuesday,1.21,228.6,20.6,Kitchen,10.29
2024-11-19 04:00:00,2024-11-19,4,11,November,Tuesday,1.27,241.0,15.7,Kitchen,10.79
2024-11-19 05:00:00,2024-11-19,5,11,November,Tuesday,0.5,235.8,17.3,Living Room,4.25
2024-11-19 06:00:00,2024-11-19,6,11,November,Tuesday,7.05,218.4,10.3,Living Room,59.92
2024-11-19 07:00:00,2024-11-19,7,11,November,Tuesday,7.12,237.3,18.5,Kitchen,60.52
2024-11-19 08:00:00,2024-11-19,8,11,November,Tuesday,7.59,224.0,20.3,Factory Floor,64.52
2024-11-19 09:00:00,2024-11-19,9,11,November,Tuesday,6.09,228.1,16.6,Living Room,51.77
2024-11-19 10:00:00,2024-11-19,10,11,November,Tuesday,2.29,227.5,22.0,AC Unit,19.46
2024-11-19 11:00:00,2024-11-19,11,11,November,Tuesday,2.03,232.0,15.6,Living Room,17.25
2024-11-19 12:00:00,2024-11-19,12,11,November,Tuesday,2.66,218.7,11.7,AC Unit,22.61
2024-11-19 13:00:00,2024-11-19,13,11,November,Tuesday,2.51,226.9,16.6,Kitchen,21.33
2024-11-19 14:00:00,2024-11-19,14,11,November,Tuesday,2.95,220.2,13.3,Living Room,25.08
2024-11-19 15:00:00,2024-11-19,15,11,November,Tuesday,2.69,235.4,20.7,Factory Floor,22.86
2024-11-19 16:00:00,2024-11-19,16,11,November,Tuesday,2.28,222.6,23.6,Factory Floor,19.38
2024-11-19 17:00:00,2024-11-19,17,11,November,Tuesday,2.36,240.8,22.0,Kitchen,20.06
2024-11-19 18:00:00,2024-11-19,18,11,November,Tuesday,6.97,234.9,20.5,Factory Floor,59.24
2024-11-19 19:00:00,2024-11-19,19,11,November,Tuesday,7.07,238.0,17.2,Living Room,60.09
2024-11-19 20:00:00,2024-11-19,20,11,November,Tuesday,7.22,218.1,19.9,AC Unit,61.37
2024-11-19 21:00:00,2024-11-19,21,11,November,Tuesday,8.68,219.8,22.0,Office,73.78
2024-11-19 22:00:00,2024-11-19,22,11,November,Tuesday,8.62,238.8,24.2,AC Unit,73.27
2024-11-19 23:00:00,2024-11-19,23,11,November,Tuesday,2.02,218.0,11.2,Office,17.17
2024-11-20 00:00:00,2024-11-20,0,11,November,Wednesday,0.89,234.6,16.4,Factory Floor,7.57
2024-11-20 01:00:00,2024-11-20,1,11,November,Wednesday,1.86,225.5,11.3,AC Unit,15.81
2024-11-20 02:00:00,2024-11-20,2,11,November,Wednesday,1.29,219.0,14.2,Factory Floor,10.96
2024-11-20 03:00:00,2024-11-20,3,11,November,Wednesday,1.75,235.1,10.5,Living Room,14.88
2024-11-20 04:00:00,2024-11-20,4,11,November,Wednesday,0.5,220.0,14.7,Kitchen,4.25
2024-11-20 05:00:00,2024-11-20,5,11,November,Wednesday,0.79,231.7,14.9,Factory Floor,6.71
2024-11-20 06:00:00,2024-11-20,6,11,November,Wednesday,6.14,229.6,19.0,Kitchen,52.19
2024-11-20 07:00:00,2024-11-20,7,11,November,Wednesday,8.1,224.6,23.9,Factory Floor,68.85
2024-11-20 08:00:00,2024-11-20,8,11,November,Wednesday,8.6,228.0,22.7,AC Unit,73.1
2024-11-20 09:00:00,2024-11-20,9,11,November,Wednesday,8.58,226.0,12.2,Factory Floor,72.93
2024-11-20 10:00:00,2024-11-20,10,11,November,Wednesday,2.35,238.1,12.5,AC Unit,19.98
2024-11-20 11:00:00,2024-11-20,11,11,November,Wednesday,2.4,224.3,10.9,Office,20.4
2024-11-20 12:00:00,2024-11-20,12,11,November,Wednesday,2.88,233.9,20.4,Factory Floor,24.48
2024-11-20 13:00:00,2024-11-20,13,11,November,Wednesday,2.76,236.7,21.4,AC Unit,23.46
2024-11-20 14:00:00,2024-11-20,14,11,November,Wednesday,2.85,239.1,21.1,Kitchen,24.23
2024-11-20 15:00:00,2024-11-20,15,11,November,Wednesday,2.5,230.0,21.9,AC Unit,21.25
2024-11-20 16:00:00,2024-11-20,16,11,November,Wednesday,2.56,237.9,11.5,Living Room,21.76
2024-11-20 17:00:00,2024-11-20,17,11,November,Wednesday,2.37,231.4,24.2,Office,20.14
2024-11-20 18:00:00,2024-11-20,18,11,November,Wednesday,8.78,225.9,23.7,Living Room,74.63
2024-11-20 19:00:00,2024-11-20,19,11,November,Wednesday,8.63,235.7,15.7,AC Unit,73.36
2024-11-20 20:00:00,2024-11-20,20,11,November,Wednesday,9.81,235.6,11.4,AC Unit,83.39
2024-11-20 21:00:00,2024-11-20,21,11,November,Wednesday,9.9,221.3,24.6,AC Unit,84.15
2024-11-20 22:00:00,2024-11-20,22,11,November,Wednesday,9.81,229.8,19.4,Office,83.39
2024-11-20 23:00:00,2024-11-20,23,11,November,Wednesday,2.54,234.8,22.7,Living Room,21.59
2024-11-21 00:00:00,2024-11-21,0,11,November,Thursday,0.8,228.5,17.7,Factory Floor,6.8
2024-11-21 01:00:00,2024-11-21,1,11,November,Thursday,0.9,227.9,13.8,Office,7.65
2024-11-21 02:00:00,2024-11-21,2,11,November,Thursday,0.5,225.0,13.8,Factory Floor,4.25
2024-11-21 03:00:00,2024-11-21,3,11,November,Thursday,0.94,220.8,12.2,Living Room,7.99
2024-11-21 04:00:00,2024-11-21,4,11,November,Thursday,0.94,230.9,16.6,Living Room,7.99
2024-11-21 05:00:00,2024-11-21,5,11,November,Thursday,1.49,239.6,13.3,AC Unit,12.66
2024-11-21 06:00:00,2024-11-21,6,11,November,Thursday,6.88,240.4,18.9,Factory Floor,58.48
2024-11-21 07:00:00,2024-11-21,7,11,November,Thursday,6.91,234.4,14.7,Living Room,58.73
2024-11-21 08:00:00,2024-11-21,8,11,November,Thursday,8.38,225.7,10.4,Factory Floor,71.23
2024-11-21 09:00:00,2024-11-21,9,11,November,Thursday,6.38,238.0,16.9,Living Room,54.23
2024-11-21 10:00:00,2024-11-21,10,11,November,Thursday,2.71,230.9,10.1,Factory Floor,23.04
2024-11-21 11:00:00,2024-11-21,11,11,November,Thursday,2.91,231.3,12.7,AC Unit,24.73
2024-11-21 12:00:00,2024-11-21,12,11,November,Thursday,2.97,226.7,16.6,Office,25.25
2024-11-21 13:00:00,2024-11-21,13,11,November,Thursday,2.63,240.1,17.2,Living Room,22.36
2024-11-21 14:00:00,2024-11-21,14,11,November,Thursday,2.43,229.7,20.3,Office,20.66
2024-11-21 15:00:00,2024-11-21,15,11,November,Thursday,2.73,237.2,12.7,Kitchen,23.2
2024-11-21 16:00:00,2024-11-21,16,11,November,Thursday,2.3,238.7,13.9,Living Room,19.55
2024-11-21 17:00:00,2024-11-21,17,11,November,Thursday,2.95,232.2,12.3,AC Unit,25.08
2024-11-21 18:00:00,2024-11-21,18,11,November,Thursday,7.59,235.9,19.3,Office,64.52
2024-11-21 19:00:00,2024-11-21,19,11,November,Thursday,7.31,237.9,23.7,AC Unit,62.13
2024-11-21 20:00:00,2024-11-21,20,11,November,Thursday,9.19,230.6,18.6,Kitchen,78.11
2024-11-21 21:00:00,2024-11-21,21,11,November,Thursday,8.79,232.2,22.1,AC Unit,74.71
2024-11-21 22:00:00,2024-11-21,22,11,November,Thursday,9.38,236.6,18.9,Office,79.73
2024-11-21 23:00:00,2024-11-21,23,11,November,Thursday,2.99,230.9,11.4,Kitchen,25.42
2024-11-22 00:00:00,2024-11-22,0,11,November,Friday,1.06,221.1,18.0,Factory Floor,9.01
2024-11-22 01:00:00,2024-11-22,1,11,November,Friday,0.92,231.4,10.6,AC Unit,7.82
2024-11-22 02:00:00,2024-11-22,2,11,November,Friday,1.17,237.0,22.7,Kitchen,9.95
2024-11-22 03:00:00,2024-11-22,3,11,November,Friday,1.02,227.6,13.6,Living Room,8.67
2024-11-22 04:00:00,2024-11-22,4,11,November,Friday,1.15,226.1,15.3,Office,9.77
2024-11-22 05:00:00,2024-11-22,5,11,November,Friday,1.02,228.5,15.7,Living Room,8.67
2024-11-22 06:00:00,2024-11-22,6,11,November,Friday,6.72,241.6,16.1,AC Unit,57.12
2024-11-22 07:00:00,2024-11-22,7,11,November,Friday,7.02,239.0,12.9,Living Room,59.67
2024-11-22 08:00:00,2024-11-22,8,11,November,Friday,5.76,241.5,15.6,Factory Floor,48.96
2024-11-22 09:00:00,2024-11-22,9,11,November,Friday,5.71,219.5,12.2,AC Unit,48.53
2024-11-22 10:00:00,2024-11-22,10,11,November,Friday,2.87,226.6,22.1,Living Room,24.39
2024-11-22 11:00:00,2024-11-22,11,11,November,Friday,2.39,224.4,19.2,Office,20.32
2024-11-22 12:00:00,2024-11-22,12,11,November,Friday,2.8,229.1,13.1,Office,23.8
2024-11-22 13:00:00,2024-11-22,13,11,November,Friday,2.5,220.3,22.6,Kitchen,21.25
2024-11-22 14:00:00,2024-11-22,14,11,November,Friday,2.64,224.9,11.8,Living Room,22.44
2024-11-22 15:00:00,2024-11-22,15,11,November,Friday,2.98,233.4,16.6,AC Unit,25.33
2024-11-22 16:00:00,2024-11-22,16,11,November,Friday,2.54,230.4,24.9,Kitchen,21.59
2024-11-22 17:00:00,2024-11-22,17,11,November,Friday,2.85,236.1,21.9,Kitchen,24.23
2024-11-22 18:00:00,2024-11-22,18,11,November,Friday,10.58,224.6,10.9,AC Unit,89.93
2024-11-22 19:00:00,2024-11-22,19,11,November,Friday,10.06,218.0,18.0,Factory Floor,85.51
2024-11-22 20:00:00,2024-11-22,20,11,November,Friday,9.93,231.6,22.7,Kitchen,84.41
2024-11-22 21:00:00,2024-11-22,21,11,November,Friday,8.51,218.1,14.2,Office,72.33
2024-11-22 22:00:00,2024-11-22,22,11,November,Friday,10.55,240.7,21.2,Kitchen,89.68
2024-11-22 23:00:00,2024-11-22,23,11,November,Friday,2.06,229.3,11.9,Office,17.51
2024-11-23 00:00:00,2024-11-23,0,11,November,Saturday,0.58,228.9,13.9,Living Room,4.93
2024-11-23 01:00:00,2024-11-23,1,11,November,Saturday,0.5,240.7,10.7,Living Room,4.25
2024-11-23 02:00:00,2024-11-23,2,11,November,Saturday,0.5,233.0,23.9,AC Unit,4.25
2024-11-23 03:00:00,2024-11-23,3,11,November,Saturday,0.5,229.6,23.5,Office,4.25
2024-11-23 04:00:00,2024-11-23,4,11,November,Saturday,0.77,222.3,14.6,Factory Floor,6.54
2024-11-23 05:00:00,2024-11-23,5,11,November,Saturday,1.0,225.8,10.0,Kitchen,8.5
2024-11-23 06:00:00,2024-11-23,6,11,November,Saturday,6.26,218.3,20.4,Office,53.21
2024-11-23 07:00:00,2024-11-23,7,11,November,Saturday,6.4,226.9,10.8,Kitchen,54.4
2024-11-23 08:00:00,2024-11-23,8,11,November,Saturday,6.24,219.9,22.0,Office,53.04
2024-11-23 09:00:00,2024-11-23,9,11,November,Saturday,7.2,241.5,15.2,AC Unit,61.2
2024-11-23 10:00:00,2024-11-23,10,11,November,Saturday,2.12,241.6,19.3,Living Room,18.02
2024-11-23 11:00:00,2024-11-23,11,11,November,Saturday,2.88,233.2,11.3,Living Room,24.48
2024-11-23 12:00:00,2024-11-23,12,11,November,Saturday,2.36,220.2,14.3,Kitchen,20.06
2024-11-23 13:00:00,2024-11-23,13,11,November,Saturday,2.02,235.1,22.4,Factory Floor,17.17
2024-11-23 14:00:00,2024-11-23,14,11,November,Saturday,2.26,240.2,24.7,AC Unit,19.21
2024-11-23 15:00:00,2024-11-23,15,11,November,Saturday,2.07,228.3,19.1,Kitchen,17.59
2024-11-23 16:00:00,2024-11-23,16,11,November,Saturday,2.22,236.5,17.1,Office,18.87
2024-11-23 17:00:00,2024-11-23,17,11,November,Saturday,2.15,236.6,18.4,Office,18.27
2024-11-23 18:00:00,2024-11-23,18,11,November,Saturday,7.29,229.2,19.2,Living Room,61.97
2024-11-23 19:00:00,2024-11-23,19,11,November,Saturday,8.42,226.9,22.8,Office,71.57
2024-11-23 20:00:00,2024-11-23,20,11,November,Saturday,7.17,226.8,13.0,Living Room,60.95
2024-11-23 21:00:00,2024-11-23,21,11,November,Saturday,7.9,237.9,22.7,Kitchen,67.15
2024-11-23 22:00:00,2024-11-23,22,11,November,Saturday,8.52,225.1,11.3,AC Unit,72.42
2024-11-23 23:00:00,2024-11-23,23,11,November,Saturday,2.54,237.5,18.5,Factory Floor,21.59
2024-11-24 00:00:00,2024-11-24,0,11,November,Sunday,0.9,222.6,14.5,Factory Floor,7.65
2024-11-24 01:00:00,2024-11-24,1,11,November,Sunday,1.34,220.0,14.6,AC Unit,11.39
2024-11-24 02:00:00,2024-11-24,2,11,November,Sunday,0.9,237.0,15.6,Factory Floor,7.65
2024-11-24 03:00:00,2024-11-24,3,11,November,Sunday,0.57,218.8,18.1,AC Unit,4.84
2024-11-24 04:00:00,2024-11-24,4,11,November,Sunday,0.92,227.2,13.5,Living Room,7.82
2024-11-24 05:00:00,2024-11-24,5,11,November,Sunday,1.08,231.9,23.2,Kitchen,9.18
2024-11-24 06:00:00,2024-11-24,6,11,November,Sunday,6.39,219.1,13.0,AC Unit,54.31
2024-11-24 07:00:00,2024-11-24,7,11,November,Sunday,6.29,223.8,13.3,Office,53.47
2024-11-24 08:00:00,2024-11-24,8,11,November,Sunday,7.33,220.5,18.5,Living Room,62.3
2024-11-24 09:00:00,2024-11-24,9,11,November,Sunday,7.63,232.7,20.7,Kitchen,64.86
2024-11-24 10:00:00,2024-11-24,10,11,November,Sunday,2.5,224.2,10.4,AC Unit,21.25
2024-11-24 11:00:00,2024-11-24,11,11,November,Sunday,2.25,238.0,23.8,Factory Floor,19.12
2024-11-24 12:00:00,2024-11-24,12,11,November,Sunday,2.43,225.3,10.6,Factory Floor,20.66
2024-11-24 13:00:00,2024-11-24,13,11,November,Sunday,2.65,227.3,21.1,Factory Floor,22.52
2024-11-24 14:00:00,2024-11-24,14,11,November,Sunday,2.31,235.6,19.1,Factory Floor,19.64
2024-11-24 15:00:00,2024-11-24,15,11,November,Sunday,2.2,230.1,15.4,Factory Floor,18.7
2024-11-24 16:00:00,2024-11-24,16,11,November,Sunday,2.19,219.4,18.3,Office,18.61
2024-11-24 17:00:00,2024-11-24,17,11,November,Sunday,2.98,221.5,12.8,Living Room,25.33
2024-11-24 18:00:00,2024-11-24,18,11,November,Sunday,8.29,232.6,24.9,Office,70.46
2024-11-24 19:00:00,2024-11-24,19,11,November,Sunday,7.14,219.2,20.3,AC Unit,60.69
2024-11-24 20:00:00,2024-11-24,20,11,November,Sunday,7.09,227.5,11.6,Office,60.27
2024-11-24 21:00:00,2024-11-24,21,11,November,Sunday,8.65,237.1,22.4,Factory Floor,73.53
2024-11-24 22:00:00,2024-11-24,22,11,November,Sunday,9.76,230.7,24.8,Kitchen,82.96
2024-11-24 23:00:00,2024-11-24,23,11,November,Sunday,2.51,233.6,23.2,Office,21.33
2024-11-25 00:00:00,2024-11-25,0,11,November,Monday,0.5,218.3,21.6,Factory Floor,4.25
2024-11-25 01:00:00,2024-11-25,1,11,November,Monday,0.65,239.8,10.9,Kitchen,5.53
2024-11-25 02:00:00,2024-11-25,2,11,November,Monday,0.56,235.4,12.5,Kitchen,4.76
2024-11-25 03:00:00,2024-11-25,3,11,November,Monday,0.72,225.7,23.9,Factory Floor,6.12
2024-11-25 04:00:00,2024-11-25,4,11,November,Monday,0.53,228.8,12.0,AC Unit,4.5
2024-11-25 05:00:00,2024-11-25,5,11,November,Monday,1.51,236.9,24.9,Factory Floor,12.84
2024-11-25 06:00:00,2024-11-25,6,11,November,Monday,5.15,231.4,18.0,AC Unit,43.78
2024-11-25 07:00:00,2024-11-25,7,11,November,Monday,6.68,231.1,22.8,AC Unit,56.78
2024-11-25 08:00:00,2024-11-25,8,11,November,Monday,6.3,228.9,18.6,AC Unit,53.55
2024-11-25 09:00:00,2024-11-25,9,11,November,Monday,8.23,222.6,16.2,AC Unit,69.95
2024-11-25 10:00:00,2024-11-25,10,11,November,Monday,2.54,240.0,16.9,Kitchen,21.59
2024-11-25 11:00:00,2024-11-25,11,11,November,Monday,2.39,222.4,13.2,Office,20.32
2024-11-25 12:00:00,2024-11-25,12,11,November,Monday,2.69,228.1,16.3,Factory Floor,22.86
2024-11-25 13:00:00,2024-11-25,13,11,November,Monday,2.3,225.7,19.6,Office,19.55
2024-11-25 14:00:00,2024-11-25,14,11,November,Monday,2.48,234.4,13.3,Living Room,21.08
2024-11-25 15:00:00,2024-11-25,15,11,November,Monday,2.53,235.4,10.1,Kitchen,21.5
2024-11-25 16:00:00,2024-11-25,16,11,November,Monday,2.45,222.2,24.6,AC Unit,20.83
2024-11-25 17:00:00,2024-11-25,17,11,November,Monday,2.71,238.2,16.6,Kitchen,23.04
2024-11-25 18:00:00,2024-11-25,18,11,November,Monday,8.55,230.6,17.4,AC Unit,72.68
2024-11-25 19:00:00,2024-11-25,19,11,November,Monday,10.05,236.9,14.8,Office,85.43
2024-11-25 20:00:00,2024-11-25,20,11,November,Monday,9.9,233.2,16.6,Living Room,84.15
2024-11-25 21:00:00,2024-11-25,21,11,November,Monday,7.3,241.3,22.6,AC Unit,62.05
2024-11-25 22:00:00,2024-11-25,22,11,November,Monday,7.69,229.5,19.0,AC Unit,65.37
2024-11-25 23:00:00,2024-11-25,23,11,November,Monday,2.25,238.0,17.5,Office,19.12
2024-11-26 00:00:00,2024-11-26,0,11,November,Tuesday,1.07,237.4,15.3,Office,9.1
2024-11-26 01:00:00,2024-11-26,1,11,November,Tuesday,0.96,218.8,14.6,Living Room,8.16
2024-11-26 02:00:00,2024-11-26,2,11,November,Tuesday,0.52,224.6,23.7,AC Unit,4.42
2024-11-26 03:00:00,2024-11-26,3,11,November,Tuesday,0.87,226.0,16.7,Factory Floor,7.39
2024-11-26 04:00:00,2024-11-26,4,11,November,Tuesday,0.5,232.4,20.5,Office,4.25
2024-11-26 05:00:00,2024-11-26,5,11,November,Tuesday,1.18,226.2,11.9,AC Unit,10.03
2024-11-26 06:00:00,2024-11-26,6,11,November,Tuesday,7.29,224.3,18.4,Factory Floor,61.97
2024-11-26 07:00:00,2024-11-26,7,11,November,Tuesday,6.38,222.3,19.1,Factory Floor,54.23
2024-11-26 08:00:00,2024-11-26,8,11,November,Tuesday,6.47,228.1,19.2,Living Room,54.99
2024-11-26 09:00:00,2024-11-26,9,11,November,Tuesday,6.32,225.5,21.6,Living Room,53.72
2024-11-26 10:00:00,2024-11-26,10,11,November,Tuesday,2.23,221.9,20.8,Kitchen,18.95
2024-11-26 11:00:00,2024-11-26,11,11,November,Tuesday,2.56,234.1,17.9,Kitchen,21.76
2024-11-26 12:00:00,2024-11-26,12,11,November,Tuesday,2.62,237.3,22.5,Office,22.27
2024-11-26 13:00:00,2024-11-26,13,11,November,Tuesday,2.52,221.3,15.4,AC Unit,21.42
2024-11-26 14:00:00,2024-11-26,14,11,November,Tuesday,2.42,230.0,16.3,Office,20.57
2024-11-26 15:00:00,2024-11-26,15,11,November,Tuesday,2.41,228.3,11.3,Kitchen,20.48
2024-11-26 16:00:00,2024-11-26,16,11,November,Tuesday,2.36,227.0,14.0,Office,20.06
2024-11-26 17:00:00,2024-11-26,17,11,November,Tuesday,2.05,239.9,13.0,Living Room,17.42
2024-11-26 18:00:00,2024-11-26,18,11,November,Tuesday,9.66,231.9,16.2,Factory Floor,82.11
2024-11-26 19:00:00,2024-11-26,19,11,November,Tuesday,7.29,233.5,10.5,Living Room,61.97
2024-11-26 20:00:00,2024-11-26,20,11,November,Tuesday,7.02,238.7,22.8,Living Room,59.67
2024-11-26 21:00:00,2024-11-26,21,11,November,Tuesday,8.78,224.8,21.7,Office,74.63
2024-11-26 22:00:00,2024-11-26,22,11,November,Tuesday,9.71,219.1,11.6,Factory Floor,82.54
2024-11-26 23:00:00,2024-11-26,23,11,November,Tuesday,2.36,234.0,23.1,AC Unit,20.06
2024-11-27 00:00:00,2024-11-27,0,11,November,Wednesday,0.97,235.3,10.6,Living Room,8.24
2024-11-27 01:00:00,2024-11-27,1,11,November,Wednesday,1.04,224.5,16.0,Factory Floor,8.84
2024-11-27 02:00:00,2024-11-27,2,11,November,Wednesday,1.14,233.6,12.3,Living Room,9.69
2024-11-27 03:00:00,2024-11-27,3,11,November,Wednesday,0.5,237.7,12.0,Office,4.25
2024-11-27 04:00:00,2024-11-27,4,11,November,Wednesday,1.36,229.0,24.0,Kitchen,11.56
2024-11-27 05:00:00,2024-11-27,5,11,November,Wednesday,1.72,222.8,11.6,Factory Floor,14.62
2024-11-27 06:00:00,2024-11-27,6,11,November,Wednesday,6.89,227.6,23.3,Living Room,58.56
2024-11-27 07:00:00,2024-11-27,7,11,November,Wednesday,7.31,230.8,20.0,Living Room,62.13
2024-11-27 08:00:00,2024-11-27,8,11,November,Wednesday,8.41,220.2,20.0,AC Unit,71.48
2024-11-27 09:00:00,2024-11-27,9,11,November,Wednesday,5.15,218.8,10.3,AC Unit,43.78
2024-11-27 10:00:00,2024-11-27,10,11,November,Wednesday,2.18,241.5,24.9,AC Unit,18.53
2024-11-27 11:00:00,2024-11-27,11,11,November,Wednesday,2.25,238.0,19.7,Factory Floor,19.12
2024-11-27 12:00:00,2024-11-27,12,11,November,Wednesday,2.34,240.0,20.1,AC Unit,19.89
2024-11-27 13:00:00,2024-11-27,13,11,November,Wednesday,2.06,225.7,12.9,Factory Floor,17.51
2024-11-27 14:00:00,2024-11-27,14,11,November,Wednesday,2.89,234.1,14.0,Living Room,24.57
2024-11-27 15:00:00,2024-11-27,15,11,November,Wednesday,3.0,218.4,17.6,Office,25.5
2024-11-27 16:00:00,2024-11-27,16,11,November,Wednesday,2.88,222.6,22.6,Office,24.48
2024-11-27 17:00:00,2024-11-27,17,11,November,Wednesday,2.54,230.0,15.4,Office,21.59
2024-11-27 18:00:00,2024-11-27,18,11,November,Wednesday,8.29,240.4,12.8,AC Unit,70.46
2024-11-27 19:00:00,2024-11-27,19,11,November,Wednesday,9.57,239.2,12.5,Office,81.34
2024-11-27 20:00:00,2024-11-27,20,11,November,Wednesday,9.79,222.0,13.4,Living Room,83.21
2024-11-27 21:00:00,2024-11-27,21,11,November,Wednesday,8.54,235.5,10.3,Kitchen,72.59
2024-11-27 22:00:00,2024-11-27,22,11,November,Wednesday,9.5,232.5,17.4,AC Unit,80.75
2024-11-27 23:00:00,2024-11-27,23,11,November,Wednesday,2.29,236.6,13.4,Kitchen,19.46
2024-11-28 00:00:00,2024-11-28,0,11,November,Thursday,0.72,234.3,17.9,Factory Floor,6.12
2024-11-28 01:00:00,2024-11-28,1,11,November,Thursday,1.04,239.1,10.8,Factory Floor,8.84
2024-11-28 02:00:00,2024-11-28,2,11,November,Thursday,0.5,233.3,21.5,AC Unit,4.25
2024-11-28 03:00:00,2024-11-28,3,11,November,Thursday,0.57,236.9,21.8,Office,4.84
2024-11-28 04:00:00,2024-11-28,4,11,November,Thursday,1.56,220.5,21.9,Factory Floor,13.26
2024-11-28 05:00:00,2024-11-28,5,11,November,Thursday,1.45,233.8,11.1,Living Room,12.32
2024-11-28 06:00:00,2024-11-28,6,11,November,Thursday,7.23,225.0,24.8,Office,61.46
2024-11-28 07:00:00,2024-11-28,7,11,November,Thursday,7.1,223.9,15.7,AC Unit,60.35
2024-11-28 08:00:00,2024-11-28,8,11,November,Thursday,5.52,221.0,15.3,AC Unit,46.92
2024-11-28 09:00:00,2024-11-28,9,11,November,Thursday,8.35,236.6,24.5,Kitchen,70.97
2024-11-28 10:00:00,2024-11-28,10,11,November,Thursday,2.28,232.2,10.0,AC Unit,19.38
2024-11-28 11:00:00,2024-11-28,11,11,November,Thursday,2.47,231.8,11.3,Office,21.0
2024-11-28 12:00:00,2024-11-28,12,11,November,Thursday,2.74,223.5,20.2,AC Unit,23.29
2024-11-28 13:00:00,2024-11-28,13,11,November,Thursday,2.89,226.4,11.8,Kitchen,24.57
2024-11-28 14:00:00,2024-11-28,14,11,November,Thursday,2.99,223.4,13.1,AC Unit,25.42
2024-11-28 15:00:00,2024-11-28,15,11,November,Thursday,2.28,235.2,17.0,Living Room,19.38
2024-11-28 16:00:00,2024-11-28,16,11,November,Thursday,2.51,218.5,22.8,Kitchen,21.33
2024-11-28 17:00:00,2024-11-28,17,11,November,Thursday,2.07,235.6,18.9,Office,17.59
2024-11-28 18:00:00,2024-11-28,18,11,November,Thursday,8.83,240.4,18.1,AC Unit,75.06
2024-11-28 19:00:00,2024-11-28,19,11,November,Thursday,10.05,235.8,13.1,Living Room,85.43
2024-11-28 20:00:00,2024-11-28,20,11,November,Thursday,6.79,233.3,21.9,Kitchen,57.72
2024-11-28 21:00:00,2024-11-28,21,11,November,Thursday,8.21,220.3,19.9,Living Room,69.79
2024-11-28 22:00:00,2024-11-28,22,11,November,Thursday,7.54,229.9,18.3,Office,64.09
2024-11-28 23:00:00,2024-11-28,23,11,November,Thursday,2.22,229.1,24.6,Living Room,18.87
2024-11-29 00:00:00,2024-11-29,0,11,November,Friday,0.88,218.7,10.4,AC Unit,7.48
2024-11-29 01:00:00,2024-11-29,1,11,November,Friday,0.77,233.3,24.0,Factory Floor,6.54
2024-11-29 02:00:00,2024-11-29,2,11,November,Friday,0.52,227.7,24.0,Kitchen,4.42
2024-11-29 03:00:00,2024-11-29,3,11,November,Friday,1.2,221.7,24.4,Factory Floor,10.2
2024-11-29 04:00:00,2024-11-29,4,11,November,Friday,0.5,235.7,10.6,Office,4.25
2024-11-29 05:00:00,2024-11-29,5,11,November,Friday,1.17,238.3,13.6,Office,9.95
2024-11-29 06:00:00,2024-11-29,6,11,November,Friday,8.27,233.9,12.4,Kitchen,70.3
2024-11-29 07:00:00,2024-11-29,7,11,November,Friday,7.48,238.1,12.9,Office,63.58
2024-11-29 08:00:00,2024-11-29,8,11,November,Friday,8.23,225.2,14.2,Living Room,69.95
2024-11-29 09:00:00,2024-11-29,9,11,November,Friday,8.41,231.1,13.4,Office,71.48
2024-11-29 10:00:00,2024-11-29,10,11,November,Friday,2.91,228.9,20.8,Office,24.73
2024-11-29 11:00:00,2024-11-29,11,11,November,Friday,2.15,222.0,22.1,Office,18.27
2024-11-29 12:00:00,2024-11-29,12,11,November,Friday,2.02,228.1,23.8,Living Room,17.17
2024-11-29 13:00:00,2024-11-29,13,11,November,Friday,2.32,235.4,14.7,Factory Floor,19.72
2024-11-29 14:00:00,2024-11-29,14,11,November,Friday,2.93,228.7,22.0,Factory Floor,24.91
2024-11-29 15:00:00,2024-11-29,15,11,November,Friday,2.96,226.7,15.0,Kitchen,25.16
2024-11-29 16:00:00,2024-11-29,16,11,November,Friday,2.19,222.9,24.6,Factory Floor,18.61
2024-11-29 17:00:00,2024-11-29,17,11,November,Friday,2.57,236.6,11.1,Kitchen,21.84
2024-11-29 18:00:00,2024-11-29,18,11,November,Friday,9.38,225.9,15.7,Living Room,79.73
2024-11-29 19:00:00,2024-11-29,19,11,November,Friday,8.89,220.3,17.0,AC Unit,75.56
2024-11-29 20:00:00,2024-11-29,20,11,November,Friday,8.66,237.3,22.0,Living Room,73.61
2024-11-29 21:00:00,2024-11-29,21,11,November,Friday,7.21,225.4,19.2,Office,61.28
2024-11-29 22:00:00,2024-11-29,22,11,November,Friday,8.24,230.5,23.7,Factory Floor,70.04
2024-11-29 23:00:00,2024-11-29,23,11,November,Friday,2.06,218.1,11.8,Kitchen,17.51
2024-11-30 00:00:00,2024-11-30,0,11,November,Saturday,0.5,239.5,10.8,Factory Floor,4.25
2024-11-30 01:00:00,2024-11-30,1,11,November,Saturday,1.42,218.1,23.5,Factory Floor,12.07
2024-11-30 02:00:00,2024-11-30,2,11,November,Saturday,0.55,232.4,12.6,Office,4.68
2024-11-30 03:00:00,2024-11-30,3,11,November,Saturday,1.11,237.9,12.5,Factory Floor,9.44
2024-11-30 04:00:00,2024-11-30,4,11,November,Saturday,1.56,227.2,12.8,Factory Floor,13.26
2024-11-30 05:00:00,2024-11-30,5,11,November,Saturday,0.77,229.4,12.9,Living Room,6.54
2024-11-30 06:00:00,2024-11-30,6,11,November,Saturday,7.59,234.0,21.4,Kitchen,64.52
2024-11-30 07:00:00,2024-11-30,7,11,November,Saturday,6.75,233.8,16.7,Factory Floor,57.38
2024-11-30 08:00:00,2024-11-30,8,11,November,Saturday,7.54,225.5,19.8,AC Unit,64.09
2024-11-30 09:00:00,2024-11-30,9,11,November,Saturday,7.23,236.8,11.7,Office,61.46
2024-11-30 10:00:00,2024-11-30,10,11,November,Saturday,2.38,224.5,24.5,Office,20.23
2024-11-30 11:00:00,2024-11-30,11,11,November,Saturday,2.97,236.2,19.8,Kitchen,25.25
2024-11-30 12:00:00,2024-11-30,12,11,November,Saturday,2.63,234.1,18.3,Living Room,22.36
2024-11-30 13:00:00,2024-11-30,13,11,November,Saturday,2.97,240.7,20.7,Kitchen,25.25
2024-11-30 14:00:00,2024-11-30,14,11,November,Saturday,2.77,228.7,20.0,AC Unit,23.55
2024-11-30 15:00:00,2024-11-30,15,11,November,Saturday,2.45,240.2,20.0,Factory Floor,20.83
2024-11-30 16:00:00,2024-11-30,16,11,November,Saturday,2.53,218.1,16.7,AC Unit,21.5
2024-11-30 17:00:00,2024-11-30,17,11,November,Saturday,2.67,239.5,12.3,Living Room,22.7
2024-11-30 18:00:00,2024-11-30,18,11,November,Saturday,8.7,218.7,12.9,Office,73.95
2024-11-30 19:00:00,2024-11-30,19,11,November,Saturday,7.87,218.5,15.3,Living Room,66.89
2024-11-30 20:00:00,2024-11-30,20,11,November,Saturday,7.92,227.0,16.4,Living Room,67.32
2024-11-30 21:00:00,2024-11-30,21,11,November,Saturday,9.28,235.5,20.3,Living Room,78.88
2024-11-30 22:00:00,2024-11-30,22,11,November,Saturday,10.59,219.3,14.1,AC Unit,90.02
2024-11-30 23:00:00,2024-11-30,23,11,November,Saturday,2.99,236.4,10.0,Kitchen,25.42
2024-12-01 00:00:00,2024-12-01,0,12,December,Sunday,0.98,228.9,20.4,Factory Floor,8.33
2024-12-01 01:00:00,2024-12-01,1,12,December,Sunday,1.47,238.3,22.6,Factory Floor,12.49
2024-12-01 02:00:00,2024-12-01,2,12,December,Sunday,1.1,222.6,12.1,Factory Floor,9.35
2024-12-01 03:00:00,2024-12-01,3,12,December,Sunday,0.82,236.3,15.1,Factory Floor,6.97
2024-12-01 04:00:00,2024-12-01,4,12,December,Sunday,1.09,237.0,22.0,Kitchen,9.27
2024-12-01 05:00:00,2024-12-01,5,12,December,Sunday,0.81,236.8,23.4,Factory Floor,6.89
2024-12-01 06:00:00,2024-12-01,6,12,December,Sunday,7.47,225.5,17.3,Living Room,63.49
2024-12-01 07:00:00,2024-12-01,7,12,December,Sunday,8.43,238.1,24.3,AC Unit,71.66
2024-12-01 08:00:00,2024-12-01,8,12,December,Sunday,6.5,229.1,22.5,Living Room,55.25
2024-12-01 09:00:00,2024-12-01,9,12,December,Sunday,6.74,239.0,12.5,Office,57.29
2024-12-01 10:00:00,2024-12-01,10,12,December,Sunday,2.0,229.8,17.9,Factory Floor,17.0
2024-12-01 11:00:00,2024-12-01,11,12,December,Sunday,2.15,222.9,24.0,Factory Floor,18.27
2024-12-01 12:00:00,2024-12-01,12,12,December,Sunday,2.11,238.8,17.2,Living Room,17.93
2024-12-01 13:00:00,2024-12-01,13,12,December,Sunday,2.43,220.9,19.1,Kitchen,20.66
2024-12-01 14:00:00,2024-12-01,14,12,December,Sunday,2.43,238.9,10.9,Office,20.66
2024-12-01 15:00:00,2024-12-01,15,12,December,Sunday,2.06,220.8,16.9,Office,17.51
2024-12-01 16:00:00,2024-12-01,16,12,December,Sunday,2.64,234.3,16.6,Factory Floor,22.44
2024-12-01 17:00:00,2024-12-01,17,12,December,Sunday,2.67,220.5,18.6,AC Unit,22.7
2024-12-01 18:00:00,2024-12-01,18,12,December,Sunday,7.68,240.3,15.8,Living Room,65.28
2024-12-01 19:00:00,2024-12-01,19,12,December,Sunday,8.47,228.1,11.0,Kitchen,72.0
2024-12-01 20:00:00,2024-12-01,20,12,December,Sunday,7.46,230.3,10.3,Factory Floor,63.41
2024-12-01 21:00:00,2024-12-01,21,12,December,Sunday,8.48,229.3,22.7,Office,72.08
2024-12-01 22:00:00,2024-12-01,22,12,December,Sunday,8.54,224.1,13.3,AC Unit,72.59
2024-12-01 23:00:00,2024-12-01,23,12,December,Sunday,2.62,241.7,21.1,Office,22.27
2024-12-02 00:00:00,2024-12-02,0,12,December,Monday,1.31,228.7,13.8,Office,11.13
2024-12-02 01:00:00,2024-12-02,1,12,December,Monday,1.51,218.3,21.7,Living Room,12.84
2024-12-02 02:00:00,2024-12-02,2,12,December,Monday,0.87,239.6,13.9,AC Unit,7.39
2024-12-02 03:00:00,2024-12-02,3,12,December,Monday,0.76,220.8,24.9,Kitchen,6.46
2024-12-02 04:00:00,2024-12-02,4,12,December,Monday,1.47,235.4,11.3,AC Unit,12.49
2024-12-02 05:00:00,2024-12-02,5,12,December,Monday,1.38,230.5,11.0,Living Room,11.73
2024-12-02 06:00:00,2024-12-02,6,12,December,Monday,7.51,222.4,14.4,Factory Floor,63.84
2024-12-02 07:00:00,2024-12-02,7,12,December,Monday,6.53,237.9,21.9,Living Room,55.51
2024-12-02 08:00:00,2024-12-02,8,12,December,Monday,7.37,228.1,14.9,Office,62.65
2024-12-02 09:00:00,2024-12-02,9,12,December,Monday,6.48,233.9,21.7,Living Room,55.08
2024-12-02 10:00:00,2024-12-02,10,12,December,Monday,2.37,231.7,19.6,Factory Floor,20.14
2024-12-02 11:00:00,2024-12-02,11,12,December,Monday,2.98,220.1,13.3,Office,25.33
2024-12-02 12:00:00,2024-12-02,12,12,December,Monday,2.06,220.5,20.9,Kitchen,17.51
2024-12-02 13:00:00,2024-12-02,13,12,December,Monday,2.38,231.9,10.4,AC Unit,20.23
2024-12-02 14:00:00,2024-12-02,14,12,December,Monday,2.9,232.3,14.6,AC Unit,24.65
2024-12-02 15:00:00,2024-12-02,15,12,December,Monday,2.28,224.3,21.5,Office,19.38
2024-12-02 16:00:00,2024-12-02,16,12,December,Monday,2.06,220.4,21.4,Office,17.51
2024-12-02 17:00:00,2024-12-02,17,12,December,Monday,2.25,221.7,18.4,Living Room,19.12
2024-12-02 18:00:00,2024-12-02,18,12,December,Monday,10.7,241.4,19.3,Kitchen,90.95
2024-12-02 19:00:00,2024-12-02,19,12,December,Monday,8.58,232.3,10.3,Office,72.93
2024-12-02 20:00:00,2024-12-02,20,12,December,Monday,9.8,234.3,19.6,Office,83.3
2024-12-02 21:00:00,2024-12-02,21,12,December,Monday,7.25,225.0,22.9,Factory Floor,61.62
2024-12-02 22:00:00,2024-12-02,22,12,December,Monday,10.01,235.3,11.4,Factory Floor,85.08
2024-12-02 23:00:00,2024-12-02,23,12,December,Monday,2.76,234.4,22.5,AC Unit,23.46
2024-12-03 00:00:00,2024-12-03,0,12,December,Tuesday,0.84,239.3,17.0,Office,7.14
2024-12-03 01:00:00,2024-12-03,1,12,December,Tuesday,0.5,230.5,24.7,Office,4.25
2024-12-03 02:00:00,2024-12-03,2,12,December,Tuesday,1.85,218.3,19.3,Factory Floor,15.73
2024-12-03 03:00:00,2024-12-03,3,12,December,Tuesday,1.2,241.4,14.8,Factory Floor,10.2
2024-12-03 04:00:00,2024-12-03,4,12,December,Tuesday,1.82,218.8,10.9,Living Room,15.47
2024-12-03 05:00:00,2024-12-03,5,12,December,Tuesday,1.38,230.5,16.2,Factory Floor,11.73
2024-12-03 06:00:00,2024-12-03,6,12,December,Tuesday,6.6,228.4,21.6,AC Unit,56.1
2024-12-03 07:00:00,2024-12-03,7,12,December,Tuesday,7.47,229.2,14.0,Living Room,63.49
2024-12-03 08:00:00,2024-12-03,8,12,December,Tuesday,7.42,238.2,23.0,Kitchen,63.07
2024-12-03 09:00:00,2024-12-03,9,12,December,Tuesday,5.91,232.4,10.6,Living Room,50.23
2024-12-03 10:00:00,2024-12-03,10,12,December,Tuesday,2.14,238.7,16.1,Kitchen,18.19
2024-12-03 11:00:00,2024-12-03,11,12,December,Tuesday,2.26,232.9,12.0,Kitchen,19.21
2024-12-03 12:00:00,2024-12-03,12,12,December,Tuesday,2.44,236.0,20.5,Factory Floor,20.74
2024-12-03 13:00:00,2024-12-03,13,12,December,Tuesday,2.05,225.9,14.6,Kitchen,17.42
2024-12-03 14:00:00,2024-12-03,14,12,December,Tuesday,2.42,222.1,19.3,AC Unit,20.57
2024-12-03 15:00:00,2024-12-03,15,12,December,Tuesday,2.74,224.3,20.4,AC Unit,23.29
2024-12-03 16:00:00,2024-12-03,16,12,December,Tuesday,2.54,222.4,13.6,Living Room,21.59
2024-12-03 17:00:00,2024-12-03,17,12,December,Tuesday,2.12,225.5,22.9,Factory Floor,18.02
2024-12-03 18:00:00,2024-12-03,18,12,December,Tuesday,7.9,220.4,24.5,Living Room,67.15
2024-12-03 19:00:00,2024-12-03,19,12,December,Tuesday,7.39,239.4,24.7,Kitchen,62.81
2024-12-03 20:00:00,2024-12-03,20,12,December,Tuesday,7.56,229.3,10.2,Kitchen,64.26
2024-12-03 21:00:00,2024-12-03,21,12,December,Tuesday,8.68,229.1,23.5,AC Unit,73.78
2024-12-03 22:00:00,2024-12-03,22,12,December,Tuesday,7.58,223.3,14.2,AC Unit,64.43
2024-12-03 23:00:00,2024-12-03,23,12,December,Tuesday,2.7,220.3,13.1,AC Unit,22.95
2024-12-04 00:00:00,2024-12-04,0,12,December,Wednesday,0.68,231.8,16.5,Factory Floor,5.78
2024-12-04 01:00:00,2024-12-04,1,12,December,Wednesday,0.84,222.7,13.3,Living Room,7.14
2024-12-04 02:00:00,2024-12-04,2,12,December,Wednesday,1.7,238.6,14.9,AC Unit,14.45
2024-12-04 03:00:00,2024-12-04,3,12,December,Wednesday,0.5,239.4,21.7,Kitchen,4.25
2024-12-04 04:00:00,2024-12-04,4,12,December,Wednesday,0.68,229.4,20.2,Kitchen,5.78
2024-12-04 05:00:00,2024-12-04,5,12,December,Wednesday,0.67,235.6,17.8,Kitchen,5.7
2024-12-04 06:00:00,2024-12-04,6,12,December,Wednesday,7.6,236.0,10.3,Factory Floor,64.6
2024-12-04 07:00:00,2024-12-04,7,12,December,Wednesday,7.79,233.4,23.0,Factory Floor,66.22
2024-12-04 08:00:00,2024-12-04,8,12,December,Wednesday,7.55,230.6,15.5,Office,64.17
2024-12-04 09:00:00,2024-12-04,9,12,December,Wednesday,6.08,228.0,21.3,Living Room,51.68
2024-12-04 10:00:00,2024-12-04,10,12,December,Wednesday,2.97,241.8,15.6,Living Room,25.25
2024-12-04 11:00:00,2024-12-04,11,12,December,Wednesday,2.06,226.9,22.8,Factory Floor,17.51
2024-12-04 12:00:00,2024-12-04,12,12,December,Wednesday,2.75,241.7,13.2,AC Unit,23.38
2024-12-04 13:00:00,2024-12-04,13,12,December,Wednesday,2.77,237.9,23.1,Factory Floor,23.55
2024-12-04 14:00:00,2024-12-04,14,12,December,Wednesday,2.48,226.1,15.7,Office,21.08
2024-12-04 15:00:00,2024-12-04,15,12,December,Wednesday,2.51,234.2,13.2,Factory Floor,21.33
2024-12-04 16:00:00,2024-12-04,16,12,December,Wednesday,2.09,241.7,24.8,Office,17.77
2024-12-04 17:00:00,2024-12-04,17,12,December,Wednesday,2.54,218.2,10.5,AC Unit,21.59
2024-12-04 18:00:00,2024-12-04,18,12,December,Wednesday,7.18,240.4,18.3,Living Room,61.03
2024-12-04 19:00:00,2024-12-04,19,12,December,Wednesday,9.9,233.7,21.6,Office,84.15
2024-12-04 20:00:00,2024-12-04,20,12,December,Wednesday,8.39,228.9,21.2,Kitchen,71.31
2024-12-04 21:00:00,2024-12-04,21,12,December,Wednesday,9.52,236.2,14.0,AC Unit,80.92
2024-12-04 22:00:00,2024-12-04,22,12,December,Wednesday,7.49,225.9,15.8,Kitchen,63.66
2024-12-04 23:00:00,2024-12-04,23,12,December,Wednesday,2.15,231.0,23.2,Kitchen,18.27
2024-12-05 00:00:00,2024-12-05,0,12,December,Thursday,0.99,237.9,20.1,Kitchen,8.41
2024-12-05 01:00:00,2024-12-05,1,12,December,Thursday,1.1,227.3,13.1,Living Room,9.35
2024-12-05 02:00:00,2024-12-05,2,12,December,Thursday,1.11,239.2,15.6,Factory Floor,9.44
2024-12-05 03:00:00,2024-12-05,3,12,December,Thursday,1.23,222.9,19.0,AC Unit,10.46
2024-12-05 04:00:00,2024-12-05,4,12,December,Thursday,1.88,233.8,17.9,Office,15.98
2024-12-05 05:00:00,2024-12-05,5,12,December,Thursday,0.9,219.7,12.2,Office,7.65
2024-12-05 06:00:00,2024-12-05,6,12,December,Thursday,7.28,218.4,20.4,Factory Floor,61.88
2024-12-05 07:00:00,2024-12-05,7,12,December,Thursday,7.22,237.1,11.6,Living Room,61.37
2024-12-05 08:00:00,2024-12-05,8,12,December,Thursday,6.39,233.2,15.4,Office,54.31
2024-12-05 09:00:00,2024-12-05,9,12,December,Thursday,6.95,236.1,23.7,AC Unit,59.08
2024-12-05 10:00:00,2024-12-05,10,12,December,Thursday,2.63,234.5,15.7,AC Unit,22.36
2024-12-05 11:00:00,2024-12-05,11,12,December,Thursday,2.07,223.1,12.5,Office,17.59
2024-12-05 12:00:00,2024-12-05,12,12,December,Thursday,2.55,232.0,21.9,Living Room,21.67
2024-12-05 13:00:00,2024-12-05,13,12,December,Thursday,2.68,240.6,23.3,Office,22.78
2024-12-05 14:00:00,2024-12-05,14,12,December,Thursday,2.94,236.3,17.9,Living Room,24.99
2024-12-05 15:00:00,2024-12-05,15,12,December,Thursday,2.88,218.1,11.5,Office,24.48
2024-12-05 16:00:00,2024-12-05,16,12,December,Thursday,2.74,239.9,13.1,Factory Floor,23.29
2024-12-05 17:00:00,2024-12-05,17,12,December,Thursday,2.03,236.7,16.2,Living Room,17.25
2024-12-05 18:00:00,2024-12-05,18,12,December,Thursday,8.36,231.4,17.6,AC Unit,71.06
2024-12-05 19:00:00,2024-12-05,19,12,December,Thursday,9.4,237.3,17.3,Living Room,79.9
2024-12-05 20:00:00,2024-12-05,20,12,December,Thursday,9.54,238.6,20.7,Factory Floor,81.09
2024-12-05 21:00:00,2024-12-05,21,12,December,Thursday,10.83,223.1,18.4,Kitchen,92.06
2024-12-05 22:00:00,2024-12-05,22,12,December,Thursday,9.18,232.1,20.3,Office,78.03
2024-12-05 23:00:00,2024-12-05,23,12,December,Thursday,2.05,225.3,17.7,AC Unit,17.42
2024-12-06 00:00:00,2024-12-06,0,12,December,Friday,0.5,232.2,17.0,Factory Floor,4.25
2024-12-06 01:00:00,2024-12-06,1,12,December,Friday,1.44,230.3,21.8,Kitchen,12.24
2024-12-06 02:00:00,2024-12-06,2,12,December,Friday,1.0,236.2,10.5,Office,8.5
2024-12-06 03:00:00,2024-12-06,3,12,December,Friday,0.62,229.1,19.0,Kitchen,5.27
2024-12-06 04:00:00,2024-12-06,4,12,December,Friday,1.05,227.3,19.3,Factory Floor,8.93
2024-12-06 05:00:00,2024-12-06,5,12,December,Friday,0.7,219.4,20.3,Living Room,5.95
2024-12-06 06:00:00,2024-12-06,6,12,December,Friday,5.89,220.7,21.8,Living Room,50.06
2024-12-06 07:00:00,2024-12-06,7,12,December,Friday,6.63,238.8,17.4,AC Unit,56.35
2024-12-06 08:00:00,2024-12-06,8,12,December,Friday,7.13,238.9,18.0,Office,60.6
2024-12-06 09:00:00,2024-12-06,9,12,December,Friday,7.46,223.2,22.9,Living Room,63.41
2024-12-06 10:00:00,2024-12-06,10,12,December,Friday,2.38,221.1,16.8,Factory Floor,20.23
2024-12-06 11:00:00,2024-12-06,11,12,December,Friday,2.09,239.3,11.5,Office,17.77
2024-12-06 12:00:00,2024-12-06,12,12,December,Friday,2.34,220.3,10.6,Living Room,19.89
2024-12-06 13:00:00,2024-12-06,13,12,December,Friday,2.46,233.8,12.7,AC Unit,20.91
2024-12-06 14:00:00,2024-12-06,14,12,December,Friday,2.06,227.5,19.6,Kitchen,17.51
2024-12-06 15:00:00,2024-12-06,15,12,December,Friday,2.19,233.7,11.1,Factory Floor,18.61
2024-12-06 16:00:00,2024-12-06,16,12,December,Friday,2.95,222.2,22.8,Office,25.08
2024-12-06 17:00:00,2024-12-06,17,12,December,Friday,2.89,220.2,19.0,Living Room,24.57
2024-12-06 18:00:00,2024-12-06,18,12,December,Friday,7.21,224.7,19.2,Living Room,61.28
2024-12-06 19:00:00,2024-12-06,19,12,December,Friday,9.7,227.7,24.0,Factory Floor,82.45
2024-12-06 20:00:00,2024-12-06,20,12,December,Friday,7.06,218.9,21.1,AC Unit,60.01
2024-12-06 21:00:00,2024-12-06,21,12,December,Friday,6.91,240.9,10.1,Kitchen,58.73
2024-12-06 22:00:00,2024-12-06,22,12,December,Friday,9.65,226.4,13.6,Kitchen,82.03
2024-12-06 23:00:00,2024-12-06,23,12,December,Friday,2.36,220.7,16.0,Kitchen,20.06
2024-12-07 00:00:00,2024-12-07,0,12,December,Saturday,0.9,219.6,14.7,Office,7.65
2024-12-07 01:00:00,2024-12-07,1,12,December,Saturday,1.67,229.6,10.5,AC Unit,14.2
2024-12-07 02:00:00,2024-12-07,2,12,December,Saturday,1.14,240.7,11.5,Kitchen,9.69
2024-12-07 03:00:00,2024-12-07,3,12,December,Saturday,0.5,227.5,13.0,Office,4.25
2024-12-07 04:00:00,2024-12-07,4,12,December,Saturday,0.99,221.6,24.6,Factory Floor,8.41
2024-12-07 05:00:00,2024-12-07,5,12,December,Saturday,1.33,222.8,18.5,Factory Floor,11.3
2024-12-07 06:00:00,2024-12-07,6,12,December,Saturday,6.48,231.5,13.3,Factory Floor,55.08
2024-12-07 07:00:00,2024-12-07,7,12,December,Saturday,6.66,240.9,15.4,AC Unit,56.61
2024-12-07 08:00:00,2024-12-07,8,12,December,Saturday,6.21,232.1,23.1,Living Room,52.78
2024-12-07 09:00:00,2024-12-07,9,12,December,Saturday,7.14,231.3,11.5,Kitchen,60.69
2024-12-07 10:00:00,2024-12-07,10,12,December,Saturday,2.68,229.7,10.7,AC Unit,22.78
2024-12-07 11:00:00,2024-12-07,11,12,December,Saturday,2.43,223.8,11.8,Factory Floor,20.66
2024-12-07 12:00:00,2024-12-07,12,12,December,Saturday,2.36,241.2,21.7,Kitchen,20.06
2024-12-07 13:00:00,2024-12-07,13,12,December,Saturday,2.58,236.4,23.6,AC Unit,21.93
2024-12-07 14:00:00,2024-12-07,14,12,December,Saturday,2.87,226.7,20.7,AC Unit,24.39
2024-12-07 15:00:00,2024-12-07,15,12,December,Saturday,2.39,235.8,19.6,Living Room,20.32
2024-12-07 16:00:00,2024-12-07,16,12,December,Saturday,2.1,220.5,19.7,Office,17.85
2024-12-07 17:00:00,2024-12-07,17,12,December,Saturday,2.02,223.1,10.0,Factory Floor,17.17
2024-12-07 18:00:00,2024-12-07,18,12,December,Saturday,10.02,230.5,24.0,Living Room,85.17
2024-12-07 19:00:00,2024-12-07,19,12,December,Saturday,7.64,232.3,22.8,AC Unit,64.94
2024-12-07 20:00:00,2024-12-07,20,12,December,Saturday,7.1,220.9,24.7,Office,60.35
2024-12-07 21:00:00,2024-12-07,21,12,December,Saturday,10.09,239.7,17.1,AC Unit,85.77
2024-12-07 22:00:00,2024-12-07,22,12,December,Saturday,9.49,220.3,15.9,Kitchen,80.67
2024-12-07 23:00:00,2024-12-07,23,12,December,Saturday,2.66,234.2,23.6,AC Unit,22.61
2024-12-08 00:00:00,2024-12-08,0,12,December,Sunday,0.74,234.2,15.2,Office,6.29
2024-12-08 01:00:00,2024-12-08,1,12,December,Sunday,0.99,231.4,21.4,Factory Floor,8.41
2024-12-08 02:00:00,2024-12-08,2,12,December,Sunday,0.5,221.4,10.1,Office,4.25
2024-12-08 03:00:00,2024-12-08,3,12,December,Sunday,0.5,218.7,13.4,AC Unit,4.25
2024-12-08 04:00:00,2024-12-08,4,12,December,Sunday,1.26,236.0,11.3,AC Unit,10.71
2024-12-08 05:00:00,2024-12-08,5,12,December,Sunday,0.94,235.1,21.2,Living Room,7.99
2024-12-08 06:00:00,2024-12-08,6,12,December,Sunday,7.64,228.5,14.4,Kitchen,64.94
2024-12-08 07:00:00,2024-12-08,7,12,December,Sunday,5.49,231.9,15.3,Office,46.66
2024-12-08 08:00:00,2024-12-08,8,12,December,Sunday,7.93,233.1,23.5,Factory Floor,67.41
2024-12-08 09:00:00,2024-12-08,9,12,December,Sunday,7.51,229.3,24.6,Factory Floor,63.84
2024-12-08 10:00:00,2024-12-08,10,12,December,Sunday,2.91,224.1,22.2,Kitchen,24.73
2024-12-08 11:00:00,2024-12-08,11,12,December,Sunday,2.59,222.9,19.4,Living Room,22.02
2024-12-08 12:00:00,2024-12-08,12,12,December,Sunday,2.95,232.6,18.5,Kitchen,25.08
2024-12-08 13:00:00,2024-12-08,13,12,December,Sunday,2.26,219.4,17.8,AC Unit,19.21
2024-12-08 14:00:00,2024-12-08,14,12,December,Sunday,2.71,234.0,16.6,Kitchen,23.04
2024-12-08 15:00:00,2024-12-08,15,12,December,Sunday,2.84,228.0,16.6,Living Room,24.14
2024-12-08 16:00:00,2024-12-08,16,12,December,Sunday,2.49,236.8,10.2,Kitchen,21.17
2024-12-08 17:00:00,2024-12-08,17,12,December,Sunday,2.36,226.1,23.6,Kitchen,20.06
2024-12-08 18:00:00,2024-12-08,18,12,December,Sunday,8.72,224.1,11.4,Factory Floor,74.12
2024-12-08 19:00:00,2024-12-08,19,12,December,Sunday,6.93,218.7,18.6,AC Unit,58.91
2024-12-08 20:00:00,2024-12-08,20,12,December,Sunday,10.2,224.4,10.5,Factory Floor,86.7
2024-12-08 21:00:00,2024-12-08,21,12,December,Sunday,7.97,232.7,15.3,Office,67.75
2024-12-08 22:00:00,2024-12-08,22,12,December,Sunday,7.24,220.7,12.8,Kitchen,61.54
2024-12-08 23:00:00,2024-12-08,23,12,December,Sunday,2.21,238.3,21.1,Office,18.79
2024-12-09 00:00:00,2024-12-09,0,12,December,Monday,0.5,236.3,24.4,Office,4.25
2024-12-09 01:00:00,2024-12-09,1,12,December,Monday,1.42,233.6,24.6,Factory Floor,12.07
2024-12-09 02:00:00,2024-12-09,2,12,December,Monday,0.5,219.5,22.6,Factory Floor,4.25
2024-12-09 03:00:00,2024-12-09,3,12,December,Monday,0.99,227.8,24.1,Factory Floor,8.41
2024-12-09 04:00:00,2024-12-09,4,12,December,Monday,1.09,237.6,15.7,AC Unit,9.27
2024-12-09 05:00:00,2024-12-09,5,12,December,Monday,0.66,240.1,10.9,Living Room,5.61
2024-12-09 06:00:00,2024-12-09,6,12,December,Monday,7.95,240.6,13.7,Office,67.58
2024-12-09 07:00:00,2024-12-09,7,12,December,Monday,6.9,229.2,10.2,Office,58.65
2024-12-09 08:00:00,2024-12-09,8,12,December,Monday,6.91,228.4,10.1,Office,58.73
2024-12-09 09:00:00,2024-12-09,9,12,December,Monday,6.37,238.0,13.8,Office,54.15
2024-12-09 10:00:00,2024-12-09,10,12,December,Monday,2.68,221.7,20.3,Kitchen,22.78
2024-12-09 11:00:00,2024-12-09,11,12,December,Monday,2.01,222.5,23.9,Office,17.08
2024-12-09 12:00:00,2024-12-09,12,12,December,Monday,2.76,226.1,18.5,Office,23.46
2024-12-09 13:00:00,2024-12-09,13,12,December,Monday,2.76,220.9,22.6,Office,23.46
2024-12-09 14:00:00,2024-12-09,14,12,December,Monday,2.04,226.4,18.0,Kitchen,17.34
2024-12-09 15:00:00,2024-12-09,15,12,December,Monday,2.81,236.5,23.2,AC Unit,23.89
2024-12-09 16:00:00,2024-12-09,16,12,December,Monday,2.19,241.3,17.3,Living Room,18.61
2024-12-09 17:00:00,2024-12-09,17,12,December,Monday,2.73,231.0,22.2,Kitchen,23.2
2024-12-09 18:00:00,2024-12-09,18,12,December,Monday,8.78,218.4,21.1,Factory Floor,74.63
2024-12-09 19:00:00,2024-12-09,19,12,December,Monday,8.26,221.4,20.3,Living Room,70.21
2024-12-09 20:00:00,2024-12-09,20,12,December,Monday,8.97,235.6,14.9,Factory Floor,76.25
2024-12-09 21:00:00,2024-12-09,21,12,December,Monday,10.1,218.8,15.3,Factory Floor,85.85
2024-12-09 22:00:00,2024-12-09,22,12,December,Monday,8.08,225.4,24.0,AC Unit,68.68
2024-12-09 23:00:00,2024-12-09,23,12,December,Monday,2.02,228.5,24.2,Living Room,17.17
2024-12-10 00:00:00,2024-12-10,0,12,December,Tuesday,0.5,228.9,16.5,Kitchen,4.25
2024-12-10 01:00:00,2024-12-10,1,12,December,Tuesday,0.75,220.8,20.4,AC Unit,6.38
2024-12-10 02:00:00,2024-12-10,2,12,December,Tuesday,0.63,229.9,19.1,Office,5.36
2024-12-10 03:00:00,2024-12-10,3,12,December,Tuesday,0.71,231.5,12.7,Factory Floor,6.04
2024-12-10 04:00:00,2024-12-10,4,12,December,Tuesday,1.49,223.2,24.4,Kitchen,12.66
2024-12-10 05:00:00,2024-12-10,5,12,December,Tuesday,0.55,234.2,19.5,Living Room,4.68
2024-12-10 06:00:00,2024-12-10,6,12,December,Tuesday,7.7,225.8,16.1,AC Unit,65.45
2024-12-10 07:00:00,2024-12-10,7,12,December,Tuesday,8.03,240.2,14.0,Kitchen,68.25
2024-12-10 08:00:00,2024-12-10,8,12,December,Tuesday,5.95,228.8,17.8,Kitchen,50.58
2024-12-10 09:00:00,2024-12-10,9,12,December,Tuesday,6.03,230.2,15.8,Office,51.26
2024-12-10 10:00:00,2024-12-10,10,12,December,Tuesday,2.09,233.2,16.5,AC Unit,17.77
2024-12-10 11:00:00,2024-12-10,11,12,December,Tuesday,2.81,233.1,18.7,Factory Floor,23.89
2024-12-10 12:00:00,2024-12-10,12,12,December,Tuesday,2.79,221.8,14.0,Kitchen,23.71
2024-12-10 13:00:00,2024-12-10,13,12,December,Tuesday,2.43,223.8,13.8,Kitchen,20.66
2024-12-10 14:00:00,2024-12-10,14,12,December,Tuesday,2.46,230.8,11.0,Living Room,20.91
2024-12-10 15:00:00,2024-12-10,15,12,December,Tuesday,2.53,224.3,14.3,Kitchen,21.5
2024-12-10 16:00:00,2024-12-10,16,12,December,Tuesday,2.34,234.2,20.7,Factory Floor,19.89
2024-12-10 17:00:00,2024-12-10,17,12,December,Tuesday,2.75,221.4,11.9,Living Room,23.38
2024-12-10 18:00:00,2024-12-10,18,12,December,Tuesday,9.25,227.2,23.5,Living Room,78.62
2024-12-10 19:00:00,2024-12-10,19,12,December,Tuesday,8.04,230.9,23.3,Kitchen,68.34
2024-12-10 20:00:00,2024-12-10,20,12,December,Tuesday,9.24,224.7,24.5,AC Unit,78.54
2024-12-10 21:00:00,2024-12-10,21,12,December,Tuesday,9.59,225.3,23.5,Kitchen,81.52
2024-12-10 22:00:00,2024-12-10,22,12,December,Tuesday,6.35,227.5,18.0,Office,53.97
2024-12-10 23:00:00,2024-12-10,23,12,December,Tuesday,2.18,227.7,17.1,Living Room,18.53
2024-12-11 00:00:00,2024-12-11,0,12,December,Wednesday,1.85,230.5,19.1,Kitchen,15.73
2024-12-11 01:00:00,2024-12-11,1,12,December,Wednesday,0.5,225.2,20.0,Factory Floor,4.25
2024-12-11 02:00:00,2024-12-11,2,12,December,Wednesday,1.49,220.5,15.6,Factory Floor,12.66
2024-12-11 03:00:00,2024-12-11,3,12,December,Wednesday,1.52,219.1,20.2,AC Unit,12.92
2024-12-11 04:00:00,2024-12-11,4,12,December,Wednesday,0.61,232.9,21.3,Kitchen,5.18
2024-12-11 05:00:00,2024-12-11,5,12,December,Wednesday,1.67,237.4,12.8,Office,14.2
2024-12-11 06:00:00,2024-12-11,6,12,December,Wednesday,7.78,229.2,13.9,Factory Floor,66.13
2024-12-11 07:00:00,2024-12-11,7,12,December,Wednesday,6.04,231.1,13.3,Factory Floor,51.34
2024-12-11 08:00:00,2024-12-11,8,12,December,Wednesday,7.58,231.5,20.3,Office,64.43
2024-12-11 09:00:00,2024-12-11,9,12,December,Wednesday,5.71,221.2,12.3,Kitchen,48.53
2024-12-11 10:00:00,2024-12-11,10,12,December,Wednesday,2.52,241.9,14.6,Living Room,21.42
2024-12-11 11:00:00,2024-12-11,11,12,December,Wednesday,2.65,218.1,23.5,Office,22.52
2024-12-11 12:00:00,2024-12-11,12,12,December,Wednesday,2.79,223.5,18.5,Living Room,23.71
2024-12-11 13:00:00,2024-12-11,13,12,December,Wednesday,2.4,229.8,13.8,Kitchen,20.4
2024-12-11 14:00:00,2024-12-11,14,12,December,Wednesday,2.73,222.7,20.4,Factory Floor,23.2
2024-12-11 15:00:00,2024-12-11,15,12,December,Wednesday,2.55,220.3,23.2,Factory Floor,21.67
2024-12-11 16:00:00,2024-12-11,16,12,December,Wednesday,2.65,239.3,12.4,Factory Floor,22.52
2024-12-11 17:00:00,2024-12-11,17,12,December,Wednesday,2.81,236.7,11.5,Living Room,23.89
2024-12-11 18:00:00,2024-12-11,18,12,December,Wednesday,8.35,233.8,12.8,Office,70.97
2024-12-11 19:00:00,2024-12-11,19,12,December,Wednesday,8.17,222.2,13.0,Factory Floor,69.44
2024-12-11 20:00:00,2024-12-11,20,12,December,Wednesday,6.31,223.7,17.6,Living Room,53.63
2024-12-11 21:00:00,2024-12-11,21,12,December,Wednesday,10.13,230.5,16.1,Kitchen,86.11
2024-12-11 22:00:00,2024-12-11,22,12,December,Wednesday,8.35,241.9,17.1,Factory Floor,70.97
2024-12-11 23:00:00,2024-12-11,23,12,December,Wednesday,2.91,234.5,18.0,Living Room,24.73
2024-12-12 00:00:00,2024-12-12,0,12,December,Thursday,1.69,224.0,11.3,Factory Floor,14.37
2024-12-12 01:00:00,2024-12-12,1,12,December,Thursday,0.64,230.3,13.7,Office,5.44
2024-12-12 02:00:00,2024-12-12,2,12,December,Thursday,0.97,231.0,23.6,Office,8.24
2024-12-12 03:00:00,2024-12-12,3,12,December,Thursday,1.53,219.4,18.3,Kitchen,13.01
2024-12-12 04:00:00,2024-12-12,4,12,December,Thursday,0.83,236.9,19.7,Office,7.05
2024-12-12 05:00:00,2024-12-12,5,12,December,Thursday,1.33,226.4,18.9,Kitchen,11.3
2024-12-12 06:00:00,2024-12-12,6,12,December,Thursday,7.9,230.4,12.2,Kitchen,67.15
2024-12-12 07:00:00,2024-12-12,7,12,December,Thursday,5.3,225.2,17.7,Living Room,45.05
2024-12-12 08:00:00,2024-12-12,8,12,December,Thursday,7.66,228.4,23.3,Kitchen,65.11
2024-12-12 09:00:00,2024-12-12,9,12,December,Thursday,5.75,234.7,17.5,Living Room,48.88
2024-12-12 10:00:00,2024-12-12,10,12,December,Thursday,2.06,231.8,15.8,Living Room,17.51
2024-12-12 11:00:00,2024-12-12,11,12,December,Thursday,2.99,224.6,24.8,Kitchen,25.42
2024-12-12 12:00:00,2024-12-12,12,12,December,Thursday,2.56,241.9,13.8,Factory Floor,21.76
2024-12-12 13:00:00,2024-12-12,13,12,December,Thursday,2.11,241.6,23.0,Living Room,17.93
2024-12-12 14:00:00,2024-12-12,14,12,December,Thursday,2.99,222.8,16.3,AC Unit,25.42
2024-12-12 15:00:00,2024-12-12,15,12,December,Thursday,2.55,225.4,14.9,Kitchen,21.67
2024-12-12 16:00:00,2024-12-12,16,12,December,Thursday,2.21,228.8,19.7,Office,18.79
2024-12-12 17:00:00,2024-12-12,17,12,December,Thursday,2.43,219.7,23.9,Kitchen,20.66
2024-12-12 18:00:00,2024-12-12,18,12,December,Thursday,9.65,227.8,20.6,Kitchen,82.03
2024-12-12 19:00:00,2024-12-12,19,12,December,Thursday,9.1,226.0,11.0,Kitchen,77.35
2024-12-12 20:00:00,2024-12-12,20,12,December,Thursday,8.2,232.0,16.4,Factory Floor,69.7
2024-12-12 21:00:00,2024-12-12,21,12,December,Thursday,7.87,232.2,13.8,Kitchen,66.89
2024-12-12 22:00:00,2024-12-12,22,12,December,Thursday,10.25,240.4,13.7,Kitchen,87.12
2024-12-12 23:00:00,2024-12-12,23,12,December,Thursday,2.48,238.0,15.6,Living Room,21.08
2024-12-13 00:00:00,2024-12-13,0,12,December,Friday,0.6,226.5,15.1,Factory Floor,5.1
2024-12-13 01:00:00,2024-12-13,1,12,December,Friday,1.01,230.6,18.4,Office,8.59
2024-12-13 02:00:00,2024-12-13,2,12,December,Friday,1.06,223.6,11.1,Office,9.01
2024-12-13 03:00:00,2024-12-13,3,12,December,Friday,0.5,225.0,18.1,Office,4.25
2024-12-13 04:00:00,2024-12-13,4,12,December,Friday,0.5,232.9,24.8,Living Room,4.25
2024-12-13 05:00:00,2024-12-13,5,12,December,Friday,0.99,225.8,12.7,Factory Floor,8.41
2024-12-13 06:00:00,2024-12-13,6,12,December,Friday,6.55,220.9,17.2,Office,55.67
2024-12-13 07:00:00,2024-12-13,7,12,December,Friday,5.85,241.0,18.3,Living Room,49.72
2024-12-13 08:00:00,2024-12-13,8,12,December,Friday,8.5,235.4,24.4,Factory Floor,72.25
2024-12-13 09:00:00,2024-12-13,9,12,December,Friday,7.37,221.9,14.4,Kitchen,62.65
2024-12-13 10:00:00,2024-12-13,10,12,December,Friday,2.83,230.2,22.3,Living Room,24.05
2024-12-13 11:00:00,2024-12-13,11,12,December,Friday,2.3,229.8,11.4,Kitchen,19.55
2024-12-13 12:00:00,2024-12-13,12,12,December,Friday,2.44,239.4,18.2,Living Room,20.74
2024-12-13 13:00:00,2024-12-13,13,12,December,Friday,2.51,227.0,14.8,Living Room,21.33
2024-12-13 14:00:00,2024-12-13,14,12,December,Friday,2.02,227.9,22.8,Office,17.17
2024-12-13 15:00:00,2024-12-13,15,12,December,Friday,2.83,229.1,24.7,Factory Floor,24.05
2024-12-13 16:00:00,2024-12-13,16,12,December,Friday,2.85,235.9,13.1,Kitchen,24.23
2024-12-13 17:00:00,2024-12-13,17,12,December,Friday,2.68,223.6,19.3,Living Room,22.78
2024-12-13 18:00:00,2024-12-13,18,12,December,Friday,7.14,226.8,14.4,AC Unit,60.69
2024-12-13 19:00:00,2024-12-13,19,12,December,Friday,9.67,240.6,15.6,AC Unit,82.19
2024-12-13 20:00:00,2024-12-13,20,12,December,Friday,7.93,230.5,13.2,Kitchen,67.41
2024-12-13 21:00:00,2024-12-13,21,12,December,Friday,9.19,234.5,20.0,Living Room,78.11
2024-12-13 22:00:00,2024-12-13,22,12,December,Friday,9.53,238.9,15.1,AC Unit,81.0
2024-12-13 23:00:00,2024-12-13,23,12,December,Friday,2.48,230.6,19.4,AC Unit,21.08
2024-12-14 00:00:00,2024-12-14,0,12,December,Saturday,1.46,218.2,10.4,Factory Floor,12.41
2024-12-14 01:00:00,2024-12-14,1,12,December,Saturday,0.9,227.8,24.6,Living Room,7.65
2024-12-14 02:00:00,2024-12-14,2,12,December,Saturday,0.53,219.9,15.7,Living Room,4.5
2024-12-14 03:00:00,2024-12-14,3,12,December,Saturday,0.5,225.0,15.6,Office,4.25
2024-12-14 04:00:00,2024-12-14,4,12,December,Saturday,1.13,230.2,14.4,Kitchen,9.6
2024-12-14 05:00:00,2024-12-14,5,12,December,Saturday,1.14,237.6,23.0,Factory Floor,9.69
2024-12-14 06:00:00,2024-12-14,6,12,December,Saturday,6.32,237.0,13.9,Living Room,53.72
2024-12-14 07:00:00,2024-12-14,7,12,December,Saturday,6.34,236.6,12.7,Living Room,53.89
2024-12-14 08:00:00,2024-12-14,8,12,December,Saturday,6.35,230.6,12.4,AC Unit,53.97
2024-12-14 09:00:00,2024-12-14,9,12,December,Saturday,7.41,228.4,16.0,Living Room,62.98
2024-12-14 10:00:00,2024-12-14,10,12,December,Saturday,2.55,236.8,24.1,Living Room,21.67
2024-12-14 11:00:00,2024-12-14,11,12,December,Saturday,2.51,236.2,17.8,Living Room,21.33
2024-12-14 12:00:00,2024-12-14,12,12,December,Saturday,2.29,224.9,10.3,Factory Floor,19.46
2024-12-14 13:00:00,2024-12-14,13,12,December,Saturday,2.98,240.5,17.9,AC Unit,25.33
2024-12-14 14:00:00,2024-12-14,14,12,December,Saturday,2.33,221.3,21.1,Living Room,19.8
2024-12-14 15:00:00,2024-12-14,15,12,December,Saturday,2.91,239.1,23.0,Office,24.73
2024-12-14 16:00:00,2024-12-14,16,12,December,Saturday,2.06,222.0,19.8,Office,17.51
2024-12-14 17:00:00,2024-12-14,17,12,December,Saturday,2.21,218.5,19.7,AC Unit,18.79
2024-12-14 18:00:00,2024-12-14,18,12,December,Saturday,8.12,219.7,12.4,Kitchen,69.02
2024-12-14 19:00:00,2024-12-14,19,12,December,Saturday,7.95,225.8,22.5,Office,67.58
2024-12-14 20:00:00,2024-12-14,20,12,December,Saturday,8.47,219.0,12.8,Factory Floor,72.0
2024-12-14 21:00:00,2024-12-14,21,12,December,Saturday,8.4,236.1,17.3,Kitchen,71.4
2024-12-14 22:00:00,2024-12-14,22,12,December,Saturday,6.87,240.6,15.2,Office,58.4
2024-12-14 23:00:00,2024-12-14,23,12,December,Saturday,2.98,228.6,11.1,AC Unit,25.33
2024-12-15 00:00:00,2024-12-15,0,12,December,Sunday,1.68,224.8,13.5,Factory Floor,14.28
2024-12-15 01:00:00,2024-12-15,1,12,December,Sunday,1.5,241.9,19.1,Office,12.75
2024-12-15 02:00:00,2024-12-15,2,12,December,Sunday,0.99,235.8,20.8,Kitchen,8.41
2024-12-15 03:00:00,2024-12-15,3,12,December,Sunday,1.33,229.5,17.0,Office,11.3
2024-12-15 04:00:00,2024-12-15,4,12,December,Sunday,0.89,236.7,18.7,Living Room,7.57
2024-12-15 05:00:00,2024-12-15,5,12,December,Sunday,0.5,232.5,15.0,Living Room,4.25
2024-12-15 06:00:00,2024-12-15,6,12,December,Sunday,8.31,233.0,20.3,AC Unit,70.64
2024-12-15 07:00:00,2024-12-15,7,12,December,Sunday,6.54,230.7,15.7,Office,55.59
2024-12-15 08:00:00,2024-12-15,8,12,December,Sunday,6.91,240.9,13.5,Factory Floor,58.73
2024-12-15 09:00:00,2024-12-15,9,12,December,Sunday,6.43,231.1,16.4,Office,54.66
2024-12-15 10:00:00,2024-12-15,10,12,December,Sunday,2.6,232.0,19.0,Living Room,22.1
2024-12-15 11:00:00,2024-12-15,11,12,December,Sunday,2.52,229.5,16.4,Office,21.42
2024-12-15 12:00:00,2024-12-15,12,12,December,Sunday,2.91,241.7,14.5,Office,24.73
2024-12-15 13:00:00,2024-12-15,13,12,December,Sunday,2.69,225.8,10.6,Office,22.86
2024-12-15 14:00:00,2024-12-15,14,12,December,Sunday,2.29,219.3,14.2,AC Unit,19.46
2024-12-15 15:00:00,2024-12-15,15,12,December,Sunday,2.26,224.7,16.9,Factory Floor,19.21
2024-12-15 16:00:00,2024-12-15,16,12,December,Sunday,2.14,225.2,15.2,Kitchen,18.19
2024-12-15 17:00:00,2024-12-15,17,12,December,Sunday,2.48,227.9,10.9,AC Unit,21.08
2024-12-15 18:00:00,2024-12-15,18,12,December,Sunday,7.84,221.9,17.1,Living Room,66.64
2024-12-15 19:00:00,2024-12-15,19,12,December,Sunday,8.81,238.9,13.7,Living Room,74.89
2024-12-15 20:00:00,2024-12-15,20,12,December,Sunday,10.11,218.2,16.7,Kitchen,85.94
2024-12-15 21:00:00,2024-12-15,21,12,December,Sunday,10.87,218.7,14.7,Office,92.39
2024-12-15 22:00:00,2024-12-15,22,12,December,Sunday,10.41,220.8,23.6,Office,88.48
2024-12-15 23:00:00,2024-12-15,23,12,December,Sunday,2.65,226.9,17.4,Factory Floor,22.52
2024-12-16 00:00:00,2024-12-16,0,12,December,Monday,1.72,226.6,11.6,Office,14.62
2024-12-16 01:00:00,2024-12-16,1,12,December,Monday,0.97,238.1,19.0,Kitchen,8.24
2024-12-16 02:00:00,2024-12-16,2,12,December,Monday,0.5,240.8,22.6,Factory Floor,4.25
2024-12-16 03:00:00,2024-12-16,3,12,December,Monday,0.61,234.2,15.9,Kitchen,5.18
2024-12-16 04:00:00,2024-12-16,4,12,December,Monday,1.89,236.7,11.0,Factory Floor,16.06
2024-12-16 05:00:00,2024-12-16,5,12,December,Monday,1.23,228.6,21.5,Office,10.46
2024-12-16 06:00:00,2024-12-16,6,12,December,Monday,6.64,223.6,13.4,Office,56.44
2024-12-16 07:00:00,2024-12-16,7,12,December,Monday,6.97,220.9,10.2,Kitchen,59.24
2024-12-16 08:00:00,2024-12-16,8,12,December,Monday,6.23,221.1,20.3,Office,52.96
2024-12-16 09:00:00,2024-12-16,9,12,December,Monday,6.85,232.6,16.0,AC Unit,58.22
2024-12-16 10:00:00,2024-12-16,10,12,December,Monday,2.81,224.6,17.3,Living Room,23.89
2024-12-16 11:00:00,2024-12-16,11,12,December,Monday,2.78,223.4,14.5,Kitchen,23.63
2024-12-16 12:00:00,2024-12-16,12,12,December,Monday,2.82,241.2,19.7,AC Unit,23.97
2024-12-16 13:00:00,2024-12-16,13,12,December,Monday,2.1,220.6,17.0,Kitchen,17.85
2024-12-16 14:00:00,2024-12-16,14,12,December,Monday,2.05,231.0,10.5,Living Room,17.42
2024-12-16 15:00:00,2024-12-16,15,12,December,Monday,2.7,238.7,19.2,AC Unit,22.95
2024-12-16 16:00:00,2024-12-16,16,12,December,Monday,2.92,221.9,10.1,Living Room,24.82
2024-12-16 17:00:00,2024-12-16,17,12,December,Monday,2.79,232.1,22.3,AC Unit,23.71
2024-12-16 18:00:00,2024-12-16,18,12,December,Monday,7.37,218.6,19.5,Factory Floor,62.65
2024-12-16 19:00:00,2024-12-16,19,12,December,Monday,8.72,232.4,10.6,Living Room,74.12
2024-12-16 20:00:00,2024-12-16,20,12,December,Monday,9.28,222.5,21.8,AC Unit,78.88
2024-12-16 21:00:00,2024-12-16,21,12,December,Monday,6.83,240.8,23.4,Living Room,58.05
2024-12-16 22:00:00,2024-12-16,22,12,December,Monday,10.35,225.8,20.3,Kitchen,87.97
2024-12-16 23:00:00,2024-12-16,23,12,December,Monday,2.46,230.4,24.6,Living Room,20.91
2024-12-17 00:00:00,2024-12-17,0,12,December,Tuesday,0.52,228.8,23.8,Office,4.42
2024-12-17 01:00:00,2024-12-17,1,12,December,Tuesday,0.5,223.8,13.6,AC Unit,4.25
2024-12-17 02:00:00,2024-12-17,2,12,December,Tuesday,1.41,225.5,12.3,Living Room,11.98
2024-12-17 03:00:00,2024-12-17,3,12,December,Tuesday,0.71,225.7,15.9,Factory Floor,6.04
2024-12-17 04:00:00,2024-12-17,4,12,December,Tuesday,1.78,235.2,24.2,Office,15.13
2024-12-17 05:00:00,2024-12-17,5,12,December,Tuesday,1.07,236.5,10.8,Factory Floor,9.1
2024-12-17 06:00:00,2024-12-17,6,12,December,Tuesday,5.86,219.9,14.6,Factory Floor,49.81
2024-12-17 07:00:00,2024-12-17,7,12,December,Tuesday,8.33,233.3,15.5,Kitchen,70.81
2024-12-17 08:00:00,2024-12-17,8,12,December,Tuesday,6.27,228.3,20.5,AC Unit,53.29
2024-12-17 09:00:00,2024-12-17,9,12,December,Tuesday,6.59,221.1,19.9,Living Room,56.02
2024-12-17 10:00:00,2024-12-17,10,12,December,Tuesday,2.22,236.2,14.2,Factory Floor,18.87
2024-12-17 11:00:00,2024-12-17,11,12,December,Tuesday,2.45,222.2,13.9,Living Room,20.83
2024-12-17 12:00:00,2024-12-17,12,12,December,Tuesday,2.08,232.4,22.3,Office,17.68
2024-12-17 13:00:00,2024-12-17,13,12,December,Tuesday,2.62,234.9,17.7,Office,22.27
2024-12-17 14:00:00,2024-12-17,14,12,December,Tuesday,2.11,225.2,13.2,AC Unit,17.93
2024-12-17 15:00:00,2024-12-17,15,12,December,Tuesday,2.98,226.2,22.2,AC Unit,25.33
2024-12-17 16:00:00,2024-12-17,16,12,December,Tuesday,2.83,226.2,20.7,Factory Floor,24.05
2024-12-17 17:00:00,2024-12-17,17,12,December,Tuesday,2.13,241.7,20.0,Factory Floor,18.11
2024-12-17 18:00:00,2024-12-17,18,12,December,Tuesday,9.87,229.9,24.8,Living Room,83.89
2024-12-17 19:00:00,2024-12-17,19,12,December,Tuesday,9.59,241.0,17.6,Factory Floor,81.52
2024-12-17 20:00:00,2024-12-17,20,12,December,Tuesday,10.03,223.9,21.5,Living Room,85.25
2024-12-17 21:00:00,2024-12-17,21,12,December,Tuesday,8.13,220.1,23.0,AC Unit,69.11
2024-12-17 22:00:00,2024-12-17,22,12,December,Tuesday,6.77,230.9,24.5,AC Unit,57.54
2024-12-17 23:00:00,2024-12-17,23,12,December,Tuesday,2.05,226.3,24.0,AC Unit,17.42
2024-12-18 00:00:00,2024-12-18,0,12,December,Wednesday,0.93,221.1,16.0,Living Room,7.91
2024-12-18 01:00:00,2024-12-18,1,12,December,Wednesday,0.98,220.6,19.4,AC Unit,8.33
2024-12-18 02:00:00,2024-12-18,2,12,December,Wednesday,0.68,233.3,12.3,Kitchen,5.78
2024-12-18 03:00:00,2024-12-18,3,12,December,Wednesday,0.5,225.6,14.1,AC Unit,4.25
2024-12-18 04:00:00,2024-12-18,4,12,December,Wednesday,1.54,236.8,14.1,Kitchen,13.09
2024-12-18 05:00:00,2024-12-18,5,12,December,Wednesday,1.14,224.1,10.3,Office,9.69
2024-12-18 06:00:00,2024-12-18,6,12,December,Wednesday,8.75,235.6,13.2,Office,74.38
2024-12-18 07:00:00,2024-12-18,7,12,December,Wednesday,6.99,240.9,18.4,Kitchen,59.41
2024-12-18 08:00:00,2024-12-18,8,12,December,Wednesday,5.9,234.4,18.7,Living Room,50.15
2024-12-18 09:00:00,2024-12-18,9,12,December,Wednesday,5.99,235.5,19.5,Kitchen,50.91
2024-12-18 10:00:00,2024-12-18,10,12,December,Wednesday,2.75,221.8,15.8,Living Room,23.38
2024-12-18 11:00:00,2024-12-18,11,12,December,Wednesday,2.89,234.4,21.5,AC Unit,24.57
2024-12-18 12:00:00,2024-12-18,12,12,December,Wednesday,2.71,240.5,20.9,Factory Floor,23.04
2024-12-18 13:00:00,2024-12-18,13,12,December,Wednesday,2.82,239.3,14.5,Factory Floor,23.97
2024-12-18 14:00:00,2024-12-18,14,12,December,Wednesday,2.37,237.1,21.0,Factory Floor,20.14
2024-12-18 15:00:00,2024-12-18,15,12,December,Wednesday,2.55,223.3,24.8,Kitchen,21.67
2024-12-18 16:00:00,2024-12-18,16,12,December,Wednesday,2.59,232.5,21.6,Kitchen,22.02
2024-12-18 17:00:00,2024-12-18,17,12,December,Wednesday,2.07,231.9,15.3,Office,17.59
2024-12-18 18:00:00,2024-12-18,18,12,December,Wednesday,8.37,228.7,16.6,Kitchen,71.14
2024-12-18 19:00:00,2024-12-18,19,12,December,Wednesday,9.67,238.5,20.2,Office,82.19
2024-12-18 20:00:00,2024-12-18,20,12,December,Wednesday,7.54,238.9,17.6,Office,64.09
2024-12-18 21:00:00,2024-12-18,21,12,December,Wednesday,7.98,234.4,11.1,Office,67.83
2024-12-18 22:00:00,2024-12-18,22,12,December,Wednesday,9.06,233.1,18.8,Office,77.01
2024-12-18 23:00:00,2024-12-18,23,12,December,Wednesday,2.29,236.1,19.5,Living Room,19.46
2024-12-19 00:00:00,2024-12-19,0,12,December,Thursday,0.92,226.2,16.3,AC Unit,7.82
2024-12-19 01:00:00,2024-12-19,1,12,December,Thursday,0.7,229.2,23.4,Kitchen,5.95
2024-12-19 02:00:00,2024-12-19,2,12,December,Thursday,1.49,237.4,17.6,AC Unit,12.66
2024-12-19 03:00:00,2024-12-19,3,12,December,Thursday,1.3,219.3,18.7,Living Room,11.05
2024-12-19 04:00:00,2024-12-19,4,12,December,Thursday,0.5,226.2,24.7,Kitchen,4.25
2024-12-19 05:00:00,2024-12-19,5,12,December,Thursday,1.35,239.5,23.7,Factory Floor,11.48
2024-12-19 06:00:00,2024-12-19,6,12,December,Thursday,8.15,218.5,16.0,AC Unit,69.28
2024-12-19 07:00:00,2024-12-19,7,12,December,Thursday,8.01,241.9,12.9,Kitchen,68.08
2024-12-19 08:00:00,2024-12-19,8,12,December,Thursday,5.42,237.1,22.4,AC Unit,46.07
2024-12-19 09:00:00,2024-12-19,9,12,December,Thursday,5.52,233.3,18.6,Living Room,46.92
2024-12-19 10:00:00,2024-12-19,10,12,December,Thursday,2.91,233.7,21.2,Living Room,24.73
2024-12-19 11:00:00,2024-12-19,11,12,December,Thursday,2.12,222.3,21.4,Factory Floor,18.02
2024-12-19 12:00:00,2024-12-19,12,12,December,Thursday,2.49,222.3,20.2,Living Room,21.17
2024-12-19 13:00:00,2024-12-19,13,12,December,Thursday,2.73,232.8,19.5,Kitchen,23.2
2024-12-19 14:00:00,2024-12-19,14,12,December,Thursday,2.89,220.0,19.6,Factory Floor,24.57
2024-12-19 15:00:00,2024-12-19,15,12,December,Thursday,2.42,228.1,17.3,Living Room,20.57
2024-12-19 16:00:00,2024-12-19,16,12,December,Thursday,2.49,231.8,15.2,Factory Floor,21.17
2024-12-19 17:00:00,2024-12-19,17,12,December,Thursday,2.34,226.8,24.8,Living Room,19.89
2024-12-19 18:00:00,2024-12-19,18,12,December,Thursday,8.28,234.4,23.4,Kitchen,70.38
2024-12-19 19:00:00,2024-12-19,19,12,December,Thursday,6.05,235.7,11.2,Office,51.42
2024-12-19 20:00:00,2024-12-19,20,12,December,Thursday,6.98,221.8,18.5,Living Room,59.33
2024-12-19 21:00:00,2024-12-19,21,12,December,Thursday,7.19,225.1,22.1,Factory Floor,61.12
2024-12-19 22:00:00,2024-12-19,22,12,December,Thursday,10.22,224.4,24.2,Office,86.87
2024-12-19 23:00:00,2024-12-19,23,12,December,Thursday,2.38,237.3,12.2,Kitchen,20.23
2024-12-20 00:00:00,2024-12-20,0,12,December,Friday,1.39,223.1,22.8,AC Unit,11.81
2024-12-20 01:00:00,2024-12-20,1,12,December,Friday,1.36,241.7,17.1,Living Room,11.56
2024-12-20 02:00:00,2024-12-20,2,12,December,Friday,1.41,219.5,16.8,Kitchen,11.98
2024-12-20 03:00:00,2024-12-20,3,12,December,Friday,0.96,230.8,19.3,Living Room,8.16
2024-12-20 04:00:00,2024-12-20,4,12,December,Friday,1.29,218.9,16.9,Office,10.96
2024-12-20 05:00:00,2024-12-20,5,12,December,Friday,1.64,229.3,22.1,Office,13.94
2024-12-20 06:00:00,2024-12-20,6,12,December,Friday,7.89,233.7,16.8,AC Unit,67.06
2024-12-20 07:00:00,2024-12-20,7,12,December,Friday,7.57,233.3,20.2,AC Unit,64.34
2024-12-20 08:00:00,2024-12-20,8,12,December,Friday,6.99,236.2,16.7,Living Room,59.41
2024-12-20 09:00:00,2024-12-20,9,12,December,Friday,8.46,223.4,19.4,AC Unit,71.91
2024-12-20 10:00:00,2024-12-20,10,12,December,Friday,2.63,236.0,23.8,Factory Floor,22.36
2024-12-20 11:00:00,2024-12-20,11,12,December,Friday,2.93,241.5,22.5,Living Room,24.91
2024-12-20 12:00:00,2024-12-20,12,12,December,Friday,2.82,236.3,20.7,Office,23.97
2024-12-20 13:00:00,2024-12-20,13,12,December,Friday,2.84,223.2,22.4,Factory Floor,24.14
2024-12-20 14:00:00,2024-12-20,14,12,December,Friday,2.53,231.0,22.8,AC Unit,21.5
2024-12-20 15:00:00,2024-12-20,15,12,December,Friday,2.16,236.5,18.1,AC Unit,18.36
2024-12-20 16:00:00,2024-12-20,16,12,December,Friday,2.32,223.1,14.0,Kitchen,19.72
2024-12-20 17:00:00,2024-12-20,17,12,December,Friday,2.02,232.7,18.2,Living Room,17.17
2024-12-20 18:00:00,2024-12-20,18,12,December,Friday,10.0,218.1,12.3,Factory Floor,85.0
2024-12-20 19:00:00,2024-12-20,19,12,December,Friday,7.66,226.3,22.2,Office,65.11
2024-12-20 20:00:00,2024-12-20,20,12,December,Friday,8.03,235.1,24.2,Kitchen,68.25
2024-12-20 21:00:00,2024-12-20,21,12,December,Friday,8.46,220.5,22.8,Kitchen,71.91
2024-12-20 22:00:00,2024-12-20,22,12,December,Friday,9.92,219.3,22.6,AC Unit,84.32
2024-12-20 23:00:00,2024-12-20,23,12,December,Friday,2.51,220.2,22.0,Kitchen,21.33
2024-12-21 00:00:00,2024-12-21,0,12,December,Saturday,0.97,234.4,23.0,Office,8.24
2024-12-21 01:00:00,2024-12-21,1,12,December,Saturday,0.5,240.7,23.8,Office,4.25
2024-12-21 02:00:00,2024-12-21,2,12,December,Saturday,0.91,233.3,19.6,Office,7.74
2024-12-21 03:00:00,2024-12-21,3,12,December,Saturday,0.63,228.3,20.4,Living Room,5.36
2024-12-21 04:00:00,2024-12-21,4,12,December,Saturday,1.2,218.5,14.6,Kitchen,10.2
2024-12-21 05:00:00,2024-12-21,5,12,December,Saturday,1.92,234.4,21.7,Factory Floor,16.32
2024-12-21 06:00:00,2024-12-21,6,12,December,Saturday,5.48,228.7,20.5,Office,46.58
2024-12-21 07:00:00,2024-12-21,7,12,December,Saturday,5.88,239.6,24.5,Factory Floor,49.98
2024-12-21 08:00:00,2024-12-21,8,12,December,Saturday,8.9,241.4,23.7,Kitchen,75.65
2024-12-21 09:00:00,2024-12-21,9,12,December,Saturday,5.41,228.0,13.0,Factory Floor,45.98
2024-12-21 10:00:00,2024-12-21,10,12,December,Saturday,2.11,218.3,21.5,Factory Floor,17.93
2024-12-21 11:00:00,2024-12-21,11,12,December,Saturday,2.53,230.6,16.5,Factory Floor,21.5
2024-12-21 12:00:00,2024-12-21,12,12,December,Saturday,2.99,238.0,11.5,Factory Floor,25.42
2024-12-21 13:00:00,2024-12-21,13,12,December,Saturday,2.89,226.4,19.1,AC Unit,24.57
2024-12-21 14:00:00,2024-12-21,14,12,December,Saturday,2.43,231.7,12.9,Factory Floor,20.66
2024-12-21 15:00:00,2024-12-21,15,12,December,Saturday,2.29,222.5,12.6,Factory Floor,19.46
2024-12-21 16:00:00,2024-12-21,16,12,December,Saturday,2.44,227.1,18.7,Office,20.74
2024-12-21 17:00:00,2024-12-21,17,12,December,Saturday,2.64,229.8,17.2,Kitchen,22.44
2024-12-21 18:00:00,2024-12-21,18,12,December,Saturday,9.29,220.1,19.4,Factory Floor,78.96
2024-12-21 19:00:00,2024-12-21,19,12,December,Saturday,6.86,241.4,19.8,Factory Floor,58.31
2024-12-21 20:00:00,2024-12-21,20,12,December,Saturday,8.99,224.4,20.9,Office,76.42
2024-12-21 21:00:00,2024-12-21,21,12,December,Saturday,8.06,219.5,16.6,Living Room,68.51
2024-12-21 22:00:00,2024-12-21,22,12,December,Saturday,8.4,220.3,19.1,Factory Floor,71.4
2024-12-21 23:00:00,2024-12-21,23,12,December,Saturday,2.73,233.1,13.3,Kitchen,23.2
2024-12-22 00:00:00,2024-12-22,0,12,December,Sunday,1.25,239.9,12.3,Office,10.62
2024-12-22 01:00:00,2024-12-22,1,12,December,Sunday,1.28,226.7,24.5,Office,10.88
2024-12-22 02:00:00,2024-12-22,2,12,December,Sunday,0.5,234.4,22.9,Kitchen,4.25
2024-12-22 03:00:00,2024-12-22,3,12,December,Sunday,0.7,225.0,15.9,Office,5.95
2024-12-22 04:00:00,2024-12-22,4,12,December,Sunday,1.23,236.6,16.5,Office,10.46
2024-12-22 05:00:00,2024-12-22,5,12,December,Sunday,0.77,225.7,20.4,Factory Floor,6.54
2024-12-22 06:00:00,2024-12-22,6,12,December,Sunday,6.85,237.0,12.9,Office,58.22
2024-12-22 07:00:00,2024-12-22,7,12,December,Sunday,6.96,220.0,17.8,AC Unit,59.16
2024-12-22 08:00:00,2024-12-22,8,12,December,Sunday,8.07,231.6,16.1,AC Unit,68.59
2024-12-22 09:00:00,2024-12-22,9,12,December,Sunday,6.37,241.9,17.8,Factory Floor,54.15
2024-12-22 10:00:00,2024-12-22,10,12,December,Sunday,2.62,240.1,24.5,Kitchen,22.27
2024-12-22 11:00:00,2024-12-22,11,12,December,Sunday,2.28,221.5,23.5,AC Unit,19.38
2024-12-22 12:00:00,2024-12-22,12,12,December,Sunday,2.09,228.2,15.8,Living Room,17.77
2024-12-22 13:00:00,2024-12-22,13,12,December,Sunday,2.8,229.8,14.4,Living Room,23.8
2024-12-22 14:00:00,2024-12-22,14,12,December,Sunday,2.62,224.9,14.5,Office,22.27
2024-12-22 15:00:00,2024-12-22,15,12,December,Sunday,2.64,221.4,17.9,AC Unit,22.44
2024-12-22 16:00:00,2024-12-22,16,12,December,Sunday,2.52,218.6,20.8,Kitchen,21.42
2024-12-22 17:00:00,2024-12-22,17,12,December,Sunday,2.58,226.1,16.3,Kitchen,21.93
2024-12-22 18:00:00,2024-12-22,18,12,December,Sunday,8.83,231.4,15.2,Office,75.06
2024-12-22 19:00:00,2024-12-22,19,12,December,Sunday,9.54,228.5,23.6,Kitchen,81.09
2024-12-22 20:00:00,2024-12-22,20,12,December,Sunday,7.33,226.1,11.4,Office,62.3
2024-12-22 21:00:00,2024-12-22,21,12,December,Sunday,10.04,227.7,14.0,AC Unit,85.34
2024-12-22 22:00:00,2024-12-22,22,12,December,Sunday,9.81,241.4,21.1,AC Unit,83.39
2024-12-22 23:00:00,2024-12-22,23,12,December,Sunday,2.92,229.2,15.1,Kitchen,24.82
2024-12-23 00:00:00,2024-12-23,0,12,December,Monday,0.5,227.6,19.2,Office,4.25
2024-12-23 01:00:00,2024-12-23,1,12,December,Monday,1.14,220.8,18.9,Living Room,9.69
2024-12-23 02:00:00,2024-12-23,2,12,December,Monday,0.6,220.5,15.6,Kitchen,5.1
2024-12-23 03:00:00,2024-12-23,3,12,December,Monday,0.67,224.3,16.8,AC Unit,5.7
2024-12-23 04:00:00,2024-12-23,4,12,December,Monday,1.02,237.3,16.6,AC Unit,8.67
2024-12-23 05:00:00,2024-12-23,5,12,December,Monday,1.25,229.6,16.3,Office,10.62
2024-12-23 06:00:00,2024-12-23,6,12,December,Monday,6.68,223.4,20.0,Living Room,56.78
2024-12-23 07:00:00,2024-12-23,7,12,December,Monday,5.97,229.9,21.6,Kitchen,50.74
2024-12-23 08:00:00,2024-12-23,8,12,December,Monday,6.34,222.2,23.8,Kitchen,53.89
2024-12-23 09:00:00,2024-12-23,9,12,December,Monday,8.12,224.9,24.3,Office,69.02
2024-12-23 10:00:00,2024-12-23,10,12,December,Monday,2.54,227.3,10.2,Kitchen,21.59
2024-12-23 11:00:00,2024-12-23,11,12,December,Monday,2.88,237.4,14.6,Factory Floor,24.48
2024-12-23 12:00:00,2024-12-23,12,12,December,Monday,2.42,237.9,14.7,Living Room,20.57
2024-12-23 13:00:00,2024-12-23,13,12,December,Monday,2.81,220.4,19.7,Office,23.89
2024-12-23 14:00:00,2024-12-23,14,12,December,Monday,2.66,218.8,11.5,Factory Floor,22.61
2024-12-23 15:00:00,2024-12-23,15,12,December,Monday,2.86,231.6,19.9,Living Room,24.31
2024-12-23 16:00:00,2024-12-23,16,12,December,Monday,2.63,237.9,17.6,Kitchen,22.36
2024-12-23 17:00:00,2024-12-23,17,12,December,Monday,2.94,225.5,13.8,Office,24.99
2024-12-23 18:00:00,2024-12-23,18,12,December,Monday,10.64,234.2,12.0,Factory Floor,90.44
2024-12-23 19:00:00,2024-12-23,19,12,December,Monday,7.18,241.5,20.5,AC Unit,61.03
2024-12-23 20:00:00,2024-12-23,20,12,December,Monday,8.04,226.1,22.4,Office,68.34
2024-12-23 21:00:00,2024-12-23,21,12,December,Monday,6.61,234.3,14.2,Factory Floor,56.19
2024-12-23 22:00:00,2024-12-23,22,12,December,Monday,9.22,218.3,17.9,Kitchen,78.37
2024-12-23 23:00:00,2024-12-23,23,12,December,Monday,2.03,237.3,23.2,Office,17.25
2024-12-24 00:00:00,2024-12-24,0,12,December,Tuesday,0.56,231.6,10.7,Factory Floor,4.76
2024-12-24 01:00:00,2024-12-24,1,12,December,Tuesday,0.84,232.8,15.8,Office,7.14
2024-12-24 02:00:00,2024-12-24,2,12,December,Tuesday,0.5,234.7,13.7,Factory Floor,4.25
2024-12-24 03:00:00,2024-12-24,3,12,December,Tuesday,0.87,228.0,14.8,Factory Floor,7.39
2024-12-24 04:00:00,2024-12-24,4,12,December,Tuesday,0.56,240.3,13.6,Factory Floor,4.76
2024-12-24 05:00:00,2024-12-24,5,12,December,Tuesday,0.86,227.9,24.8,Office,7.31
2024-12-24 06:00:00,2024-12-24,6,12,December,Tuesday,5.6,218.6,23.0,Office,47.6
2024-12-24 07:00:00,2024-12-24,7,12,December,Tuesday,7.82,218.2,13.7,Living Room,66.47
2024-12-24 08:00:00,2024-12-24,8,12,December,Tuesday,6.19,230.9,18.2,Factory Floor,52.62
2024-12-24 09:00:00,2024-12-24,9,12,December,Tuesday,8.33,233.1,21.8,Kitchen,70.81
2024-12-24 10:00:00,2024-12-24,10,12,December,Tuesday,2.05,236.1,12.9,Factory Floor,17.42
2024-12-24 11:00:00,2024-12-24,11,12,December,Tuesday,2.07,241.6,18.1,Factory Floor,17.59
2024-12-24 12:00:00,2024-12-24,12,12,December,Tuesday,2.57,222.1,12.5,Office,21.84
2024-12-24 13:00:00,2024-12-24,13,12,December,Tuesday,2.47,240.7,15.9,Living Room,21.0
2024-12-24 14:00:00,2024-12-24,14,12,December,Tuesday,2.37,219.7,22.8,Living Room,20.14
2024-12-24 15:00:00,2024-12-24,15,12,December,Tuesday,2.98,241.8,10.9,Living Room,25.33
2024-12-24 16:00:00,2024-12-24,16,12,December,Tuesday,2.84,234.3,11.9,Kitchen,24.14
2024-12-24 17:00:00,2024-12-24,17,12,December,Tuesday,2.62,222.0,22.3,Office,22.27
2024-12-24 18:00:00,2024-12-24,18,12,December,Tuesday,8.05,221.7,18.4,Kitchen,68.43
2024-12-24 19:00:00,2024-12-24,19,12,December,Tuesday,8.1,223.7,18.8,Factory Floor,68.85
2024-12-24 20:00:00,2024-12-24,20,12,December,Tuesday,7.38,239.5,22.3,Factory Floor,62.73
2024-12-24 21:00:00,2024-12-24,21,12,December,Tuesday,8.85,225.8,19.1,Living Room,75.22
2024-12-24 22:00:00,2024-12-24,22,12,December,Tuesday,9.21,235.9,24.1,AC Unit,78.29
2024-12-24 23:00:00,2024-12-24,23,12,December,Tuesday,2.36,230.6,15.2,Kitchen,20.06
2024-12-25 00:00:00,2024-12-25,0,12,December,Wednesday,0.76,224.3,19.8,Office,6.46
2024-12-25 01:00:00,2024-12-25,1,12,December,Wednesday,0.5,228.4,19.9,Living Room,4.25
2024-12-25 02:00:00,2024-12-25,2,12,December,Wednesday,1.61,231.3,15.5,Living Room,13.69
2024-12-25 03:00:00,2024-12-25,3,12,December,Wednesday,0.5,227.8,14.1,Office,4.25
2024-12-25 04:00:00,2024-12-25,4,12,December,Wednesday,1.16,241.5,23.1,Office,9.86
2024-12-25 05:00:00,2024-12-25,5,12,December,Wednesday,1.13,231.6,19.4,Kitchen,9.6
2024-12-25 06:00:00,2024-12-25,6,12,December,Wednesday,7.14,232.3,23.7,Office,60.69
2024-12-25 07:00:00,2024-12-25,7,12,December,Wednesday,7.74,224.6,22.8,Office,65.79
2024-12-25 08:00:00,2024-12-25,8,12,December,Wednesday,5.31,240.9,24.4,Factory Floor,45.13
2024-12-25 09:00:00,2024-12-25,9,12,December,Wednesday,7.39,226.1,17.7,Office,62.81
2024-12-25 10:00:00,2024-12-25,10,12,December,Wednesday,2.74,224.5,13.9,Living Room,23.29
2024-12-25 11:00:00,2024-12-25,11,12,December,Wednesday,2.58,222.2,12.8,Office,21.93
2024-12-25 12:00:00,2024-12-25,12,12,December,Wednesday,2.97,226.3,18.1,Living Room,25.25
2024-12-25 13:00:00,2024-12-25,13,12,December,Wednesday,2.98,229.8,12.8,Living Room,25.33
2024-12-25 14:00:00,2024-12-25,14,12,December,Wednesday,2.83,231.4,19.9,AC Unit,24.05
2024-12-25 15:00:00,2024-12-25,15,12,December,Wednesday,2.46,218.5,18.5,Factory Floor,20.91
2024-12-25 16:00:00,2024-12-25,16,12,December,Wednesday,2.29,223.0,21.4,AC Unit,19.46
2024-12-25 17:00:00,2024-12-25,17,12,December,Wednesday,2.45,234.5,19.9,Office,20.83
2024-12-25 18:00:00,2024-12-25,18,12,December,Wednesday,6.86,237.7,20.5,AC Unit,58.31
2024-12-25 19:00:00,2024-12-25,19,12,December,Wednesday,9.91,218.6,20.3,AC Unit,84.23
2024-12-25 20:00:00,2024-12-25,20,12,December,Wednesday,8.3,218.3,11.6,Office,70.55
2024-12-25 21:00:00,2024-12-25,21,12,December,Wednesday,7.23,227.1,12.3,Kitchen,61.46
2024-12-25 22:00:00,2024-12-25,22,12,December,Wednesday,7.82,234.4,21.8,Living Room,66.47
2024-12-25 23:00:00,2024-12-25,23,12,December,Wednesday,2.0,241.4,15.2,Office,17.0
2024-12-26 00:00:00,2024-12-26,0,12,December,Thursday,0.7,233.6,23.6,AC Unit,5.95
2024-12-26 01:00:00,2024-12-26,1,12,December,Thursday,1.09,219.2,24.1,Factory Floor,9.27
2024-12-26 02:00:00,2024-12-26,2,12,December,Thursday,1.21,238.1,18.0,Factory Floor,10.29
2024-12-26 03:00:00,2024-12-26,3,12,December,Thursday,1.1,240.9,24.4,Office,9.35
2024-12-26 04:00:00,2024-12-26,4,12,December,Thursday,1.23,234.1,19.0,Office,10.46
2024-12-26 05:00:00,2024-12-26,5,12,December,Thursday,1.69,219.4,20.7,Factory Floor,14.37
2024-12-26 06:00:00,2024-12-26,6,12,December,Thursday,6.39,225.4,21.6,Living Room,54.31
2024-12-26 07:00:00,2024-12-26,7,12,December,Thursday,7.33,239.3,12.0,Kitchen,62.3
2024-12-26 08:00:00,2024-12-26,8,12,December,Thursday,5.49,236.7,18.5,AC Unit,46.66
2024-12-26 09:00:00,2024-12-26,9,12,December,Thursday,6.58,236.7,16.5,Office,55.93
2024-12-26 10:00:00,2024-12-26,10,12,December,Thursday,2.77,236.0,24.0,Factory Floor,23.55
2024-12-26 11:00:00,2024-12-26,11,12,December,Thursday,2.38,241.0,15.4,AC Unit,20.23
2024-12-26 12:00:00,2024-12-26,12,12,December,Thursday,2.35,226.0,16.2,AC Unit,19.98
2024-12-26 13:00:00,2024-12-26,13,12,December,Thursday,2.94,239.0,15.4,Factory Floor,24.99
2024-12-26 14:00:00,2024-12-26,14,12,December,Thursday,2.76,224.4,24.5,Factory Floor,23.46
2024-12-26 15:00:00,2024-12-26,15,12,December,Thursday,2.53,233.8,14.6,Office,21.5
2024-12-26 16:00:00,2024-12-26,16,12,December,Thursday,2.47,223.4,10.8,Kitchen,21.0
2024-12-26 17:00:00,2024-12-26,17,12,December,Thursday,2.34,224.3,19.6,AC Unit,19.89
2024-12-26 18:00:00,2024-12-26,18,12,December,Thursday,9.63,228.7,17.6,Kitchen,81.86
2024-12-26 19:00:00,2024-12-26,19,12,December,Thursday,8.98,241.4,14.3,Factory Floor,76.33
2024-12-26 20:00:00,2024-12-26,20,12,December,Thursday,6.84,234.5,14.7,Living Room,58.14
2024-12-26 21:00:00,2024-12-26,21,12,December,Thursday,8.06,223.1,12.9,Living Room,68.51
2024-12-26 22:00:00,2024-12-26,22,12,December,Thursday,8.62,233.6,22.8,Office,73.27
2024-12-26 23:00:00,2024-12-26,23,12,December,Thursday,2.1,227.5,11.8,Office,17.85
2024-12-27 00:00:00,2024-12-27,0,12,December,Friday,1.21,226.7,19.3,AC Unit,10.29
2024-12-27 01:00:00,2024-12-27,1,12,December,Friday,0.6,231.8,24.1,Kitchen,5.1
2024-12-27 02:00:00,2024-12-27,2,12,December,Friday,1.68,221.6,11.1,Office,14.28
2024-12-27 03:00:00,2024-12-27,3,12,December,Friday,1.5,229.1,11.3,Office,12.75
2024-12-27 04:00:00,2024-12-27,4,12,December,Friday,1.1,234.6,16.6,Factory Floor,9.35
2024-12-27 05:00:00,2024-12-27,5,12,December,Friday,1.52,227.1,22.4,Office,12.92
2024-12-27 06:00:00,2024-12-27,6,12,December,Friday,6.87,232.2,15.0,Kitchen,58.4
2024-12-27 07:00:00,2024-12-27,7,12,December,Friday,7.31,223.4,16.2,AC Unit,62.13
2024-12-27 08:00:00,2024-12-27,8,12,December,Friday,7.41,222.9,19.5,Factory Floor,62.98
2024-12-27 09:00:00,2024-12-27,9,12,December,Friday,7.12,230.8,13.2,Office,60.52
2024-12-27 10:00:00,2024-12-27,10,12,December,Friday,2.42,227.4,21.1,Office,20.57
2024-12-27 11:00:00,2024-12-27,11,12,December,Friday,2.67,237.3,15.7,AC Unit,22.7
2024-12-27 12:00:00,2024-12-27,12,12,December,Friday,2.52,219.3,14.4,Living Room,21.42
2024-12-27 13:00:00,2024-12-27,13,12,December,Friday,2.79,227.9,14.8,Living Room,23.71
2024-12-27 14:00:00,2024-12-27,14,12,December,Friday,2.91,228.7,18.5,Living Room,24.73
2024-12-27 15:00:00,2024-12-27,15,12,December,Friday,2.64,218.7,14.8,Living Room,22.44
2024-12-27 16:00:00,2024-12-27,16,12,December,Friday,2.13,228.1,15.6,Factory Floor,18.11
2024-12-27 17:00:00,2024-12-27,17,12,December,Friday,2.3,221.4,19.4,Office,19.55
2024-12-27 18:00:00,2024-12-27,18,12,December,Friday,9.31,226.1,15.5,Factory Floor,79.14
2024-12-27 19:00:00,2024-12-27,19,12,December,Friday,8.01,231.6,22.6,Kitchen,68.08
2024-12-27 20:00:00,2024-12-27,20,12,December,Friday,7.75,218.8,17.8,Factory Floor,65.88
2024-12-27 21:00:00,2024-12-27,21,12,December,Friday,9.58,230.5,20.3,AC Unit,81.43
2024-12-27 22:00:00,2024-12-27,22,12,December,Friday,8.63,222.1,13.5,AC Unit,73.36
2024-12-27 23:00:00,2024-12-27,23,12,December,Friday,2.33,235.2,13.0,AC Unit,19.8
2024-12-28 00:00:00,2024-12-28,0,12,December,Saturday,0.5,236.0,14.3,AC Unit,4.25
2024-12-28 01:00:00,2024-12-28,1,12,December,Saturday,0.5,220.4,15.7,Kitchen,4.25
2024-12-28 02:00:00,2024-12-28,2,12,December,Saturday,0.65,236.5,15.0,AC Unit,5.53
2024-12-28 03:00:00,2024-12-28,3,12,December,Saturday,0.92,227.9,12.0,Living Room,7.82
2024-12-28 04:00:00,2024-12-28,4,12,December,Saturday,0.95,224.2,23.5,Living Room,8.07
2024-12-28 05:00:00,2024-12-28,5,12,December,Saturday,1.61,219.1,15.7,Factory Floor,13.69
2024-12-28 06:00:00,2024-12-28,6,12,December,Saturday,6.99,224.6,13.1,Factory Floor,59.41
2024-12-28 07:00:00,2024-12-28,7,12,December,Saturday,5.66,241.2,21.2,Kitchen,48.11
2024-12-28 08:00:00,2024-12-28,8,12,December,Saturday,6.1,224.7,20.7,Kitchen,51.85
2024-12-28 09:00:00,2024-12-28,9,12,December,Saturday,7.32,240.6,10.6,Kitchen,62.22
2024-12-28 10:00:00,2024-12-28,10,12,December,Saturday,2.33,220.3,20.8,Living Room,19.8
2024-12-28 11:00:00,2024-12-28,11,12,December,Saturday,2.27,233.4,20.9,AC Unit,19.3
2024-12-28 12:00:00,2024-12-28,12,12,December,Saturday,2.85,220.3,12.0,Kitchen,24.23
2024-12-28 13:00:00,2024-12-28,13,12,December,Saturday,2.67,240.2,15.5,AC Unit,22.7
2024-12-28 14:00:00,2024-12-28,14,12,December,Saturday,2.73,237.1,14.7,AC Unit,23.2
2024-12-28 15:00:00,2024-12-28,15,12,December,Saturday,2.17,219.2,23.3,Kitchen,18.45
2024-12-28 16:00:00,2024-12-28,16,12,December,Saturday,2.82,241.8,15.0,Factory Floor,23.97
2024-12-28 17:00:00,2024-12-28,17,12,December,Saturday,2.15,222.0,10.5,AC Unit,18.27
2024-12-28 18:00:00,2024-12-28,18,12,December,Saturday,10.64,237.3,23.4,Living Room,90.44
2024-12-28 19:00:00,2024-12-28,19,12,December,Saturday,9.95,241.1,24.9,Office,84.57
2024-12-28 20:00:00,2024-12-28,20,12,December,Saturday,6.33,233.7,23.7,Kitchen,53.8
2024-12-28 21:00:00,2024-12-28,21,12,December,Saturday,8.74,222.0,14.0,Office,74.29
2024-12-28 22:00:00,2024-12-28,22,12,December,Saturday,8.72,228.1,21.9,Kitchen,74.12
2024-12-28 23:00:00,2024-12-28,23,12,December,Saturday,2.22,226.8,15.4,Kitchen,18.87
2024-12-29 00:00:00,2024-12-29,0,12,December,Sunday,1.08,219.5,21.6,Office,9.18
2024-12-29 01:00:00,2024-12-29,1,12,December,Sunday,0.95,231.5,16.6,Office,8.07
2024-12-29 02:00:00,2024-12-29,2,12,December,Sunday,0.79,219.0,23.1,AC Unit,6.71
2024-12-29 03:00:00,2024-12-29,3,12,December,Sunday,1.47,237.8,22.6,Office,12.49
2024-12-29 04:00:00,2024-12-29,4,12,December,Sunday,1.62,235.6,11.9,Factory Floor,13.77
2024-12-29 05:00:00,2024-12-29,5,12,December,Sunday,1.67,218.2,13.8,AC Unit,14.2
2024-12-29 06:00:00,2024-12-29,6,12,December,Sunday,5.53,225.6,15.0,Factory Floor,47.01
2024-12-29 07:00:00,2024-12-29,7,12,December,Sunday,6.36,232.3,19.2,Living Room,54.06
2024-12-29 08:00:00,2024-12-29,8,12,December,Sunday,7.26,240.4,23.0,Factory Floor,61.71
2024-12-29 09:00:00,2024-12-29,9,12,December,Sunday,8.34,235.1,12.5,Kitchen,70.89
2024-12-29 10:00:00,2024-12-29,10,12,December,Sunday,2.29,219.0,13.6,Living Room,19.46
2024-12-29 11:00:00,2024-12-29,11,12,December,Sunday,2.4,234.6,18.6,Living Room,20.4
2024-12-29 12:00:00,2024-12-29,12,12,December,Sunday,2.83,238.5,17.0,Living Room,24.05
2024-12-29 13:00:00,2024-12-29,13,12,December,Sunday,2.74,223.9,21.4,AC Unit,23.29
2024-12-29 14:00:00,2024-12-29,14,12,December,Sunday,2.59,236.3,22.0,Living Room,22.02
2024-12-29 15:00:00,2024-12-29,15,12,December,Sunday,2.85,241.6,12.2,Living Room,24.23
2024-12-29 16:00:00,2024-12-29,16,12,December,Sunday,2.98,221.7,16.0,Kitchen,25.33
2024-12-29 17:00:00,2024-12-29,17,12,December,Sunday,2.82,223.2,18.3,Living Room,23.97
2024-12-29 18:00:00,2024-12-29,18,12,December,Sunday,7.79,221.2,14.3,AC Unit,66.22
2024-12-29 19:00:00,2024-12-29,19,12,December,Sunday,7.34,235.7,12.3,AC Unit,62.39
2024-12-29 20:00:00,2024-12-29,20,12,December,Sunday,7.11,234.6,21.6,Living Room,60.44
2024-12-29 21:00:00,2024-12-29,21,12,December,Sunday,6.16,221.1,17.9,Office,52.36
2024-12-29 22:00:00,2024-12-29,22,12,December,Sunday,7.34,221.9,19.9,AC Unit,62.39
2024-12-29 23:00:00,2024-12-29,23,12,December,Sunday,2.06,232.1,17.3,Living Room,17.51
2024-12-30 00:00:00,2024-12-30,0,12,December,Monday,0.52,223.5,12.4,AC Unit,4.42
2024-12-30 01:00:00,2024-12-30,1,12,December,Monday,0.5,240.6,25.0,Kitchen,4.25
2024-12-30 02:00:00,2024-12-30,2,12,December,Monday,1.31,234.7,14.1,Factory Floor,11.13
2024-12-30 03:00:00,2024-12-30,3,12,December,Monday,0.5,239.6,18.1,Office,4.25
2024-12-30 04:00:00,2024-12-30,4,12,December,Monday,0.59,240.4,13.2,Living Room,5.01
2024-12-30 05:00:00,2024-12-30,5,12,December,Monday,0.5,222.5,19.6,Living Room,4.25
2024-12-30 06:00:00,2024-12-30,6,12,December,Monday,7.18,239.5,13.6,Living Room,61.03
2024-12-30 07:00:00,2024-12-30,7,12,December,Monday,6.33,239.8,20.8,AC Unit,53.8
2024-12-30 08:00:00,2024-12-30,8,12,December,Monday,7.11,221.9,11.0,Kitchen,60.44
2024-12-30 09:00:00,2024-12-30,9,12,December,Monday,6.88,225.0,22.2,Office,58.48
2024-12-30 10:00:00,2024-12-30,10,12,December,Monday,2.57,235.0,23.0,Kitchen,21.84
2024-12-30 11:00:00,2024-12-30,11,12,December,Monday,2.54,235.8,20.4,Kitchen,21.59
2024-12-30 12:00:00,2024-12-30,12,12,December,Monday,2.95,221.7,14.2,Kitchen,25.08
2024-12-30 13:00:00,2024-12-30,13,12,December,Monday,2.59,222.0,24.9,Office,22.02
2024-12-30 14:00:00,2024-12-30,14,12,December,Monday,2.85,222.7,20.8,Living Room,24.23
2024-12-30 15:00:00,2024-12-30,15,12,December,Monday,2.2,240.5,14.9,Kitchen,18.7
2024-12-30 16:00:00,2024-12-30,16,12,December,Monday,2.22,232.4,10.4,Kitchen,18.87
2024-12-30 17:00:00,2024-12-30,17,12,December,Monday,2.49,218.7,18.7,AC Unit,21.17
2024-12-30 18:00:00,2024-12-30,18,12,December,Monday,10.5,219.0,20.8,Living Room,89.25
2024-12-30 19:00:00,2024-12-30,19,12,December,Monday,10.29,222.1,15.1,Kitchen,87.46
2024-12-30 20:00:00,2024-12-30,20,12,December,Monday,7.73,224.0,15.5,Factory Floor,65.7
2024-12-30 21:00:00,2024-12-30,21,12,December,Monday,9.22,237.8,18.5,Office,78.37
2024-12-30 22:00:00,2024-12-30,22,12,December,Monday,9.73,234.7,15.2,AC Unit,82.7
2024-12-30 23:00:00,2024-12-30,23,12,December,Monday,2.41,221.8,24.5,Kitchen,20.48
2024-12-31 00:00:00,2024-12-31,0,12,December,Tuesday,1.76,224.7,15.3,Kitchen,14.96
